ISO-10303-21;
HEADER;
FILE_DESCRIPTION(('zoo.dev export'), '2;1');
FILE_NAME('output.step', '2026-10-09T15:25:31.908218054+00:00', (''), (''), 'zoo.dev beta', 'zoo.dev', '');
FILE_SCHEMA(('AP242_MANAGED_MODEL_BASED_3D_ENGINEERING_MIM_LF'));
ENDSEC;
DATA;
#1 = (
  LENGTH_UNIT()
  NAMED_UNIT(*)
  SI_UNIT(.MILLI., .METRE.)
);
#2 = (
  NAMED_UNIT(*)
  PLANE_ANGLE_UNIT()
  SI_UNIT($, .RADIAN.)
);
#3 = UNCERTAINTY_MEASURE_WITH_UNIT(LENGTH_MEASURE(0.01), #1, 'DISTANCE_ACCURACY_VALUE', $);
#4 = (
  GEOMETRIC_REPRESENTATION_CONTEXT(3)
  GLOBAL_UNCERTAINTY_ASSIGNED_CONTEXT((#3))
  GLOBAL_UNIT_ASSIGNED_CONTEXT((#1, #2))
  REPRESENTATION_CONTEXT('3D', '3D context')
);
#5 = CARTESIAN_POINT('', (116., -6.000000000000002, -0.0000000000000002220446049250313));
#6 = VERTEX_POINT('', #5);
#7 = CARTESIAN_POINT('', (111.00000000000001, -11.000000000000002, -0.0000000000000011102230246251565));
#8 = VERTEX_POINT('', #7);
#9 = CARTESIAN_POINT('', (116., 105.00000000000004, -0.000000000000000000000000000003254051234036675));
#10 = VERTEX_POINT('', #9);
#11 = CARTESIAN_POINT('', (111.00000000000003, 110.00000000000003, 0.00000000000000022204460492503136));
#12 = VERTEX_POINT('', #11);
#13 = CARTESIAN_POINT('', (-0.9999999999999991, 110.00000000000003, -0.00000000000000022204460492503915));
#14 = VERTEX_POINT('', #13);
#15 = CARTESIAN_POINT('', (-6.000000000000001, 105., -0.0000000000000002220446049250313));
#16 = VERTEX_POINT('', #15);
#17 = CARTESIAN_POINT('', (-1., -11.000000000000002, 0.));
#18 = VERTEX_POINT('', #17);
#19 = CARTESIAN_POINT('', (-6.000000000000001, -6.000000000000002, -0.0000000000000006661338147750939));
#20 = VERTEX_POINT('', #19);
#21 = CARTESIAN_POINT('', (116., -5.999999999999889, 2.5));
#22 = VERTEX_POINT('', #21);
#23 = CARTESIAN_POINT('', (111.00000000000001, -11.000000000000002, 2.5));
#24 = VERTEX_POINT('', #23);
#25 = CARTESIAN_POINT('', (116., 105.00000000000011, 2.499999999999999));
#26 = VERTEX_POINT('', #25);
#27 = CARTESIAN_POINT('', (111.00000000000003, 110., 2.4999999999999996));
#28 = VERTEX_POINT('', #27);
#29 = CARTESIAN_POINT('', (-1., 110., 2.5));
#30 = VERTEX_POINT('', #29);
#31 = CARTESIAN_POINT('', (-6.000000000000001, 104.99999999999994, 2.4999999999999996));
#32 = VERTEX_POINT('', #31);
#33 = CARTESIAN_POINT('', (-0.9999999999999991, -11.000000000000002, 2.5));
#34 = VERTEX_POINT('', #33);
#35 = CARTESIAN_POINT('', (-6., -6.000000000000028, 2.5));
#36 = VERTEX_POINT('', #35);
#37 = CARTESIAN_POINT('', (112., -5.90000000000023, 2.500000000000001));
#38 = VERTEX_POINT('', #37);
#39 = CARTESIAN_POINT('', (111., -6.900000000000001, 2.499999999999999));
#40 = VERTEX_POINT('', #39);
#41 = CARTESIAN_POINT('', (112., 105.00000000000003, 2.5));
#42 = VERTEX_POINT('', #41);
#43 = CARTESIAN_POINT('', (111.00000000000011, 106., 2.4999999999999982));
#44 = VERTEX_POINT('', #43);
#45 = CARTESIAN_POINT('', (-0.9999999999999996, 106.00000000000001, 2.5));
#46 = VERTEX_POINT('', #45);
#47 = CARTESIAN_POINT('', (-2.000000000000001, 105., 2.5));
#48 = VERTEX_POINT('', #47);
#49 = CARTESIAN_POINT('', (-2.000000000000001, -5.900000000000007, 2.5));
#50 = VERTEX_POINT('', #49);
#51 = CARTESIAN_POINT('', (-0.9999999999999993, -6.9, 2.5));
#52 = VERTEX_POINT('', #51);
#53 = CARTESIAN_POINT('', (111.99999999999997, -5.90000000000023, 8.5));
#54 = VERTEX_POINT('', #53);
#55 = CARTESIAN_POINT('', (111., -6.900000000000002, 8.5));
#56 = VERTEX_POINT('', #55);
#57 = CARTESIAN_POINT('', (112., 105.00000000000003, 8.5));
#58 = VERTEX_POINT('', #57);
#59 = CARTESIAN_POINT('', (111.00000000000011, 106., 8.5));
#60 = VERTEX_POINT('', #59);
#61 = CARTESIAN_POINT('', (-0.9999999999999996, 106.00000000000003, 8.5));
#62 = VERTEX_POINT('', #61);
#63 = CARTESIAN_POINT('', (-2.0000000000000018, 105., 8.500000000000002));
#64 = VERTEX_POINT('', #63);
#65 = CARTESIAN_POINT('', (-2.000000000000001, -5.900000000000007, 8.5));
#66 = VERTEX_POINT('', #65);
#67 = CARTESIAN_POINT('', (-0.9999999999999996, -6.9, 8.5));
#68 = VERTEX_POINT('', #67);
#69 = CARTESIAN_POINT('', (114.5, -6.000000000000232, 6.5));
#70 = VERTEX_POINT('', #69);
#71 = CARTESIAN_POINT('', (110.99999999999999, -9.5, 6.499999999999998));
#72 = VERTEX_POINT('', #71);
#73 = CARTESIAN_POINT('', (114.50000000000001, 105.00000000000011, 6.5));
#74 = VERTEX_POINT('', #73);
#75 = CARTESIAN_POINT('', (111.00000000000001, 108.50000000000003, 6.5));
#76 = VERTEX_POINT('', #75);
#77 = CARTESIAN_POINT('', (-1.0000000000001135, 108.5, 6.5));
#78 = VERTEX_POINT('', #77);
#79 = CARTESIAN_POINT('', (-4.5, 105.00000000000013, 6.5));
#80 = VERTEX_POINT('', #79);
#81 = CARTESIAN_POINT('', (-4.500000000000001, -5.999999999999929, 6.5));
#82 = VERTEX_POINT('', #81);
#83 = CARTESIAN_POINT('', (-1.0000000000000004, -9.500000000000002, 6.5));
#84 = VERTEX_POINT('', #83);
#85 = CARTESIAN_POINT('', (116., 105.00000000000013, 6.5));
#86 = VERTEX_POINT('', #85);
#87 = CARTESIAN_POINT('', (116.00000000000001, -5.999999999999985, 6.5));
#88 = VERTEX_POINT('', #87);
#89 = CARTESIAN_POINT('', (-1.0000000000000424, 110., 6.5));
#90 = VERTEX_POINT('', #89);
#91 = CARTESIAN_POINT('', (110.99999999999999, 110.00000000000001, 6.5));
#92 = VERTEX_POINT('', #91);
#93 = CARTESIAN_POINT('', (-6., -6.000000000000028, 6.5));
#94 = VERTEX_POINT('', #93);
#95 = CARTESIAN_POINT('', (-6., 105., 6.5));
#96 = VERTEX_POINT('', #95);
#97 = CARTESIAN_POINT('', (111.00000000000003, -11., 6.5));
#98 = VERTEX_POINT('', #97);
#99 = CARTESIAN_POINT('', (-1.0000000000000142, -11., 6.5));
#100 = VERTEX_POINT('', #99);
#101 = CARTESIAN_POINT('', (-1., -9.500000000000002, 8.5));
#102 = VERTEX_POINT('', #101);
#103 = CARTESIAN_POINT('', (111., -9.500000000000002, 8.5));
#104 = VERTEX_POINT('', #103);
#105 = CARTESIAN_POINT('', (-4.500000000000002, -5.99999999999993, 8.5));
#106 = VERTEX_POINT('', #105);
#107 = CARTESIAN_POINT('', (-4.500000000000002, 105.00000000000003, 8.5));
#108 = VERTEX_POINT('', #107);
#109 = CARTESIAN_POINT('', (-1.000000000000002, 108.5, 8.5));
#110 = VERTEX_POINT('', #109);
#111 = CARTESIAN_POINT('', (111., 108.5, 8.5));
#112 = VERTEX_POINT('', #111);
#113 = CARTESIAN_POINT('', (114.5, 104.99999999999983, 8.5));
#114 = VERTEX_POINT('', #113);
#115 = CARTESIAN_POINT('', (114.50000000000003, -6.000000000000229, 8.5));
#116 = VERTEX_POINT('', #115);
#117 = CARTESIAN_POINT('', (110.75, 3.2499999999999987, 2.5));
#118 = VERTEX_POINT('', #117);
#119 = CARTESIAN_POINT('', (110.75, 76.75, 2.5));
#120 = VERTEX_POINT('', #119);
#121 = CARTESIAN_POINT('', (110.75, 76.75, 7.5));
#122 = VERTEX_POINT('', #121);
#123 = CARTESIAN_POINT('', (110.75, 3.2499999999999987, 7.5));
#124 = VERTEX_POINT('', #123);
#125 = CARTESIAN_POINT('', (-0.7500000000000009, 76.75, 2.5));
#126 = VERTEX_POINT('', #125);
#127 = CARTESIAN_POINT('', (-0.7500000000000009, 76.75, 7.5));
#128 = VERTEX_POINT('', #127);
#129 = CARTESIAN_POINT('', (-0.7500000000000007, 3.249999999999999, 2.5));
#130 = VERTEX_POINT('', #129);
#131 = CARTESIAN_POINT('', (-0.7500000000000007, 3.249999999999999, 7.5));
#132 = VERTEX_POINT('', #131);
#133 = CARTESIAN_POINT('', (108.25, 5.749999999999999, 4.3));
#134 = VERTEX_POINT('', #133);
#135 = CARTESIAN_POINT('', (108.25, 74.25, 4.3));
#136 = VERTEX_POINT('', #135);
#137 = CARTESIAN_POINT('', (1.7499999999999991, 74.25, 4.3));
#138 = VERTEX_POINT('', #137);
#139 = CARTESIAN_POINT('', (1.7499999999999993, 5.749999999999999, 4.3));
#140 = VERTEX_POINT('', #139);
#141 = CARTESIAN_POINT('', (108.25, 5.75, 7.5));
#142 = VERTEX_POINT('', #141);
#143 = CARTESIAN_POINT('', (108.25, 74.25, 7.5));
#144 = VERTEX_POINT('', #143);
#145 = CARTESIAN_POINT('', (1.75, 74.25, 7.5));
#146 = VERTEX_POINT('', #145);
#147 = CARTESIAN_POINT('', (1.7499999999999996, 5.75, 7.5));
#148 = VERTEX_POINT('', #147);
#149 = CARTESIAN_POINT('', (43.75, 79.25, 2.5));
#150 = VERTEX_POINT('', #149);
#151 = CARTESIAN_POINT('', (43.75, 92.75, 2.5));
#152 = VERTEX_POINT('', #151);
#153 = CARTESIAN_POINT('', (43.75, 92.75, 6.));
#154 = VERTEX_POINT('', #153);
#155 = CARTESIAN_POINT('', (43.75, 79.25, 6.));
#156 = VERTEX_POINT('', #155);
#157 = CARTESIAN_POINT('', (30.25, 92.75, 2.5));
#158 = VERTEX_POINT('', #157);
#159 = CARTESIAN_POINT('', (30.25, 92.75, 6.));
#160 = VERTEX_POINT('', #159);
#161 = CARTESIAN_POINT('', (30.25, 79.25, 2.5));
#162 = VERTEX_POINT('', #161);
#163 = CARTESIAN_POINT('', (30.25, 79.25, 6.));
#164 = VERTEX_POINT('', #163);
#165 = CARTESIAN_POINT('', (78.749999988, 81.250000004, 2.5));
#166 = VERTEX_POINT('', #165);
#167 = CARTESIAN_POINT('', (78.7499999805, 90.750000008, 2.5));
#168 = VERTEX_POINT('', #167);
#169 = CARTESIAN_POINT('', (78.7499999805, 90.750000008, 6.));
#170 = VERTEX_POINT('', #169);
#171 = CARTESIAN_POINT('', (78.749999988, 81.250000004, 6.));
#172 = VERTEX_POINT('', #171);
#173 = CARTESIAN_POINT('', (67.249999994, 90.7500000105, 2.5));
#174 = VERTEX_POINT('', #173);
#175 = CARTESIAN_POINT('', (67.249999994, 90.7500000105, 6.));
#176 = VERTEX_POINT('', #175);
#177 = CARTESIAN_POINT('', (67.249999994, 81.250000002, 2.5));
#178 = VERTEX_POINT('', #177);
#179 = CARTESIAN_POINT('', (67.249999994, 81.250000002, 6.));
#180 = VERTEX_POINT('', #179);
#181 = CARTESIAN_POINT('', (10.5000000025, -2.5, 2.5));
#182 = VERTEX_POINT('', #181);
#183 = CARTESIAN_POINT('', (10.5000000025, -2.5, 8.5));
#184 = VERTEX_POINT('', #183);
#185 = CARTESIAN_POINT('', (1.4999999995, -2.4999999999999996, 2.5));
#186 = VERTEX_POINT('', #185);
#187 = CARTESIAN_POINT('', (1.4999999995, -2.4999999999999996, 8.5));
#188 = VERTEX_POINT('', #187);
#189 = CARTESIAN_POINT('', (6.943398119920763, -6.900000000000001, 2.5));
#190 = VERTEX_POINT('', #189);
#191 = CARTESIAN_POINT('', (5.056601882079232, -6.900000000000001, 2.5));
#192 = VERTEX_POINT('', #191);
#193 = CARTESIAN_POINT('', (6.943398119920757, -6.900000000000002, 8.5));
#194 = VERTEX_POINT('', #193);
#195 = CARTESIAN_POINT('', (5.056601882079246, -6.900000000000002, 8.5));
#196 = VERTEX_POINT('', #195);
#197 = CARTESIAN_POINT('', (108.5000000025, -2.5, 2.5));
#198 = VERTEX_POINT('', #197);
#199 = CARTESIAN_POINT('', (108.5000000025, -2.5, 8.5));
#200 = VERTEX_POINT('', #199);
#201 = CARTESIAN_POINT('', (99.4999999995, -2.4999999999999996, 2.5));
#202 = VERTEX_POINT('', #201);
#203 = CARTESIAN_POINT('', (99.4999999995, -2.4999999999999996, 8.5));
#204 = VERTEX_POINT('', #203);
#205 = CARTESIAN_POINT('', (103.05660188221479, -6.900000000337788, 2.5));
#206 = VERTEX_POINT('', #205);
#207 = CARTESIAN_POINT('', (104.94339811981175, -6.900000000332098, 2.5));
#208 = VERTEX_POINT('', #207);
#209 = CARTESIAN_POINT('', (104.94339811989695, -6.900000000313834, 8.500000000000002));
#210 = VERTEX_POINT('', #209);
#211 = CARTESIAN_POINT('', (103.05660188210307, -6.900000000313832, 8.499999999999998));
#212 = VERTEX_POINT('', #211);
#213 = CARTESIAN_POINT('', (10.5000000025, 101., 8.5));
#214 = VERTEX_POINT('', #213);
#215 = CARTESIAN_POINT('', (1.4999999995, 101., 8.5));
#216 = VERTEX_POINT('', #215);
#217 = CARTESIAN_POINT('', (10.500000002499998, 101., 2.5));
#218 = VERTEX_POINT('', #217);
#219 = CARTESIAN_POINT('', (1.4999999995, 101., 2.5));
#220 = VERTEX_POINT('', #219);
#221 = CARTESIAN_POINT('', (5.9999999491196, 96.49999999849943, 2.4999999999999996));
#222 = VERTEX_POINT('', #221);
#223 = CARTESIAN_POINT('', (6.000000058056833, 105.50000000150072, 2.5));
#224 = VERTEX_POINT('', #223);
#225 = CARTESIAN_POINT('', (108.5000000025, 101., 8.5));
#226 = VERTEX_POINT('', #225);
#227 = CARTESIAN_POINT('', (99.4999999995, 101., 8.5));
#228 = VERTEX_POINT('', #227);
#229 = CARTESIAN_POINT('', (108.5000000025, 101., 2.5));
#230 = VERTEX_POINT('', #229);
#231 = CARTESIAN_POINT('', (99.4999999995, 101., 2.5));
#232 = VERTEX_POINT('', #231);
#233 = CARTESIAN_POINT('', (103.99999995391552, 96.49999999849958, 2.4999999999999987));
#234 = VERTEX_POINT('', #233);
#235 = CARTESIAN_POINT('', (104.00000005437023, 105.50000000150057, 2.5));
#236 = VERTEX_POINT('', #235);
#237 = CARTESIAN_POINT('', (103., 12.5, 0.));
#238 = VERTEX_POINT('', #237);
#239 = CARTESIAN_POINT('', (103., 67.5, 0.));
#240 = VERTEX_POINT('', #239);
#241 = CARTESIAN_POINT('', (7., 67.5, 0.));
#242 = VERTEX_POINT('', #241);
#243 = CARTESIAN_POINT('', (6.999999999999999, 12.5, 0.));
#244 = VERTEX_POINT('', #243);
#245 = CARTESIAN_POINT('', (103., 12.5, 4.3));
#246 = VERTEX_POINT('', #245);
#247 = CARTESIAN_POINT('', (103., 67.5, 4.3));
#248 = VERTEX_POINT('', #247);
#249 = CARTESIAN_POINT('', (7., 67.5, 4.3));
#250 = VERTEX_POINT('', #249);
#251 = CARTESIAN_POINT('', (6.999999999999999, 12.5, 4.3));
#252 = VERTEX_POINT('', #251);
#253 = CARTESIAN_POINT('', (41.25000000375, 86., 0.00000000000000005551115123125783));
#254 = VERTEX_POINT('', #253);
#255 = CARTESIAN_POINT('', (32.74999999925001, 86., 0.00000000000000008326672684688674));
#256 = VERTEX_POINT('', #255);
#257 = CARTESIAN_POINT('', (41.25000000375, 86., 6.));
#258 = VERTEX_POINT('', #257);
#259 = CARTESIAN_POINT('', (32.74999999925, 86., 6.));
#260 = VERTEX_POINT('', #259);
#261 = CARTESIAN_POINT('', (36.99999998677722, 81.74999999774995, -0.00000000000000001066751307966234));
#262 = VERTEX_POINT('', #261);
#263 = CARTESIAN_POINT('', (37.00000002464738, 90.25000000225, 0.000000000000000028037959853141475));
#264 = VERTEX_POINT('', #263);
#265 = CARTESIAN_POINT('', (36.99999997580731, 81.74999999774947, 6.));
#266 = VERTEX_POINT('', #265);
#267 = CARTESIAN_POINT('', (37.00000002719269, 90.25000000225052, 5.999999999999999));
#268 = VERTEX_POINT('', #267);
#269 = CARTESIAN_POINT('', (76.25, 83.75, 0.));
#270 = VERTEX_POINT('', #269);
#271 = CARTESIAN_POINT('', (76.25, 88.25, 0.));
#272 = VERTEX_POINT('', #271);
#273 = CARTESIAN_POINT('', (69.75, 88.25, 0.));
#274 = VERTEX_POINT('', #273);
#275 = CARTESIAN_POINT('', (69.75, 83.75, 0.));
#276 = VERTEX_POINT('', #275);
#277 = CARTESIAN_POINT('', (76.25, 83.75, 6.));
#278 = VERTEX_POINT('', #277);
#279 = CARTESIAN_POINT('', (76.25, 88.25, 6.));
#280 = VERTEX_POINT('', #279);
#281 = CARTESIAN_POINT('', (69.75, 88.25, 6.));
#282 = VERTEX_POINT('', #281);
#283 = CARTESIAN_POINT('', (69.75, 83.75, 6.));
#284 = VERTEX_POINT('', #283);
#285 = CARTESIAN_POINT('', (24.25000001875, 1.7500000000000009, 0.0000000000000013877787807814457));
#286 = VERTEX_POINT('', #285);
#287 = CARTESIAN_POINT('', (21.749999996249997, 1.7499999999999991, -0.000000000000002442490654175344));
#288 = VERTEX_POINT('', #287);
#289 = CARTESIAN_POINT('', (24.25000001875, 1.7499999999999973, 2.5));
#290 = VERTEX_POINT('', #289);
#291 = CARTESIAN_POINT('', (21.749999996250004, 1.7499999999999967, 2.4999999999999996));
#292 = VERTEX_POINT('', #291);
#293 = CARTESIAN_POINT('', (22.99999999889904, 0.4999999887499984, -0.00000000000000000038096506747406648));
#294 = VERTEX_POINT('', #293);
#295 = CARTESIAN_POINT('', (23.00000001774009, 3.0000000112500156, -0.0000000000000000035160215636310166));
#296 = VERTEX_POINT('', #295);
#297 = CARTESIAN_POINT('', (22.99999999839498, 0.49999998874999607, 2.5));
#298 = VERTEX_POINT('', #297);
#299 = CARTESIAN_POINT('', (23.00000001365071, 3.0000000112500054, 2.4999999999999996));
#300 = VERTEX_POINT('', #299);
#301 = CARTESIAN_POINT('', (79., -7., 0.));
#302 = VERTEX_POINT('', #301);
#303 = CARTESIAN_POINT('', (79., 3., 0.));
#304 = VERTEX_POINT('', #303);
#305 = CARTESIAN_POINT('', (77., 3., 0.));
#306 = VERTEX_POINT('', #305);
#307 = CARTESIAN_POINT('', (77., -7., 0.));
#308 = VERTEX_POINT('', #307);
#309 = CARTESIAN_POINT('', (79., -6.900000030099229, 2.5));
#310 = VERTEX_POINT('', #309);
#311 = CARTESIAN_POINT('', (79., 3., 2.5));
#312 = VERTEX_POINT('', #311);
#313 = CARTESIAN_POINT('', (77., 3., 2.5));
#314 = VERTEX_POINT('', #313);
#315 = CARTESIAN_POINT('', (77., -6.900000030099229, 2.5));
#316 = VERTEX_POINT('', #315);
#317 = CARTESIAN_POINT('', (79., -7., 8.5));
#318 = VERTEX_POINT('', #317);
#319 = CARTESIAN_POINT('', (79., -6.900000000235284, 8.5));
#320 = VERTEX_POINT('', #319);
#321 = CARTESIAN_POINT('', (77., -6.900000000228753, 8.5));
#322 = VERTEX_POINT('', #321);
#323 = CARTESIAN_POINT('', (77., -7., 8.5));
#324 = VERTEX_POINT('', #323);
#325 = CARTESIAN_POINT('', (83.5, -7., 0.));
#326 = VERTEX_POINT('', #325);
#327 = CARTESIAN_POINT('', (83.5, 3., 0.));
#328 = VERTEX_POINT('', #327);
#329 = CARTESIAN_POINT('', (81.5, 3., 0.));
#330 = VERTEX_POINT('', #329);
#331 = CARTESIAN_POINT('', (81.5, -7., 0.));
#332 = VERTEX_POINT('', #331);
#333 = CARTESIAN_POINT('', (83.5, -6.900000030099229, 2.5));
#334 = VERTEX_POINT('', #333);
#335 = CARTESIAN_POINT('', (83.5, 3., 2.5));
#336 = VERTEX_POINT('', #335);
#337 = CARTESIAN_POINT('', (81.5, 3., 2.5));
#338 = VERTEX_POINT('', #337);
#339 = CARTESIAN_POINT('', (81.5, -6.900000030099229, 2.5));
#340 = VERTEX_POINT('', #339);
#341 = CARTESIAN_POINT('', (83.5, -7., 8.5));
#342 = VERTEX_POINT('', #341);
#343 = CARTESIAN_POINT('', (83.5, -6.900000000249976, 8.5));
#344 = VERTEX_POINT('', #343);
#345 = CARTESIAN_POINT('', (81.5, -6.9000000002434465, 8.5));
#346 = VERTEX_POINT('', #345);
#347 = CARTESIAN_POINT('', (81.5, -7., 8.5));
#348 = VERTEX_POINT('', #347);
#349 = CARTESIAN_POINT('', (88., -7., 0.));
#350 = VERTEX_POINT('', #349);
#351 = CARTESIAN_POINT('', (88., 3., 0.));
#352 = VERTEX_POINT('', #351);
#353 = CARTESIAN_POINT('', (86., 3., 0.));
#354 = VERTEX_POINT('', #353);
#355 = CARTESIAN_POINT('', (86., -7., 0.));
#356 = VERTEX_POINT('', #355);
#357 = CARTESIAN_POINT('', (88., -6.900000030099229, 2.5));
#358 = VERTEX_POINT('', #357);
#359 = CARTESIAN_POINT('', (88., 3., 2.5));
#360 = VERTEX_POINT('', #359);
#361 = CARTESIAN_POINT('', (86., 3., 2.5));
#362 = VERTEX_POINT('', #361);
#363 = CARTESIAN_POINT('', (86., -6.900000030099229, 2.5));
#364 = VERTEX_POINT('', #363);
#365 = CARTESIAN_POINT('', (88., -7., 8.5));
#366 = VERTEX_POINT('', #365);
#367 = CARTESIAN_POINT('', (88., -6.90000000026467, 8.5));
#368 = VERTEX_POINT('', #367);
#369 = CARTESIAN_POINT('', (86., -6.90000000025814, 8.5));
#370 = VERTEX_POINT('', #369);
#371 = CARTESIAN_POINT('', (86., -7., 8.5));
#372 = VERTEX_POINT('', #371);
#373 = CARTESIAN_POINT('', (92.5, -7., 0.));
#374 = VERTEX_POINT('', #373);
#375 = CARTESIAN_POINT('', (92.5, 3., 0.));
#376 = VERTEX_POINT('', #375);
#377 = CARTESIAN_POINT('', (90.5, 3., 0.));
#378 = VERTEX_POINT('', #377);
#379 = CARTESIAN_POINT('', (90.5, -7., 0.));
#380 = VERTEX_POINT('', #379);
#381 = CARTESIAN_POINT('', (92.5, -6.900000030099229, 2.5));
#382 = VERTEX_POINT('', #381);
#383 = CARTESIAN_POINT('', (92.5, 3., 2.5));
#384 = VERTEX_POINT('', #383);
#385 = CARTESIAN_POINT('', (90.5, 3., 2.5));
#386 = VERTEX_POINT('', #385);
#387 = CARTESIAN_POINT('', (90.5, -6.900000030099229, 2.5));
#388 = VERTEX_POINT('', #387);
#389 = CARTESIAN_POINT('', (92.5, -7., 8.5));
#390 = VERTEX_POINT('', #389);
#391 = CARTESIAN_POINT('', (92.5, -6.900000000279364, 8.5));
#392 = VERTEX_POINT('', #391);
#393 = CARTESIAN_POINT('', (90.5, -6.900000000272833, 8.5));
#394 = VERTEX_POINT('', #393);
#395 = CARTESIAN_POINT('', (90.5, -7., 8.5));
#396 = VERTEX_POINT('', #395);
#397 = CARTESIAN_POINT('', (97., -7., 0.));
#398 = VERTEX_POINT('', #397);
#399 = CARTESIAN_POINT('', (97., 3., 0.));
#400 = VERTEX_POINT('', #399);
#401 = CARTESIAN_POINT('', (95., 3., 0.));
#402 = VERTEX_POINT('', #401);
#403 = CARTESIAN_POINT('', (95., -7., 0.));
#404 = VERTEX_POINT('', #403);
#405 = CARTESIAN_POINT('', (97., -6.900000030099229, 2.5));
#406 = VERTEX_POINT('', #405);
#407 = CARTESIAN_POINT('', (97., 3., 2.5));
#408 = VERTEX_POINT('', #407);
#409 = CARTESIAN_POINT('', (95., 3., 2.5));
#410 = VERTEX_POINT('', #409);
#411 = CARTESIAN_POINT('', (95., -6.900000030099229, 2.5));
#412 = VERTEX_POINT('', #411);
#413 = CARTESIAN_POINT('', (97., -7., 8.5));
#414 = VERTEX_POINT('', #413);
#415 = CARTESIAN_POINT('', (97., -6.900000000294058, 8.5));
#416 = VERTEX_POINT('', #415);
#417 = CARTESIAN_POINT('', (95., -6.900000000287529, 8.5));
#418 = VERTEX_POINT('', #417);
#419 = CARTESIAN_POINT('', (95., -7., 8.5));
#420 = VERTEX_POINT('', #419);
#421 = CARTESIAN_POINT('', (8.000000015000001, -2.5, 3.5));
#422 = VERTEX_POINT('', #421);
#423 = CARTESIAN_POINT('', (3.9999999969999998, -2.4999999999999996, 3.5));
#424 = VERTEX_POINT('', #423);
#425 = CARTESIAN_POINT('', (8.000000015, -2.5000000000000018, 8.5));
#426 = VERTEX_POINT('', #425);
#427 = CARTESIAN_POINT('', (3.9999999969999944, -2.5000000000000027, 8.5));
#428 = VERTEX_POINT('', #427);
#429 = CARTESIAN_POINT('', (6.000000028221132, -4.500000009000002, 8.500000000000002));
#430 = VERTEX_POINT('', #429);
#431 = CARTESIAN_POINT('', (5.9999999837788724, -0.49999999100000025, 8.5));
#432 = VERTEX_POINT('', #431);
#433 = CARTESIAN_POINT('', (106.000000015, -2.5, 3.5));
#434 = VERTEX_POINT('', #433);
#435 = CARTESIAN_POINT('', (101.999999997, -2.4999999999999996, 3.5));
#436 = VERTEX_POINT('', #435);
#437 = CARTESIAN_POINT('', (106.00000001499998, -2.500000000000001, 8.499999999999998));
#438 = VERTEX_POINT('', #437);
#439 = CARTESIAN_POINT('', (101.999999997, -2.499999999999999, 8.5));
#440 = VERTEX_POINT('', #439);
#441 = CARTESIAN_POINT('', (104.00000004393138, -4.500000009000979, 8.500000000000002));
#442 = VERTEX_POINT('', #441);
#443 = CARTESIAN_POINT('', (103.99999998377886, -0.49999999100000114, 8.5));
#444 = VERTEX_POINT('', #443);
#445 = CARTESIAN_POINT('', (8.000000015000001, 101., 3.5));
#446 = VERTEX_POINT('', #445);
#447 = CARTESIAN_POINT('', (3.9999999969999998, 101., 3.5));
#448 = VERTEX_POINT('', #447);
#449 = CARTESIAN_POINT('', (8.000000015000001, 101., 8.5));
#450 = VERTEX_POINT('', #449);
#451 = CARTESIAN_POINT('', (3.9999999969999998, 101., 8.5));
#452 = VERTEX_POINT('', #451);
#453 = CARTESIAN_POINT('', (6.000000010205999, 98.99999999099998, 8.500000000000002));
#454 = VERTEX_POINT('', #453);
#455 = CARTESIAN_POINT('', (6.000000001794002, 103.00000000899999, 8.5));
#456 = VERTEX_POINT('', #455);
#457 = CARTESIAN_POINT('', (106.000000015, 101., 3.5));
#458 = VERTEX_POINT('', #457);
#459 = CARTESIAN_POINT('', (101.999999997, 101., 3.5));
#460 = VERTEX_POINT('', #459);
#461 = CARTESIAN_POINT('', (106.00000001500001, 101., 8.5));
#462 = VERTEX_POINT('', #461);
#463 = CARTESIAN_POINT('', (101.999999997, 101., 8.5));
#464 = VERTEX_POINT('', #463);
#465 = CARTESIAN_POINT('', (104.00000001020598, 98.999999991, 8.5));
#466 = VERTEX_POINT('', #465);
#467 = CARTESIAN_POINT('', (104.00000000179398, 103.00000000899999, 8.499999999999995));
#468 = VERTEX_POINT('', #467);
#469 = CARTESIAN_POINT('', (-0.7500000000000008, 19., 7.5));
#470 = VERTEX_POINT('', #469);
#471 = CARTESIAN_POINT('', (-0.7500000000000008, 19., 4.4));
#472 = VERTEX_POINT('', #471);
#473 = CARTESIAN_POINT('', (-0.7500000000000007, 9., 4.4));
#474 = VERTEX_POINT('', #473);
#475 = CARTESIAN_POINT('', (-0.7500000000000007, 9., 7.5));
#476 = VERTEX_POINT('', #475);
#477 = CARTESIAN_POINT('', (1.7499999999999993, 19., 7.5));
#478 = VERTEX_POINT('', #477);
#479 = CARTESIAN_POINT('', (1.7499999999999991, 9., 7.5));
#480 = VERTEX_POINT('', #479);
#481 = CARTESIAN_POINT('', (1.7499999999999996, 19., 4.4));
#482 = VERTEX_POINT('', #481);
#483 = CARTESIAN_POINT('', (1.7499999999999996, 9., 4.4));
#484 = VERTEX_POINT('', #483);
#485 = CARTESIAN_POINT('', (-0.7500000000000009, 71., 7.5));
#486 = VERTEX_POINT('', #485);
#487 = CARTESIAN_POINT('', (-0.7500000000000009, 71., 4.4));
#488 = VERTEX_POINT('', #487);
#489 = CARTESIAN_POINT('', (-0.7500000000000009, 61., 4.4));
#490 = VERTEX_POINT('', #489);
#491 = CARTESIAN_POINT('', (-0.7500000000000009, 61., 7.5));
#492 = VERTEX_POINT('', #491);
#493 = CARTESIAN_POINT('', (1.7499999999999991, 71., 7.5));
#494 = VERTEX_POINT('', #493);
#495 = CARTESIAN_POINT('', (1.749999999999999, 61., 7.5));
#496 = VERTEX_POINT('', #495);
#497 = CARTESIAN_POINT('', (1.7499999999999993, 71., 4.4));
#498 = VERTEX_POINT('', #497);
#499 = CARTESIAN_POINT('', (1.7499999999999993, 61., 4.4));
#500 = VERTEX_POINT('', #499);
#501 = CARTESIAN_POINT('', (110.75, 19., 4.4));
#502 = VERTEX_POINT('', #501);
#503 = CARTESIAN_POINT('', (110.75, 19., 7.5));
#504 = VERTEX_POINT('', #503);
#505 = CARTESIAN_POINT('', (110.75, 9., 7.5));
#506 = VERTEX_POINT('', #505);
#507 = CARTESIAN_POINT('', (110.75, 9., 4.4));
#508 = VERTEX_POINT('', #507);
#509 = CARTESIAN_POINT('', (108.25, 19., 7.5));
#510 = VERTEX_POINT('', #509);
#511 = CARTESIAN_POINT('', (108.25, 9., 7.5));
#512 = VERTEX_POINT('', #511);
#513 = CARTESIAN_POINT('', (108.25, 19., 4.4));
#514 = VERTEX_POINT('', #513);
#515 = CARTESIAN_POINT('', (108.25, 9., 4.4));
#516 = VERTEX_POINT('', #515);
#517 = CARTESIAN_POINT('', (110.75, 71., 4.4));
#518 = VERTEX_POINT('', #517);
#519 = CARTESIAN_POINT('', (110.75, 71., 7.5));
#520 = VERTEX_POINT('', #519);
#521 = CARTESIAN_POINT('', (110.75, 61., 7.5));
#522 = VERTEX_POINT('', #521);
#523 = CARTESIAN_POINT('', (110.75, 61., 4.4));
#524 = VERTEX_POINT('', #523);
#525 = CARTESIAN_POINT('', (108.25, 71., 4.4));
#526 = VERTEX_POINT('', #525);
#527 = CARTESIAN_POINT('', (108.25, 71., 7.500000000000002));
#528 = VERTEX_POINT('', #527);
#529 = CARTESIAN_POINT('', (108.25, 61., 7.500000000000002));
#530 = VERTEX_POINT('', #529);
#531 = CARTESIAN_POINT('', (108.25, 61., 4.4));
#532 = VERTEX_POINT('', #531);
#533 = CARTESIAN_POINT('', (1.85, 10., 4.3));
#534 = VERTEX_POINT('', #533);
#535 = CARTESIAN_POINT('', (1.85, 18., 4.3));
#536 = VERTEX_POINT('', #535);
#537 = CARTESIAN_POINT('', (1.85, 18., 8.1));
#538 = VERTEX_POINT('', #537);
#539 = CARTESIAN_POINT('', (1.85, 10., 8.1));
#540 = VERTEX_POINT('', #539);
#541 = CARTESIAN_POINT('', (0.8500000000000001, 18., 8.1));
#542 = VERTEX_POINT('', #541);
#543 = CARTESIAN_POINT('', (0.8500000000000001, 10., 8.1));
#544 = VERTEX_POINT('', #543);
#545 = CARTESIAN_POINT('', (1.7499999999999996, 18., 4.4));
#546 = VERTEX_POINT('', #545);
#547 = CARTESIAN_POINT('', (1.7499999999999996, 18., 4.3));
#548 = VERTEX_POINT('', #547);
#549 = CARTESIAN_POINT('', (1.7499999999999996, 10., 4.3));
#550 = VERTEX_POINT('', #549);
#551 = CARTESIAN_POINT('', (1.7499999999999996, 10., 4.4));
#552 = VERTEX_POINT('', #551);
#553 = CARTESIAN_POINT('', (0.8499999999999996, 18., 4.4));
#554 = VERTEX_POINT('', #553);
#555 = CARTESIAN_POINT('', (0.8500000000000001, 10., 4.4));
#556 = VERTEX_POINT('', #555);
#557 = CARTESIAN_POINT('', (1.85, 62., 4.3));
#558 = VERTEX_POINT('', #557);
#559 = CARTESIAN_POINT('', (1.85, 70., 4.3));
#560 = VERTEX_POINT('', #559);
#561 = CARTESIAN_POINT('', (1.85, 70., 8.1));
#562 = VERTEX_POINT('', #561);
#563 = CARTESIAN_POINT('', (1.85, 62., 8.1));
#564 = VERTEX_POINT('', #563);
#565 = CARTESIAN_POINT('', (0.8500000000000001, 70., 8.1));
#566 = VERTEX_POINT('', #565);
#567 = CARTESIAN_POINT('', (0.8500000000000001, 62., 8.1));
#568 = VERTEX_POINT('', #567);
#569 = CARTESIAN_POINT('', (1.7499999999999991, 70., 4.4));
#570 = VERTEX_POINT('', #569);
#571 = CARTESIAN_POINT('', (1.7499999999999991, 70., 4.3));
#572 = VERTEX_POINT('', #571);
#573 = CARTESIAN_POINT('', (1.7499999999999991, 62., 4.3));
#574 = VERTEX_POINT('', #573);
#575 = CARTESIAN_POINT('', (1.7499999999999991, 62., 4.4));
#576 = VERTEX_POINT('', #575);
#577 = CARTESIAN_POINT('', (0.8499999999999996, 70., 4.4));
#578 = VERTEX_POINT('', #577);
#579 = CARTESIAN_POINT('', (0.8500000000000001, 62., 4.4));
#580 = VERTEX_POINT('', #579);
#581 = CARTESIAN_POINT('', (109.15, 18., 8.1));
#582 = VERTEX_POINT('', #581);
#583 = CARTESIAN_POINT('', (109.15, 10., 8.1));
#584 = VERTEX_POINT('', #583);
#585 = CARTESIAN_POINT('', (108.15, 18., 4.3));
#586 = VERTEX_POINT('', #585);
#587 = CARTESIAN_POINT('', (108.15, 18., 8.1));
#588 = VERTEX_POINT('', #587);
#589 = CARTESIAN_POINT('', (108.15, 10., 4.3));
#590 = VERTEX_POINT('', #589);
#591 = CARTESIAN_POINT('', (108.15, 10., 8.1));
#592 = VERTEX_POINT('', #591);
#593 = CARTESIAN_POINT('', (108.25, 18., 4.3));
#594 = VERTEX_POINT('', #593);
#595 = CARTESIAN_POINT('', (108.25, 18., 4.4));
#596 = VERTEX_POINT('', #595);
#597 = CARTESIAN_POINT('', (108.25, 10., 4.4));
#598 = VERTEX_POINT('', #597);
#599 = CARTESIAN_POINT('', (108.25, 10., 4.3));
#600 = VERTEX_POINT('', #599);
#601 = CARTESIAN_POINT('', (109.15, 10., 4.4));
#602 = VERTEX_POINT('', #601);
#603 = CARTESIAN_POINT('', (109.15, 18., 4.4));
#604 = VERTEX_POINT('', #603);
#605 = CARTESIAN_POINT('', (109.15, 70., 8.1));
#606 = VERTEX_POINT('', #605);
#607 = CARTESIAN_POINT('', (109.15, 62., 8.1));
#608 = VERTEX_POINT('', #607);
#609 = CARTESIAN_POINT('', (108.15, 70., 4.3));
#610 = VERTEX_POINT('', #609);
#611 = CARTESIAN_POINT('', (108.15, 70., 8.1));
#612 = VERTEX_POINT('', #611);
#613 = CARTESIAN_POINT('', (108.15, 62., 4.3));
#614 = VERTEX_POINT('', #613);
#615 = CARTESIAN_POINT('', (108.15, 62., 8.1));
#616 = VERTEX_POINT('', #615);
#617 = CARTESIAN_POINT('', (108.25, 70., 4.3));
#618 = VERTEX_POINT('', #617);
#619 = CARTESIAN_POINT('', (108.25, 70., 4.4));
#620 = VERTEX_POINT('', #619);
#621 = CARTESIAN_POINT('', (108.25, 62., 4.4));
#622 = VERTEX_POINT('', #621);
#623 = CARTESIAN_POINT('', (108.25, 62., 4.3));
#624 = VERTEX_POINT('', #623);
#625 = CARTESIAN_POINT('', (109.15, 62., 4.4));
#626 = VERTEX_POINT('', #625);
#627 = CARTESIAN_POINT('', (109.15, 70., 4.4));
#628 = VERTEX_POINT('', #627);
#629 = CARTESIAN_POINT('', (2.8500000000000005, 12., 7.3));
#630 = VERTEX_POINT('', #629);
#631 = CARTESIAN_POINT('', (2.8500000000000005, 16., 7.3));
#632 = VERTEX_POINT('', #631);
#633 = CARTESIAN_POINT('', (2.8500000000000005, 16., 8.3));
#634 = VERTEX_POINT('', #633);
#635 = CARTESIAN_POINT('', (2.8500000000000005, 12., 8.3));
#636 = VERTEX_POINT('', #635);
#637 = CARTESIAN_POINT('', (0.8500000000000001, 16., 8.3));
#638 = VERTEX_POINT('', #637);
#639 = CARTESIAN_POINT('', (0.85, 12., 8.3));
#640 = VERTEX_POINT('', #639);
#641 = CARTESIAN_POINT('', (1.85, 16., 7.3));
#642 = VERTEX_POINT('', #641);
#643 = CARTESIAN_POINT('', (1.85, 16., 8.1));
#644 = VERTEX_POINT('', #643);
#645 = CARTESIAN_POINT('', (1.85, 12., 8.1));
#646 = VERTEX_POINT('', #645);
#647 = CARTESIAN_POINT('', (1.85, 12., 7.3));
#648 = VERTEX_POINT('', #647);
#649 = CARTESIAN_POINT('', (0.8500000000000001, 16., 8.1));
#650 = VERTEX_POINT('', #649);
#651 = CARTESIAN_POINT('', (0.8500000000000001, 12.000000000000004, 8.1));
#652 = VERTEX_POINT('', #651);
#653 = CARTESIAN_POINT('', (2.8500000000000005, 64., 7.3));
#654 = VERTEX_POINT('', #653);
#655 = CARTESIAN_POINT('', (2.8500000000000005, 68., 7.3));
#656 = VERTEX_POINT('', #655);
#657 = CARTESIAN_POINT('', (2.8500000000000005, 68., 8.3));
#658 = VERTEX_POINT('', #657);
#659 = CARTESIAN_POINT('', (2.8500000000000005, 64., 8.3));
#660 = VERTEX_POINT('', #659);
#661 = CARTESIAN_POINT('', (0.8500000000000001, 68., 8.3));
#662 = VERTEX_POINT('', #661);
#663 = CARTESIAN_POINT('', (0.85, 64., 8.3));
#664 = VERTEX_POINT('', #663);
#665 = CARTESIAN_POINT('', (1.85, 68., 7.3));
#666 = VERTEX_POINT('', #665);
#667 = CARTESIAN_POINT('', (1.85, 68., 8.1));
#668 = VERTEX_POINT('', #667);
#669 = CARTESIAN_POINT('', (1.85, 64., 8.1));
#670 = VERTEX_POINT('', #669);
#671 = CARTESIAN_POINT('', (1.85, 64., 7.3));
#672 = VERTEX_POINT('', #671);
#673 = CARTESIAN_POINT('', (0.8500000000000001, 68., 8.1));
#674 = VERTEX_POINT('', #673);
#675 = CARTESIAN_POINT('', (0.8500000000000001, 64., 8.1));
#676 = VERTEX_POINT('', #675);
#677 = CARTESIAN_POINT('', (109.15, 16., 8.3));
#678 = VERTEX_POINT('', #677);
#679 = CARTESIAN_POINT('', (109.15, 12., 8.3));
#680 = VERTEX_POINT('', #679);
#681 = CARTESIAN_POINT('', (107.15, 16., 7.3));
#682 = VERTEX_POINT('', #681);
#683 = CARTESIAN_POINT('', (107.15, 16., 8.3));
#684 = VERTEX_POINT('', #683);
#685 = CARTESIAN_POINT('', (107.15, 12., 7.3));
#686 = VERTEX_POINT('', #685);
#687 = CARTESIAN_POINT('', (107.15, 12., 8.3));
#688 = VERTEX_POINT('', #687);
#689 = CARTESIAN_POINT('', (108.15, 16., 8.1));
#690 = VERTEX_POINT('', #689);
#691 = CARTESIAN_POINT('', (108.15, 16., 7.3));
#692 = VERTEX_POINT('', #691);
#693 = CARTESIAN_POINT('', (108.15, 12., 7.3));
#694 = VERTEX_POINT('', #693);
#695 = CARTESIAN_POINT('', (108.15, 12., 8.1));
#696 = VERTEX_POINT('', #695);
#697 = CARTESIAN_POINT('', (109.15, 11.999999999999996, 8.1));
#698 = VERTEX_POINT('', #697);
#699 = CARTESIAN_POINT('', (109.15, 15.999999999999996, 8.1));
#700 = VERTEX_POINT('', #699);
#701 = CARTESIAN_POINT('', (109.15, 68., 8.3));
#702 = VERTEX_POINT('', #701);
#703 = CARTESIAN_POINT('', (109.15, 64., 8.3));
#704 = VERTEX_POINT('', #703);
#705 = CARTESIAN_POINT('', (107.15, 68., 7.3));
#706 = VERTEX_POINT('', #705);
#707 = CARTESIAN_POINT('', (107.15, 68., 8.3));
#708 = VERTEX_POINT('', #707);
#709 = CARTESIAN_POINT('', (107.15, 64., 7.3));
#710 = VERTEX_POINT('', #709);
#711 = CARTESIAN_POINT('', (107.15, 64., 8.3));
#712 = VERTEX_POINT('', #711);
#713 = CARTESIAN_POINT('', (108.15, 68., 8.1));
#714 = VERTEX_POINT('', #713);
#715 = CARTESIAN_POINT('', (108.15, 68., 7.3));
#716 = VERTEX_POINT('', #715);
#717 = CARTESIAN_POINT('', (108.15, 64., 7.3));
#718 = VERTEX_POINT('', #717);
#719 = CARTESIAN_POINT('', (108.15, 64., 8.1));
#720 = VERTEX_POINT('', #719);
#721 = CARTESIAN_POINT('', (109.15, 64., 8.1));
#722 = VERTEX_POINT('', #721);
#723 = CARTESIAN_POINT('', (109.15, 68., 8.1));
#724 = VERTEX_POINT('', #723);
#725 = CARTESIAN_POINT('', (31.25, 87.5, 6.3999999999999995));
#726 = VERTEX_POINT('', #725);
#727 = CARTESIAN_POINT('', (31.25, 84.5, 6.3999999999999995));
#728 = VERTEX_POINT('', #727);
#729 = CARTESIAN_POINT('', (29.65, 87.5, 5.6));
#730 = VERTEX_POINT('', #729);
#731 = CARTESIAN_POINT('', (29.65, 87.5, 6.3999999999999995));
#732 = VERTEX_POINT('', #731);
#733 = CARTESIAN_POINT('', (29.65, 84.5, 5.6));
#734 = VERTEX_POINT('', #733);
#735 = CARTESIAN_POINT('', (29.65, 84.5, 6.3999999999999995));
#736 = VERTEX_POINT('', #735);
#737 = CARTESIAN_POINT('', (30.25, 87.5, 6.));
#738 = VERTEX_POINT('', #737);
#739 = CARTESIAN_POINT('', (30.25, 87.5, 5.6000000000000005));
#740 = VERTEX_POINT('', #739);
#741 = CARTESIAN_POINT('', (30.25, 84.5, 5.6));
#742 = VERTEX_POINT('', #741);
#743 = CARTESIAN_POINT('', (30.25, 84.5, 6.));
#744 = VERTEX_POINT('', #743);
#745 = CARTESIAN_POINT('', (31.25, 84.5, 6.));
#746 = VERTEX_POINT('', #745);
#747 = CARTESIAN_POINT('', (31.25, 87.5, 6.));
#748 = VERTEX_POINT('', #747);
#749 = CARTESIAN_POINT('', (44.35, 84.5, 5.6));
#750 = VERTEX_POINT('', #749);
#751 = CARTESIAN_POINT('', (44.35, 87.5, 5.6));
#752 = VERTEX_POINT('', #751);
#753 = CARTESIAN_POINT('', (44.35, 87.5, 6.3999999999999995));
#754 = VERTEX_POINT('', #753);
#755 = CARTESIAN_POINT('', (44.35, 84.5, 6.3999999999999995));
#756 = VERTEX_POINT('', #755);
#757 = CARTESIAN_POINT('', (42.75, 87.5, 6.3999999999999995));
#758 = VERTEX_POINT('', #757);
#759 = CARTESIAN_POINT('', (42.75, 84.5, 6.3999999999999995));
#760 = VERTEX_POINT('', #759);
#761 = CARTESIAN_POINT('', (43.75, 87.5, 5.6000000000000005));
#762 = VERTEX_POINT('', #761);
#763 = CARTESIAN_POINT('', (43.75, 87.5, 6.));
#764 = VERTEX_POINT('', #763);
#765 = CARTESIAN_POINT('', (43.75, 84.5, 6.));
#766 = VERTEX_POINT('', #765);
#767 = CARTESIAN_POINT('', (43.75, 84.5, 5.6));
#768 = VERTEX_POINT('', #767);
#769 = CARTESIAN_POINT('', (42.74999999999999, 87.5, 6.));
#770 = VERTEX_POINT('', #769);
#771 = CARTESIAN_POINT('', (42.75, 84.5, 6.));
#772 = VERTEX_POINT('', #771);
#773 = DIRECTION('', (1., -0.00000000000011262102361796308, 0.00000000000000037905764168232074));
#774 = DIRECTION('', (0.00000000000000037905764168229806, -0.00000000000000020142195774227158, -1.));
#775 = CARTESIAN_POINT('', (110.99999999999943, -5.999999999999439, -0.0000000000000021173328133368504));
#776 = AXIS2_PLACEMENT_3D('', #775, #774, #773);
#777 = CIRCLE('', #776, 5.000000000000568);
#778 = DIRECTION('', (1., -0.00000000000010000889005822387, -0.0000000000000002664535259100103));
#779 = DIRECTION('', (-0.00000000000000026645352590998885, 0.00000000000000021442523866475107, -1.));
#780 = CARTESIAN_POINT('', (110.99999999999949, -5.999999999999502, 2.5000000000000013));
#781 = AXIS2_PLACEMENT_3D('', #780, #779, #778);
#782 = CIRCLE('', #781, 5.000000000000512);
#783 = DIRECTION('', (0., -0.00000000000000034694469519536137, -1.));
#784 = VECTOR('', #783, 1.);
#785 = CARTESIAN_POINT('', (116., -6.000000000000001, 2.5));
#786 = LINE('', #785, #784);
#787 = DIRECTION('', (0., -0., -1.));
#788 = VECTOR('', #787, 1.);
#789 = CARTESIAN_POINT('', (111.00000000000001, -11.000000000000002, 2.500000000000001));
#790 = LINE('', #789, #788);
#791 = DIRECTION('', (0., 1., 0.));
#792 = VECTOR('', #791, 1.);
#793 = CARTESIAN_POINT('', (116., -6.000000000000005, 0.));
#794 = LINE('', #793, #792);
#795 = DIRECTION('', (1., 0.000000003677709501178938, -0.00000000000000020140323479892972));
#796 = DIRECTION('', (0.00000000000000020140323422155025, 0.00000000000000015699431323654372, 1.));
#797 = CARTESIAN_POINT('', (110.99999998161147, 104.9999999816115, 0.0000000000000010070161776981554));
#798 = AXIS2_PLACEMENT_3D('', #797, #796, #795);
#799 = CIRCLE('', #798, 5.000000018388533);
#800 = DIRECTION('', (1., 0.000000000000031263880373443344, -0.000000000000000177635683940019));
#801 = DIRECTION('', (0.0000000000000001776356839400095, 0.0000000000000003032430806232367, 1.));
#802 = CARTESIAN_POINT('', (110.99999999999983, 104.99999999999987, 2.5000000000000013));
#803 = AXIS2_PLACEMENT_3D('', #802, #801, #800);
#804 = CIRCLE('', #803, 5.0000000000001705);
#805 = DIRECTION('', (0., 0.000000000000005551115123125779, 1.));
#806 = VECTOR('', #805, 1.);
#807 = CARTESIAN_POINT('', (116., 105., 0.));
#808 = LINE('', #807, #806);
#809 = DIRECTION('', (0.000000000000005551115123125784, -0., 1.));
#810 = VECTOR('', #809, 1.);
#811 = CARTESIAN_POINT('', (111., 110.00000000000003, 0.0000000000000006661338147750939));
#812 = LINE('', #811, #810);
#813 = DIRECTION('', (-1., -0., 0.));
#814 = VECTOR('', #813, 1.);
#815 = CARTESIAN_POINT('', (111., 110., 0.));
#816 = LINE('', #815, #814);
#817 = DIRECTION('', (-0.00000000000009765521724601905, 1., 0.0000000000000001386112836027201));
#818 = DIRECTION('', (0.00000000000000013861128360270906, -0.00000000000000013861128360270657, 1.));
#819 = CARTESIAN_POINT('', (-0.9999999999995108, 104.99999999999953, -0.0000000000000009151010229387087));
#820 = AXIS2_PLACEMENT_3D('', #819, #818, #817);
#821 = CIRCLE('', #820, 5.000000000000497);
#822 = DIRECTION('', (-0.00000000000009094947017728455, 1., 0.00000000000000035527136788001777));
#823 = DIRECTION('', (0.0000000000000005176683193210699, -0.0000000000000003552713678799707, 1.));
#824 = CARTESIAN_POINT('', (-0.9999999999995453, 104.99999999999955, 2.4999999999999973));
#825 = AXIS2_PLACEMENT_3D('', #824, #823, #822);
#826 = CIRCLE('', #825, 5.000000000000455);
#827 = DIRECTION('', (0., -0., 1.));
#828 = VECTOR('', #827, 1.);
#829 = CARTESIAN_POINT('', (-1., 110., -0.0000000000000006661338147750939));
#830 = LINE('', #829, #828);
#831 = DIRECTION('', (0., -0., 1.));
#832 = VECTOR('', #831, 1.);
#833 = CARTESIAN_POINT('', (-6.000000000000001, 105., -0.0000000000000008881784197001252));
#834 = LINE('', #833, #832);
#835 = DIRECTION('', (0., -1., 0.));
#836 = VECTOR('', #835, 1.);
#837 = CARTESIAN_POINT('', (-6.000000000000001, 105., 0.));
#838 = LINE('', #837, #836);
#839 = DIRECTION('', (-0.0000000036777419196910063, -1., 0.00000000000000013321156999307337));
#840 = DIRECTION('', (0.000000000000000000015192961889575255, -0.00000000000000013321156999312926, -1.));
#841 = CARTESIAN_POINT('', (-0.9999999816112904, -5.99999998161129, -0.0000000000000006660578524149561));
#842 = AXIS2_PLACEMENT_3D('', #841, #840, #839);
#843 = CIRCLE('', #842, 5.000000018388712);
#844 = DIRECTION('', (-0.00000000000001656452752740706, -1., -0.00000000000000017763568394002207));
#845 = DIRECTION('', (0.00000000000000006280369834160278, 0.00000000000000017763568394002104, -1.));
#846 = CARTESIAN_POINT('', (-0.9999999999999172, -5.999999999999918, 2.500000000000001));
#847 = AXIS2_PLACEMENT_3D('', #846, #845, #844);
#848 = CIRCLE('', #847, 5.0000000000000835);
#849 = DIRECTION('', (0., -0., 1.));
#850 = VECTOR('', #849, 1.);
#851 = CARTESIAN_POINT('', (-6.000000000000001, -6., -0.0000000000000011102230246251565));
#852 = LINE('', #851, #850);
#853 = DIRECTION('', (-0.00000000000000034694469519536137, -0., 1.));
#854 = VECTOR('', #853, 1.);
#855 = CARTESIAN_POINT('', (-1., -11.000000000000002, -0.0000000000000004440892098500626));
#856 = LINE('', #855, #854);
#857 = DIRECTION('', (1., -0., 0.));
#858 = VECTOR('', #857, 1.);
#859 = CARTESIAN_POINT('', (-1.0000000000000053, -11.000000000000002, 0.));
#860 = LINE('', #859, #858);
#861 = DIRECTION('', (-0.000000000000003469446951953614, -0., 1.));
#862 = VECTOR('', #861, 1.);
#863 = CARTESIAN_POINT('', (115.99999999999999, 105.00000000000011, 2.499999999999999));
#864 = LINE('', #863, #862);
#865 = DIRECTION('', (0., -0.0000000000000034694469519536126, 1.));
#866 = VECTOR('', #865, 1.);
#867 = CARTESIAN_POINT('', (111.00000000000003, 110.00000000000001, 2.4999999999999982));
#868 = LINE('', #867, #866);
#869 = DIRECTION('', (0., -0., 1.));
#870 = VECTOR('', #869, 1.);
#871 = CARTESIAN_POINT('', (-1., 110., 2.499999999999999));
#872 = LINE('', #871, #870);
#873 = DIRECTION('', (0., -0., 1.));
#874 = VECTOR('', #873, 1.);
#875 = CARTESIAN_POINT('', (-6.000000000000001, 104.99999999999994, 2.4999999999999996));
#876 = LINE('', #875, #874);
#877 = DIRECTION('', (0., -0.00000000000000021684043449710089, 1.));
#878 = VECTOR('', #877, 1.);
#879 = CARTESIAN_POINT('', (-6.000000000000001, -6.000000000000029, 2.499999999999999));
#880 = LINE('', #879, #878);
#881 = DIRECTION('', (0., -0., 1.));
#882 = VECTOR('', #881, 1.);
#883 = CARTESIAN_POINT('', (-1., -11.000000000000002, 2.5000000000000013));
#884 = LINE('', #883, #882);
#885 = DIRECTION('', (1., -0.0000000000003028688411177212, 0.0000000000000008881784197000621));
#886 = DIRECTION('', (0.0000000000000008881784197003311, 0.0000000000000008881784199213788, -1.));
#887 = CARTESIAN_POINT('', (110.99999999999993, -5.8999999999999275, 2.5));
#888 = AXIS2_PLACEMENT_3D('', #887, #886, #885);
#889 = CIRCLE('', #888, 1.000000000000071);
#890 = DIRECTION('', (0., 1., 0.));
#891 = VECTOR('', #890, 1.);
#892 = CARTESIAN_POINT('', (112., -5.899999999999976, 2.5));
#893 = LINE('', #892, #891);
#894 = DIRECTION('', (1., 0.00000000000005684341886079509, 0.0000000000000022204460492498082));
#895 = DIRECTION('', (-0.0000000000000022204460492497546, -0.0000000000000009420554754974009, 1.));
#896 = CARTESIAN_POINT('', (110.99999999999977, 104.99999999999977, 2.4999999999999973));
#897 = AXIS2_PLACEMENT_3D('', #896, #895, #894);
#898 = CIRCLE('', #897, 1.0000000000002274);
#899 = DIRECTION('', (-1., -0., 0.));
#900 = VECTOR('', #899, 1.);
#901 = CARTESIAN_POINT('', (110.99999999999997, 106.00000000000001, 2.5));
#902 = LINE('', #901, #900);
#903 = DIRECTION('', (-0.000000000000040856207306200535, 1., 0.));
#904 = DIRECTION('', (0., -0., 1.));
#905 = CARTESIAN_POINT('', (-0.9999999999998762, 104.99999999999987, 2.5));
#906 = AXIS2_PLACEMENT_3D('', #905, #904, #903);
#907 = CIRCLE('', #906, 1.000000000000128);
#908 = DIRECTION('', (0., -1., 0.));
#909 = VECTOR('', #908, 1.);
#910 = CARTESIAN_POINT('', (-2.000000000000001, 105.00000000000001, 2.5));
#911 = LINE('', #910, #909);
#912 = DIRECTION('', (-0.0000000000027281510384039485, -1., 0.0000000000000022204460492442507));
#913 = DIRECTION('', (-0.0000000000000021442523866556246, -0.000000000000002220446049238401, -1.));
#914 = CARTESIAN_POINT('', (-0.9999999999972713, -5.89999999999727, 2.499999999999998));
#915 = AXIS2_PLACEMENT_3D('', #914, #913, #912);
#916 = CIRCLE('', #915, 1.0000000000027303);
#917 = DIRECTION('', (1., -0., 0.));
#918 = VECTOR('', #917, 1.);
#919 = CARTESIAN_POINT('', (-1., -6.900000000000001, 2.5));
#920 = LINE('', #919, #918);
#921 = DIRECTION('', (1., -0.0000000000002016165012719313, 0.000000000000005329070518200827));
#922 = DIRECTION('', (0.0000000000000053290705181999625, -0.0000000000000042885047732960385, -1.));
#923 = CARTESIAN_POINT('', (110.99999999999999, -5.900000000000029, 8.499999999999995));
#924 = AXIS2_PLACEMENT_3D('', #923, #922, #921);
#925 = CIRCLE('', #924, 0.9999999999999857);
#926 = DIRECTION('', (0., 1., 0.));
#927 = VECTOR('', #926, 1.);
#928 = CARTESIAN_POINT('', (112., -5.899999999999976, 8.5));
#929 = LINE('', #928, #927);
#930 = DIRECTION('', (1., -0.000000000000227373675443245, -0.000000000000008881784197001757));
#931 = DIRECTION('', (0.000000000000008881784197003707, 0.00000000000000857700954658588, 1.));
#932 = CARTESIAN_POINT('', (111.00000000000006, 105.00000000000006, 8.500000000000009));
#933 = AXIS2_PLACEMENT_3D('', #932, #931, #930);
#934 = CIRCLE('', #933, 0.9999999999999432);
#935 = DIRECTION('', (-1., -0., 0.));
#936 = VECTOR('', #935, 1.);
#937 = CARTESIAN_POINT('', (110.99999999999997, 106.00000000000003, 8.5));
#938 = LINE('', #937, #936);
#939 = DIRECTION('', (-0.0000000000000291988655476383, 1., -0.000000000000003552713678800097));
#940 = DIRECTION('', (-0.000000000000001256073966725846, 0.0000000000000035527136788000604, 1.));
#941 = CARTESIAN_POINT('', (-0.9999999999998864, 104.99999999999991, 8.500000000000004));
#942 = AXIS2_PLACEMENT_3D('', #941, #940, #939);
#943 = CIRCLE('', #942, 1.0000000000001137);
#944 = DIRECTION('', (0., -1., 0.));
#945 = VECTOR('', #944, 1.);
#946 = CARTESIAN_POINT('', (-2.000000000000001, 105.00000000000001, 8.5));
#947 = LINE('', #946, #945);
#948 = DIRECTION('', (-0.000000000000450084414182835, -1., 0.000000000000003552713678798895));
#949 = DIRECTION('', (-0.000000000000004288504773296689, -0.0000000000000035527136787969645, -1.));
#950 = CARTESIAN_POINT('', (-0.9999999999995495, -5.899999999999548, 8.499999999999996));
#951 = AXIS2_PLACEMENT_3D('', #950, #949, #948);
#952 = CIRCLE('', #951, 1.000000000000452);
#953 = DIRECTION('', (1., 0.00000000000000014320930364513846, 0.));
#954 = VECTOR('', #953, 1.);
#955 = CARTESIAN_POINT('', (-1., -6.900000000000002, 8.5));
#956 = LINE('', #955, #954);
#957 = DIRECTION('', (0., 0.0000000000000023129646346357427, 1.));
#958 = VECTOR('', #957, 1.);
#959 = CARTESIAN_POINT('', (112., 104.99999999999983, 2.5));
#960 = LINE('', #959, #958);
#961 = DIRECTION('', (-0.0000000000000023129646346357415, -0., 1.));
#962 = VECTOR('', #961, 1.);
#963 = CARTESIAN_POINT('', (111.00000000000013, 106., 2.499999999999997));
#964 = LINE('', #963, #962);
#965 = DIRECTION('', (0., 0.000000000000004625929269271485, 1.));
#966 = VECTOR('', #965, 1.);
#967 = CARTESIAN_POINT('', (-0.9999999999999154, 106., 2.4999999999999996));
#968 = LINE('', #967, #966);
#969 = DIRECTION('', (0., -0., 1.));
#970 = VECTOR('', #969, 1.);
#971 = CARTESIAN_POINT('', (-2.000000000000001, 105., 2.5));
#972 = LINE('', #971, #970);
#973 = DIRECTION('', (0., -0., 1.));
#974 = VECTOR('', #973, 1.);
#975 = CARTESIAN_POINT('', (-2.0000000000000004, -5.900000000000001, 2.5000000000000013));
#976 = LINE('', #975, #974);
#977 = DIRECTION('', (-0.00000000000000003614007241618348, -0., 1.));
#978 = VECTOR('', #977, 1.);
#979 = CARTESIAN_POINT('', (-1.0000000000000007, -6.900000000000001, 2.5));
#980 = LINE('', #979, #978);
#981 = DIRECTION('', (0.0000000000000023129646346357427, -0., -1.));
#982 = VECTOR('', #981, 1.);
#983 = CARTESIAN_POINT('', (111.99999999999999, -5.9000000000002295, 8.5));
#984 = LINE('', #983, #982);
#985 = DIRECTION('', (0.0000000000000023129646346357427, -0., -1.));
#986 = VECTOR('', #985, 1.);
#987 = CARTESIAN_POINT('', (110.99999999999999, -6.900000000000002, 8.499999999999998));
#988 = LINE('', #987, #986);
#989 = DIRECTION('', (1., -0.00000000000009541573880206788, 0.0000000000000007612957883143714));
#990 = DIRECTION('', (0.0000000000000007612957883143372, -0.0000000000000003588782793550205, -1.));
#991 = CARTESIAN_POINT('', (110.9999999999999, -5.999999999999898, 6.499999999999997));
#992 = AXIS2_PLACEMENT_3D('', #991, #990, #989);
#993 = CIRCLE('', #992, 3.5000000000000995);
#994 = DIRECTION('', (-0.00000000000000012502511538571573, 1., 0.));
#995 = VECTOR('', #994, 1.);
#996 = CARTESIAN_POINT('', (114.50000000000003, -5.999999999999984, 6.5));
#997 = LINE('', #996, #995);
#998 = DIRECTION('', (1., 0.00000000000002030122102171583, -0.0000000000000005075305255428957));
#999 = DIRECTION('', (0.0000000000000005075305255428833, 0.0000000000000006126435390420471, 1.));
#1000 = CARTESIAN_POINT('', (110.99999999999977, 104.99999999999977, 6.500000000000002));
#1001 = AXIS2_PLACEMENT_3D('', #1000, #999, #998);
#1002 = CIRCLE('', #1001, 3.5000000000002274);
#1003 = DIRECTION('', (-1., -0., 0.));
#1004 = VECTOR('', #1003, 1.);
#1005 = CARTESIAN_POINT('', (110.99999999999987, 108.5, 6.5));
#1006 = LINE('', #1005, #1004);
#1007 = DIRECTION('', (-0.000000000000013830206821044638, 1., 0.0000000000000002537652627714613));
#1008 = DIRECTION('', (0.00000000000000043320440244895075, -0.00000000000000025376526277145527, 1.));
#1009 = CARTESIAN_POINT('', (-0.9999999999999504, 104.99999999999996, 6.499999999999998));
#1010 = AXIS2_PLACEMENT_3D('', #1009, #1008, #1007);
#1011 = CIRCLE('', #1010, 3.5000000000000426);
#1012 = DIRECTION('', (-0.000000000000000007814069711607235, -1., 0.));
#1013 = VECTOR('', #1012, 1.);
#1014 = CARTESIAN_POINT('', (-4.5, 105.00000000000014, 6.5));
#1015 = LINE('', #1014, #1013);
#1016 = DIRECTION('', (-0.00000000000002553512956637793, -1., 0.000000000000001015061051085831));
#1017 = DIRECTION('', (-0.0000000000000007920826784379148, -0.0000000000000010150610510858106, -1.));
#1018 = CARTESIAN_POINT('', (-0.9999999999999111, -5.99999999999991, 6.4999999999999964));
#1019 = AXIS2_PLACEMENT_3D('', #1018, #1017, #1016);
#1020 = CIRCLE('', #1019, 3.5000000000000915);
#1021 = DIRECTION('', (1., -0., 0.));
#1022 = VECTOR('', #1021, 1.);
#1023 = CARTESIAN_POINT('', (-1., -9.500000000000002, 6.5));
#1024 = LINE('', #1023, #1022);
#1025 = DIRECTION('', (0., -0.000000000000006938893903907219, 1.));
#1026 = VECTOR('', #1025, 1.);
#1027 = CARTESIAN_POINT('', (114.5, 104.99999999999986, 6.5));
#1028 = LINE('', #1027, #1026);
#1029 = DIRECTION('', (-0.000000000000006938893903907219, -0.000000000000006938893903907219, 1.));
#1030 = VECTOR('', #1029, 1.);
#1031 = CARTESIAN_POINT('', (111.00000000000001, 108.50000000000003, 6.5));
#1032 = LINE('', #1031, #1030);
#1033 = DIRECTION('', (-0.0000000000000002168404344971008, -0., 1.));
#1034 = VECTOR('', #1033, 1.);
#1035 = CARTESIAN_POINT('', (-1.0000000000000004, 108.5, 6.5));
#1036 = LINE('', #1035, #1034);
#1037 = DIRECTION('', (0., -0.00000000000001387778780781445, 1.));
#1038 = VECTOR('', #1037, 1.);
#1039 = CARTESIAN_POINT('', (-4.500000000000001, 105.00000000000013, 6.5));
#1040 = LINE('', #1039, #1038);
#1041 = DIRECTION('', (0., -0.0000000000000004336808689942016, 1.));
#1042 = VECTOR('', #1041, 1.);
#1043 = CARTESIAN_POINT('', (-4.500000000000001, -5.99999999999993, 6.5));
#1044 = LINE('', #1043, #1042);
#1045 = DIRECTION('', (0., -0., 1.));
#1046 = VECTOR('', #1045, 1.);
#1047 = CARTESIAN_POINT('', (-1.0000000000000004, -9.500000000000002, 6.5));
#1048 = LINE('', #1047, #1046);
#1049 = DIRECTION('', (0.00000000000000012502511538571573, -1., 0.));
#1050 = VECTOR('', #1049, 1.);
#1051 = CARTESIAN_POINT('', (116., 105.00000000000013, 6.5));
#1052 = LINE('', #1051, #1050);
#1053 = DIRECTION('', (1., 0.00000000000000012390881971262906, 0.));
#1054 = VECTOR('', #1053, 1.);
#1055 = CARTESIAN_POINT('', (-1.0000000000000424, 110., 6.5));
#1056 = LINE('', #1055, #1054);
#1057 = DIRECTION('', (0., 1., 0.));
#1058 = VECTOR('', #1057, 1.);
#1059 = CARTESIAN_POINT('', (-6., -6.000000000000028, 6.5));
#1060 = LINE('', #1059, #1058);
#1061 = DIRECTION('', (-1., -0., 0.));
#1062 = VECTOR('', #1061, 1.);
#1063 = CARTESIAN_POINT('', (111.00000000000003, -11., 6.5));
#1064 = LINE('', #1063, #1062);
#1065 = DIRECTION('', (1., -0., 0.));
#1066 = VECTOR('', #1065, 1.);
#1067 = CARTESIAN_POINT('', (-1., -9.500000000000002, 8.5));
#1068 = LINE('', #1067, #1066);
#1069 = DIRECTION('', (-0.000000000000006344131569286569, -1., 0.));
#1070 = DIRECTION('', (-0., -0., -1.));
#1071 = CARTESIAN_POINT('', (-0.9999999999999797, -5.999999999999981, 8.5));
#1072 = AXIS2_PLACEMENT_3D('', #1071, #1070, #1069);
#1073 = CIRCLE('', #1072, 3.500000000000022);
#1074 = DIRECTION('', (0., -1., 0.));
#1075 = VECTOR('', #1074, 1.);
#1076 = CARTESIAN_POINT('', (-4.500000000000002, 105.00000000000003, 8.5));
#1077 = LINE('', #1076, #1075);
#1078 = DIRECTION('', (0.000000000000007549516567451094, 1., 0.));
#1079 = DIRECTION('', (0., -0., 1.));
#1080 = CARTESIAN_POINT('', (-1.0000000000000284, 105.00000000000001, 8.5));
#1081 = AXIS2_PLACEMENT_3D('', #1080, #1079, #1078);
#1082 = CIRCLE('', #1081, 3.499999999999986);
#1083 = DIRECTION('', (-1., -0., 0.));
#1084 = VECTOR('', #1083, 1.);
#1085 = CARTESIAN_POINT('', (111., 108.5, 8.5));
#1086 = LINE('', #1085, #1084);
#1087 = DIRECTION('', (1., -0.0000000000000649639072694962, 0.));
#1088 = DIRECTION('', (-0., -0., 1.));
#1089 = CARTESIAN_POINT('', (111.00000000000007, 105.00000000000006, 8.5));
#1090 = AXIS2_PLACEMENT_3D('', #1089, #1088, #1087);
#1091 = CIRCLE('', #1090, 3.499999999999929);
#1092 = DIRECTION('', (1., -0.00000000000007511451778035284, -0.000000000000001015061051085849));
#1093 = DIRECTION('', (-0.000000000000001015061051085757, 0.0000000000000012252870780842134, -1.));
#1094 = CARTESIAN_POINT('', (111., -5.999999999999966, 8.500000000000004));
#1095 = AXIS2_PLACEMENT_3D('', #1094, #1093, #1092);
#1096 = CIRCLE('', #1095, 3.5000000000000284);
#1097 = DIRECTION('', (-0.0000000000000001250251153857157, 1., 0.));
#1098 = VECTOR('', #1097, 1.);
#1099 = CARTESIAN_POINT('', (114.50000000000001, -6.000000000000212, 8.5));
#1100 = LINE('', #1099, #1098);
#1101 = DIRECTION('', (1., -0.00000000000002575717417130239, -0.0000000000000005329070518200494));
#1102 = DIRECTION('', (-0.0000000000000005329070518200383, 0.00000000000000042885047732944415, -1.));
#1103 = CARTESIAN_POINT('', (110.99999999999976, -5.99999999999976, 6.500000000000003));
#1104 = AXIS2_PLACEMENT_3D('', #1103, #1102, #1101);
#1105 = CIRCLE('', #1104, 5.000000000000242);
#1106 = DIRECTION('', (1., 0.00000000000010231815394944542, -0.0000000000000003552713678800188));
#1107 = DIRECTION('', (0.00000000000000035527136788000594, 0.00000000000000012560739482650539, 1.));
#1108 = CARTESIAN_POINT('', (110.99999999999956, 104.9999999999996, 6.5));
#1109 = AXIS2_PLACEMENT_3D('', #1108, #1107, #1106);
#1110 = CIRCLE('', #1109, 5.0000000000004405);
#1111 = DIRECTION('', (-0.00000000000005284661597215475, 1., -0.0000000000000005329070518200479));
#1112 = DIRECTION('', (-0.00000000000000042885047732946407, 0.0000000000000005329070518200252, 1.));
#1113 = CARTESIAN_POINT('', (-0.999999999999737, 104.99999999999974, 6.500000000000003));
#1114 = AXIS2_PLACEMENT_3D('', #1113, #1112, #1111);
#1115 = CIRCLE('', #1114, 5.000000000000256);
#1116 = DIRECTION('', (-0.00000000000006135092434078238, -1., 0.00000000000000035527136788002827));
#1117 = DIRECTION('', (-0.0000000000000004288504773294636, -0.00000000000000035527136788000194, -1.));
#1118 = CARTESIAN_POINT('', (-0.9999999999996928, -5.999999999999693, 6.499999999999998));
#1119 = AXIS2_PLACEMENT_3D('', #1118, #1117, #1116);
#1120 = CIRCLE('', #1119, 5.000000000000307);
#1121 = DIRECTION('', (0., -0., -1.));
#1122 = VECTOR('', #1121, 1.);
#1123 = CARTESIAN_POINT('', (114.5, -6.000000000000229, 8.5));
#1124 = LINE('', #1123, #1122);
#1125 = DIRECTION('', (0., -0., -1.));
#1126 = VECTOR('', #1125, 1.);
#1127 = CARTESIAN_POINT('', (116., -5.999999999999888, 6.5));
#1128 = LINE('', #1127, #1126);
#1129 = DIRECTION('', (0., -0., -1.));
#1130 = VECTOR('', #1129, 1.);
#1131 = CARTESIAN_POINT('', (111.00000000000003, -11.000000000000002, 6.5));
#1132 = LINE('', #1131, #1130);
#1133 = DIRECTION('', (-0.000000000000006938893903907222, -0., -1.));
#1134 = VECTOR('', #1133, 1.);
#1135 = CARTESIAN_POINT('', (111.00000000000001, -9.500000000000002, 8.5));
#1136 = LINE('', #1135, #1134);
#1137 = DIRECTION('', (0., 1., 0.));
#1138 = VECTOR('', #1137, 1.);
#1139 = CARTESIAN_POINT('', (110.75, 3.2499999999999987, 2.5));
#1140 = LINE('', #1139, #1138);
#1141 = DIRECTION('', (0., -0., 1.));
#1142 = VECTOR('', #1141, 1.);
#1143 = CARTESIAN_POINT('', (110.75, 76.75, 2.5));
#1144 = LINE('', #1143, #1142);
#1145 = DIRECTION('', (0.0000000000000024135283144025147, 1., 0.));
#1146 = VECTOR('', #1145, 1.);
#1147 = CARTESIAN_POINT('', (110.75, 3.2499999999999987, 7.5));
#1148 = LINE('', #1147, #1146);
#1149 = DIRECTION('', (0., -0., 1.));
#1150 = VECTOR('', #1149, 1.);
#1151 = CARTESIAN_POINT('', (110.75, 3.2499999999999987, 2.5));
#1152 = LINE('', #1151, #1150);
#1153 = DIRECTION('', (-1., -0., 0.));
#1154 = VECTOR('', #1153, 1.);
#1155 = CARTESIAN_POINT('', (110.75, 76.75, 2.5));
#1156 = LINE('', #1155, #1154);
#1157 = DIRECTION('', (0., -0., 1.));
#1158 = VECTOR('', #1157, 1.);
#1159 = CARTESIAN_POINT('', (-0.7500000000000009, 76.75, 2.5));
#1160 = LINE('', #1159, #1158);
#1161 = DIRECTION('', (-1., -0., 0.));
#1162 = VECTOR('', #1161, 1.);
#1163 = CARTESIAN_POINT('', (110.75, 76.75, 7.5));
#1164 = LINE('', #1163, #1162);
#1165 = DIRECTION('', (0.0000000000000000029502099931578354, -1., 0.));
#1166 = VECTOR('', #1165, 1.);
#1167 = CARTESIAN_POINT('', (-0.7500000000000009, 76.75, 2.5));
#1168 = LINE('', #1167, #1166);
#1169 = DIRECTION('', (0., -0., 1.));
#1170 = VECTOR('', #1169, 1.);
#1171 = CARTESIAN_POINT('', (-0.7500000000000007, 3.249999999999999, 2.5));
#1172 = LINE('', #1171, #1170);
#1173 = DIRECTION('', (0., -1., 0.));
#1174 = VECTOR('', #1173, 1.);
#1175 = CARTESIAN_POINT('', (-0.7500000000000009, 76.75, 7.5));
#1176 = LINE('', #1175, #1174);
#1177 = DIRECTION('', (1., -0.0000000000000000038895145201273706, 0.));
#1178 = VECTOR('', #1177, 1.);
#1179 = CARTESIAN_POINT('', (-0.7500000000000007, 3.249999999999999, 2.5));
#1180 = LINE('', #1179, #1178);
#1181 = DIRECTION('', (1., -0.0000000000000000038895145201273706, 0.));
#1182 = VECTOR('', #1181, 1.);
#1183 = CARTESIAN_POINT('', (-0.7500000000000007, 3.249999999999999, 7.5));
#1184 = LINE('', #1183, #1182);
#1185 = DIRECTION('', (0., 1., 0.));
#1186 = VECTOR('', #1185, 1.);
#1187 = CARTESIAN_POINT('', (108.25, 5.749999999999999, 4.3));
#1188 = LINE('', #1187, #1186);
#1189 = DIRECTION('', (0., -0., 1.));
#1190 = VECTOR('', #1189, 1.);
#1191 = CARTESIAN_POINT('', (108.25, 74.25, 4.3));
#1192 = LINE('', #1191, #1190);
#1193 = DIRECTION('', (0., -0., 1.));
#1194 = VECTOR('', #1193, 1.);
#1195 = CARTESIAN_POINT('', (108.25, 5.749999999999999, 4.3));
#1196 = LINE('', #1195, #1194);
#1197 = DIRECTION('', (-1., -0., 0.));
#1198 = VECTOR('', #1197, 1.);
#1199 = CARTESIAN_POINT('', (108.25, 74.25, 4.3));
#1200 = LINE('', #1199, #1198);
#1201 = DIRECTION('', (0., -0., 1.));
#1202 = VECTOR('', #1201, 1.);
#1203 = CARTESIAN_POINT('', (1.7499999999999991, 74.25, 4.3));
#1204 = LINE('', #1203, #1202);
#1205 = DIRECTION('', (0., -1., 0.));
#1206 = VECTOR('', #1205, 1.);
#1207 = CARTESIAN_POINT('', (1.7499999999999991, 74.25, 4.3));
#1208 = LINE('', #1207, #1206);
#1209 = DIRECTION('', (0., -0., 1.));
#1210 = VECTOR('', #1209, 1.);
#1211 = CARTESIAN_POINT('', (1.7499999999999993, 5.749999999999999, 4.3));
#1212 = LINE('', #1211, #1210);
#1213 = DIRECTION('', (1., -0., 0.));
#1214 = VECTOR('', #1213, 1.);
#1215 = CARTESIAN_POINT('', (1.7499999999999993, 5.749999999999999, 4.3));
#1216 = LINE('', #1215, #1214);
#1217 = DIRECTION('', (0., 1., 0.));
#1218 = VECTOR('', #1217, 1.);
#1219 = CARTESIAN_POINT('', (108.25, 5.75, 7.5));
#1220 = LINE('', #1219, #1218);
#1221 = DIRECTION('', (-1., -0., 0.));
#1222 = VECTOR('', #1221, 1.);
#1223 = CARTESIAN_POINT('', (108.25, 74.25, 7.5));
#1224 = LINE('', #1223, #1222);
#1225 = DIRECTION('', (0., -1., 0.));
#1226 = VECTOR('', #1225, 1.);
#1227 = CARTESIAN_POINT('', (1.7499999999999993, 74.25, 7.5));
#1228 = LINE('', #1227, #1226);
#1229 = DIRECTION('', (1., -0., 0.));
#1230 = VECTOR('', #1229, 1.);
#1231 = CARTESIAN_POINT('', (1.75, 5.749999999999999, 7.5));
#1232 = LINE('', #1231, #1230);
#1233 = DIRECTION('', (0., 1., 0.));
#1234 = VECTOR('', #1233, 1.);
#1235 = CARTESIAN_POINT('', (43.75, 79.25, 2.5));
#1236 = LINE('', #1235, #1234);
#1237 = DIRECTION('', (0., -0., 1.));
#1238 = VECTOR('', #1237, 1.);
#1239 = CARTESIAN_POINT('', (43.75, 92.75, 2.5));
#1240 = LINE('', #1239, #1238);
#1241 = DIRECTION('', (0., 1., 0.));
#1242 = VECTOR('', #1241, 1.);
#1243 = CARTESIAN_POINT('', (43.75, 79.25, 6.));
#1244 = LINE('', #1243, #1242);
#1245 = DIRECTION('', (0., -0., 1.));
#1246 = VECTOR('', #1245, 1.);
#1247 = CARTESIAN_POINT('', (43.75, 79.25, 2.5));
#1248 = LINE('', #1247, #1246);
#1249 = DIRECTION('', (-1., -0., 0.));
#1250 = VECTOR('', #1249, 1.);
#1251 = CARTESIAN_POINT('', (43.75, 92.75, 2.5));
#1252 = LINE('', #1251, #1250);
#1253 = DIRECTION('', (0., -0., 1.));
#1254 = VECTOR('', #1253, 1.);
#1255 = CARTESIAN_POINT('', (30.25, 92.75, 2.5));
#1256 = LINE('', #1255, #1254);
#1257 = DIRECTION('', (-1., -0., 0.));
#1258 = VECTOR('', #1257, 1.);
#1259 = CARTESIAN_POINT('', (43.75, 92.75, 6.));
#1260 = LINE('', #1259, #1258);
#1261 = DIRECTION('', (0., -1., 0.));
#1262 = VECTOR('', #1261, 1.);
#1263 = CARTESIAN_POINT('', (30.25, 92.75, 2.5));
#1264 = LINE('', #1263, #1262);
#1265 = DIRECTION('', (0., -0., 1.));
#1266 = VECTOR('', #1265, 1.);
#1267 = CARTESIAN_POINT('', (30.25, 79.25, 2.5));
#1268 = LINE('', #1267, #1266);
#1269 = DIRECTION('', (0., -1., 0.));
#1270 = VECTOR('', #1269, 1.);
#1271 = CARTESIAN_POINT('', (30.25, 92.75, 6.));
#1272 = LINE('', #1271, #1270);
#1273 = DIRECTION('', (1., -0., 0.));
#1274 = VECTOR('', #1273, 1.);
#1275 = CARTESIAN_POINT('', (30.25, 79.25, 2.5));
#1276 = LINE('', #1275, #1274);
#1277 = DIRECTION('', (1., -0., 0.));
#1278 = VECTOR('', #1277, 1.);
#1279 = CARTESIAN_POINT('', (30.25, 79.25, 6.));
#1280 = LINE('', #1279, #1278);
#1281 = DIRECTION('', (-0.0000000007894752100192302, 1., 0.));
#1282 = VECTOR('', #1281, 1.);
#1283 = CARTESIAN_POINT('', (78.749999988, 81.250000004, 2.5));
#1284 = LINE('', #1283, #1282);
#1285 = DIRECTION('', (0., -0., 1.));
#1286 = VECTOR('', #1285, 1.);
#1287 = CARTESIAN_POINT('', (78.7499999805, 90.750000008, 2.5));
#1288 = LINE('', #1287, #1286);
#1289 = DIRECTION('', (-0.0000000007894752100192302, 1., 0.));
#1290 = VECTOR('', #1289, 1.);
#1291 = CARTESIAN_POINT('', (78.749999988, 81.250000004, 6.));
#1292 = LINE('', #1291, #1290);
#1293 = DIRECTION('', (0., -0., 1.));
#1294 = VECTOR('', #1293, 1.);
#1295 = CARTESIAN_POINT('', (78.749999988, 81.250000004, 2.5));
#1296 = LINE('', #1295, #1294);
#1297 = DIRECTION('', (-1., 0.00000000021739132259006225, 0.));
#1298 = VECTOR('', #1297, 1.);
#1299 = CARTESIAN_POINT('', (78.7499999805, 90.750000008, 2.5));
#1300 = LINE('', #1299, #1298);
#1301 = DIRECTION('', (0., -0., 1.));
#1302 = VECTOR('', #1301, 1.);
#1303 = CARTESIAN_POINT('', (67.249999994, 90.7500000105, 2.5));
#1304 = LINE('', #1303, #1302);
#1305 = DIRECTION('', (-1., 0.00000000021739132259006225, 0.));
#1306 = VECTOR('', #1305, 1.);
#1307 = CARTESIAN_POINT('', (78.7499999805, 90.750000008, 6.));
#1308 = LINE('', #1307, #1306);
#1309 = DIRECTION('', (0., -1., 0.));
#1310 = VECTOR('', #1309, 1.);
#1311 = CARTESIAN_POINT('', (67.249999994, 90.7500000105, 2.5));
#1312 = LINE('', #1311, #1310);
#1313 = DIRECTION('', (0., -0., 1.));
#1314 = VECTOR('', #1313, 1.);
#1315 = CARTESIAN_POINT('', (67.249999994, 81.250000002, 2.5));
#1316 = LINE('', #1315, #1314);
#1317 = DIRECTION('', (0., -1., 0.));
#1318 = VECTOR('', #1317, 1.);
#1319 = CARTESIAN_POINT('', (67.249999994, 90.7500000105, 6.));
#1320 = LINE('', #1319, #1318);
#1321 = DIRECTION('', (1., 0.00000000017391402336995428, 0.));
#1322 = VECTOR('', #1321, 1.);
#1323 = CARTESIAN_POINT('', (67.249999994, 81.250000002, 2.5));
#1324 = LINE('', #1323, #1322);
#1325 = DIRECTION('', (1., 0.00000000017391402336995428, 0.));
#1326 = VECTOR('', #1325, 1.);
#1327 = CARTESIAN_POINT('', (67.249999994, 81.250000002, 6.));
#1328 = LINE('', #1327, #1326);
#1329 = DIRECTION('', (1., 0.00000000000000019737298208979235, 0.));
#1330 = DIRECTION('', (0., -0., 1.));
#1331 = CARTESIAN_POINT('', (6.000000000999999, -2.500000000000001, 2.5));
#1332 = AXIS2_PLACEMENT_3D('', #1331, #1330, #1329);
#1333 = CIRCLE('', #1332, 4.500000001500001);
#1334 = DIRECTION('', (0., -0., 1.));
#1335 = VECTOR('', #1334, 1.);
#1336 = CARTESIAN_POINT('', (10.5000000025, -2.5, 2.5));
#1337 = LINE('', #1336, #1335);
#1338 = DIRECTION('', (1., 0.00000000000000019737298208979235, 0.));
#1339 = DIRECTION('', (0., -0., 1.));
#1340 = CARTESIAN_POINT('', (6.000000000999999, -2.500000000000001, 8.5));
#1341 = AXIS2_PLACEMENT_3D('', #1340, #1339, #1338);
#1342 = CIRCLE('', #1341, 4.500000001500001);
#1343 = DIRECTION('', (-1., -0.00000000000000019737298208979223, -0.0000000000000007894919283591689));
#1344 = DIRECTION('', (-0.0000000000000007894919283591688, -0.00000000000000030245165095868877, 1.));
#1345 = CARTESIAN_POINT('', (6.000000001000004, -2.4999999999999987, 8.500000000000004));
#1346 = AXIS2_PLACEMENT_3D('', #1345, #1344, #1343);
#1347 = CIRCLE('', #1346, 4.500000001500004);
#1348 = DIRECTION('', (0., -0., 1.));
#1349 = VECTOR('', #1348, 1.);
#1350 = CARTESIAN_POINT('', (1.4999999995, -2.4999999999999996, 2.5));
#1351 = LINE('', #1350, #1349);
#1352 = DIRECTION('', (-0.00000000000000043368086899420177, -0., -1.));
#1353 = VECTOR('', #1352, 1.);
#1354 = CARTESIAN_POINT('', (6.943398121360732, -6.8999999999999915, 8.5));
#1355 = LINE('', #1354, #1353);
#1356 = DIRECTION('', (0.000000000000001734723475976807, -0., -1.));
#1357 = VECTOR('', #1356, 1.);
#1358 = CARTESIAN_POINT('', (5.056601880639263, -6.8999999999999915, 8.5));
#1359 = LINE('', #1358, #1357);
#1360 = DIRECTION('', (-1., 0.0000000000000002960594731346887, 0.00000000000000039474596417958495));
#1361 = DIRECTION('', (0.000000000000000394745964179585, 0.00000000000000015122582547793466, 1.));
#1362 = CARTESIAN_POINT('', (6.000000000999998, -2.500000000000001, 2.4999999999999982));
#1363 = AXIS2_PLACEMENT_3D('', #1362, #1361, #1360);
#1364 = CIRCLE('', #1363, 4.500000001499998);
#1365 = DIRECTION('', (0.20964402635165957, -0.9777777775215925, 0.00000000000000019737298208979255));
#1366 = DIRECTION('', (-0.00000000000000012105027831355148, 0.0000000000000001759045033618106, 1.));
#1367 = CARTESIAN_POINT('', (6.000000001000004, -2.5000000000000013, 2.4999999999999996));
#1368 = AXIS2_PLACEMENT_3D('', #1367, #1366, #1365);
#1369 = CIRCLE('', #1368, 4.500000001499997);
#1370 = DIRECTION('', (1., -0., 0.));
#1371 = VECTOR('', #1370, 1.);
#1372 = CARTESIAN_POINT('', (6.943398119920754, -6.900000000000002, 8.5));
#1373 = LINE('', #1372, #1371);
#1374 = DIRECTION('', (0.20964402637101667, -0.9777777775174419, 0.));
#1375 = DIRECTION('', (-0., -0., 0.9999999999999997));
#1376 = CARTESIAN_POINT('', (6.000000000999999, -2.499999999999999, 8.5));
#1377 = AXIS2_PLACEMENT_3D('', #1376, #1375, #1374);
#1378 = CIRCLE('', #1377, 4.500000001500002);
#1379 = DIRECTION('', (1., -0.000000000000000012380870820327925, 0.));
#1380 = VECTOR('', #1379, 1.);
#1381 = CARTESIAN_POINT('', (6.9433981199207695, -6.900000000000001, 2.5));
#1382 = LINE('', #1381, #1380);
#1383 = DIRECTION('', (1., -0.0000000000000031579677134366796, 0.));
#1384 = DIRECTION('', (-0., -0., 1.));
#1385 = CARTESIAN_POINT('', (104.000000001, -2.499999999999986, 2.5));
#1386 = AXIS2_PLACEMENT_3D('', #1385, #1384, #1383);
#1387 = CIRCLE('', #1386, 4.500000001499998);
#1388 = DIRECTION('', (0., -0., 1.));
#1389 = VECTOR('', #1388, 1.);
#1390 = CARTESIAN_POINT('', (108.5000000025, -2.5, 2.5));
#1391 = LINE('', #1390, #1389);
#1392 = DIRECTION('', (1., -0.0000000000000031579677134366796, 0.));
#1393 = DIRECTION('', (-0., -0., 1.));
#1394 = CARTESIAN_POINT('', (104.000000001, -2.499999999999986, 8.5));
#1395 = AXIS2_PLACEMENT_3D('', #1394, #1393, #1392);
#1396 = CIRCLE('', #1395, 4.500000001499998);
#1397 = DIRECTION('', (-1., -0.000000000000006217248935828403, 0.));
#1398 = DIRECTION('', (0., 0., 1.));
#1399 = CARTESIAN_POINT('', (104.00000000100005, -2.4999999999999716, 8.5));
#1400 = AXIS2_PLACEMENT_3D('', #1399, #1398, #1397);
#1401 = CIRCLE('', #1400, 4.500000001500041);
#1402 = DIRECTION('', (0., -0., 1.));
#1403 = VECTOR('', #1402, 1.);
#1404 = CARTESIAN_POINT('', (99.4999999995, -2.4999999999999996, 2.5));
#1405 = LINE('', #1404, #1403);
#1406 = DIRECTION('', (-1., -0.000000000000006217248935828403, -0.0000000000000003947459641795812));
#1407 = DIRECTION('', (-0.00000000000000039474596417957947, -0.0000000000000002791844609984093, 1.));
#1408 = CARTESIAN_POINT('', (104.00000000100005, -2.4999999999999716, 2.5000000000000018));
#1409 = AXIS2_PLACEMENT_3D('', #1408, #1407, #1406);
#1410 = CIRCLE('', #1409, 4.500000001500041);
#1411 = DIRECTION('', (0.20964402633273088, -0.9777777775256509, 0.));
#1412 = DIRECTION('', (-0., -0., 0.9999999999999999));
#1413 = CARTESIAN_POINT('', (104.00000000099999, -2.499999999999993, 2.5));
#1414 = AXIS2_PLACEMENT_3D('', #1413, #1412, #1411);
#1415 = CIRCLE('', #1414, 4.50000000150001);
#1416 = DIRECTION('', (0.000000000000004625929269271485, 0.00000000000000014456028966473392, -1.));
#1417 = VECTOR('', #1416, 1.);
#1418 = CARTESIAN_POINT('', (104.94339812136074, -6.89999999999999, 8.5));
#1419 = LINE('', #1418, #1417);
#1420 = DIRECTION('', (0., -0., -1.));
#1421 = VECTOR('', #1420, 1.);
#1422 = CARTESIAN_POINT('', (103.05660188063928, -6.8999999999999915, 8.5));
#1423 = LINE('', #1422, #1421);
#1424 = DIRECTION('', (1., -0., 0.));
#1425 = VECTOR('', #1424, 1.);
#1426 = CARTESIAN_POINT('', (104.94339811989695, -6.900000000000003, 8.5));
#1427 = LINE('', #1426, #1425);
#1428 = DIRECTION('', (0.20964402635164706, -0.9777777775215951, 0.0000000000000007894919283591796));
#1429 = DIRECTION('', (-0.000000000000000938744867208971, 0.0000000000000006061598947184689, 1.));
#1430 = CARTESIAN_POINT('', (104.00000000100007, -2.5000000000000426, 8.499999999999995));
#1431 = AXIS2_PLACEMENT_3D('', #1430, #1429, #1428);
#1432 = CIRCLE('', #1431, 4.500000001499943);
#1433 = DIRECTION('', (1., -0., 0.));
#1434 = VECTOR('', #1433, 1.);
#1435 = CARTESIAN_POINT('', (104.94339811981175, -6.900000000000002, 2.5));
#1436 = LINE('', #1435, #1434);
#1437 = DIRECTION('', (1., 0.0000000000000031579677134366906, 0.));
#1438 = DIRECTION('', (0., -0., 1.));
#1439 = CARTESIAN_POINT('', (6.000000001000018, 100.99999999999999, 8.5));
#1440 = AXIS2_PLACEMENT_3D('', #1439, #1438, #1437);
#1441 = CIRCLE('', #1440, 4.500000001499982);
#1442 = DIRECTION('', (-1., -0.0000000000000031579677134366756, 0.));
#1443 = DIRECTION('', (0., 0., 1.));
#1444 = CARTESIAN_POINT('', (6.000000001000004, 101.00000000000001, 8.5));
#1445 = AXIS2_PLACEMENT_3D('', #1444, #1443, #1442);
#1446 = CIRCLE('', #1445, 4.500000001500004);
#1447 = DIRECTION('', (1., 0.00000000000012947667625086614, -0.00000000000000019737298208973496));
#1448 = DIRECTION('', (0.00000000000000019737298208970412, 0.00000000000000023825026724020757, 1.));
#1449 = CARTESIAN_POINT('', (6.000000000998689, 100.99999999999942, 2.500000000000001));
#1450 = AXIS2_PLACEMENT_3D('', #1449, #1448, #1447);
#1451 = CIRCLE('', #1450, 4.500000001501309);
#1452 = DIRECTION('', (1., -0.00000000000014210854710461187, 0.));
#1453 = DIRECTION('', (0., -0., -1.));
#1454 = CARTESIAN_POINT('', (6.000000000998774, 101.00000000000064, 2.5));
#1455 = AXIS2_PLACEMENT_3D('', #1454, #1453, #1452);
#1456 = CIRCLE('', #1455, 4.500000001501224);
#1457 = DIRECTION('', (-0.000000011528780889066581, -1., 0.));
#1458 = DIRECTION('', (-0., -0., -1.0000000000000002));
#1459 = CARTESIAN_POINT('', (6.0000000009991155, 100.99999999999855, 2.5));
#1460 = AXIS2_PLACEMENT_3D('', #1459, #1458, #1457);
#1461 = CIRCLE('', #1460, 4.5000000014991315);
#1462 = DIRECTION('', (0.000000012678948060057348, 1., 0.));
#1463 = DIRECTION('', (0., -0., 1.0000000000000002));
#1464 = CARTESIAN_POINT('', (6.000000001001567, 100.99999999999913, 2.5));
#1465 = AXIS2_PLACEMENT_3D('', #1464, #1463, #1462);
#1466 = CIRCLE('', #1465, 4.500000001501576);
#1467 = DIRECTION('', (0., -0., 1.));
#1468 = VECTOR('', #1467, 1.);
#1469 = CARTESIAN_POINT('', (1.4999999995, 101., 2.499999999999999));
#1470 = LINE('', #1469, #1468);
#1471 = DIRECTION('', (0., -0., 1.));
#1472 = VECTOR('', #1471, 1.);
#1473 = CARTESIAN_POINT('', (10.5000000025, 101., 2.499999999999999));
#1474 = LINE('', #1473, #1472);
#1475 = DIRECTION('', (1., 0.0000000000000031579677134366796, 0.));
#1476 = DIRECTION('', (0., -0., 1.));
#1477 = CARTESIAN_POINT('', (104.000000001, 100.99999999999999, 8.5));
#1478 = AXIS2_PLACEMENT_3D('', #1477, #1476, #1475);
#1479 = CIRCLE('', #1478, 4.500000001499998);
#1480 = DIRECTION('', (-1., -0.000000000000006315935426873359, 0.));
#1481 = DIRECTION('', (0., 0., 1.));
#1482 = CARTESIAN_POINT('', (104.000000001, 101.00000000000003, 8.5));
#1483 = AXIS2_PLACEMENT_3D('', #1482, #1481, #1480);
#1484 = CIRCLE('', #1483, 4.500000001499998);
#1485 = DIRECTION('', (1., 0.0000000000006315935426868572, -0.00000000000000019737298208964286));
#1486 = DIRECTION('', (0.00000000000000019737298208949239, 0.000000000000000238250267102335, 1.));
#1487 = CARTESIAN_POINT('', (104.0000000009966, 100.99999999999716, 2.500000000000001));
#1488 = AXIS2_PLACEMENT_3D('', #1487, #1486, #1485);
#1489 = CIRCLE('', #1488, 4.500000001503409);
#1490 = DIRECTION('', (1., -0.00000000000010105496682995427, 0.00000000000000029605947313463167));
#1491 = DIRECTION('', (0.00000000000000029605947313461756, -0.00000000000000013956415346614565, -1.));
#1492 = CARTESIAN_POINT('', (104.00000000099914, 101.00000000000045, 2.4999999999999987));
#1493 = AXIS2_PLACEMENT_3D('', #1492, #1491, #1490);
#1494 = CIRCLE('', #1493, 4.500000001500865);
#1495 = DIRECTION('', (-0.000000010463417585668459, -1., -0.00000000000000009868649104487628));
#1496 = DIRECTION('', (-0.00000000000000009868687173608092, 0.00000000000000009868649207747825, -1.));
#1497 = CARTESIAN_POINT('', (104.0000000010009, 101.00000000000048, 2.4999999999999996));
#1498 = AXIS2_PLACEMENT_3D('', #1497, #1496, #1495);
#1499 = CIRCLE('', #1498, 4.500000001500908);
#1500 = DIRECTION('', (0.000000011859804591227295, 1., 0.));
#1501 = DIRECTION('', (0., -0., 1.0000000000000002));
#1502 = CARTESIAN_POINT('', (104.00000000100113, 100.99999999999945, 2.5));
#1503 = AXIS2_PLACEMENT_3D('', #1502, #1501, #1500);
#1504 = CIRCLE('', #1503, 4.500000001501135);
#1505 = DIRECTION('', (0., -0., 1.));
#1506 = VECTOR('', #1505, 1.);
#1507 = CARTESIAN_POINT('', (108.5000000025, 101., 2.499999999999999));
#1508 = LINE('', #1507, #1506);
#1509 = DIRECTION('', (0., -0., 1.));
#1510 = VECTOR('', #1509, 1.);
#1511 = CARTESIAN_POINT('', (99.4999999995, 101., 2.499999999999999));
#1512 = LINE('', #1511, #1510);
#1513 = DIRECTION('', (0., 1., 0.));
#1514 = VECTOR('', #1513, 1.);
#1515 = CARTESIAN_POINT('', (103., 12.5, 0.));
#1516 = LINE('', #1515, #1514);
#1517 = DIRECTION('', (-1., -0., 0.));
#1518 = VECTOR('', #1517, 1.);
#1519 = CARTESIAN_POINT('', (103., 67.5, 0.));
#1520 = LINE('', #1519, #1518);
#1521 = DIRECTION('', (0., -1., 0.));
#1522 = VECTOR('', #1521, 1.);
#1523 = CARTESIAN_POINT('', (6.999999999999999, 67.5, 0.));
#1524 = LINE('', #1523, #1522);
#1525 = DIRECTION('', (1., -0.000000000000000018070036208091743, 0.));
#1526 = VECTOR('', #1525, 1.);
#1527 = CARTESIAN_POINT('', (7., 12.5, 0.));
#1528 = LINE('', #1527, #1526);
#1529 = DIRECTION('', (0., 1., 0.));
#1530 = VECTOR('', #1529, 1.);
#1531 = CARTESIAN_POINT('', (103., 12.5, 4.3));
#1532 = LINE('', #1531, #1530);
#1533 = DIRECTION('', (-1., -0., 0.));
#1534 = VECTOR('', #1533, 1.);
#1535 = CARTESIAN_POINT('', (103., 67.5, 4.3));
#1536 = LINE('', #1535, #1534);
#1537 = DIRECTION('', (0., -1., 0.));
#1538 = VECTOR('', #1537, 1.);
#1539 = CARTESIAN_POINT('', (6.999999999999999, 67.5, 4.3));
#1540 = LINE('', #1539, #1538);
#1541 = DIRECTION('', (1., -0.000000000000000018070036208091743, 0.));
#1542 = VECTOR('', #1541, 1.);
#1543 = CARTESIAN_POINT('', (7., 12.5, 4.3));
#1544 = LINE('', #1543, #1542);
#1545 = DIRECTION('', (0., -0., 1.));
#1546 = VECTOR('', #1545, 1.);
#1547 = CARTESIAN_POINT('', (6.999999999999999, 12.5, -0.0000000000000002220446049250313));
#1548 = LINE('', #1547, #1546);
#1549 = DIRECTION('', (0., -0., 1.));
#1550 = VECTOR('', #1549, 1.);
#1551 = CARTESIAN_POINT('', (6.999999999999999, 67.5, -0.0000000000000002220446049250313));
#1552 = LINE('', #1551, #1550);
#1553 = DIRECTION('', (0., -0., 1.));
#1554 = VECTOR('', #1553, 1.);
#1555 = CARTESIAN_POINT('', (103., 67.5, -0.0000000000000002220446049250313));
#1556 = LINE('', #1555, #1554);
#1557 = DIRECTION('', (0., -0., 1.));
#1558 = VECTOR('', #1557, 1.);
#1559 = CARTESIAN_POINT('', (103., 12.499999999999998, -0.0000000000000002220446049250313));
#1560 = LINE('', #1559, #1558);
#1561 = DIRECTION('', (1., 0.000000000000016718652597268572, 0.00000000000000000720843007975732));
#1562 = DIRECTION('', (-0.000000000000000007208430079757307, -0.000000000000000000744149719656623, 1.));
#1563 = CARTESIAN_POINT('', (37.000000001499906, 85.99999999999993, 0.000000000000000024875323376069553));
#1564 = AXIS2_PLACEMENT_3D('', #1563, #1562, #1561);
#1565 = CIRCLE('', #1564, 4.250000002250097);
#1566 = DIRECTION('', (1., -0.000000000000020062383116722253, -0.000000000000000009586821158952326));
#1567 = DIRECTION('', (-0.00000000000000000958682115895169, 0.00000000000000003168899528082534, -1.));
#1568 = CARTESIAN_POINT('', (37.0000000014999, 86.00000000000009, 0.00000000000000012401071679400547));
#1569 = AXIS2_PLACEMENT_3D('', #1568, #1567, #1566);
#1570 = CIRCLE('', #1569, 4.250000002250104);
#1571 = DIRECTION('', (1., -0.0000000000003778415486983733, 0.0000000000000004179663149318289));
#1572 = DIRECTION('', (-0.0000000000000004179663149320195, -0.0000000000000005045299752182395, 1.));
#1573 = CARTESIAN_POINT('', (37.00000000150107, 86.0000000000016, 5.999999999999998));
#1574 = AXIS2_PLACEMENT_3D('', #1573, #1572, #1571);
#1575 = CIRCLE('', #1574, 4.250000002248932);
#1576 = DIRECTION('', (1., 0.0000000000025479226558299668, -0.0000000000000006269494723991059));
#1577 = DIRECTION('', (-0.0000000000000006269494724003915, 0.0000000000000005045299709029181, -1.));
#1578 = CARTESIAN_POINT('', (37.00000000151031, 85.99999999998917, 6.000000000000003));
#1579 = AXIS2_PLACEMENT_3D('', #1578, #1577, #1576);
#1580 = CIRCLE('', #1579, 4.250000002239695);
#1581 = DIRECTION('', (-0.0000000034642903951975825, -1., 0.000000000000000045238934702954645));
#1582 = DIRECTION('', (-0.00000000000000004121821410838143, -0.000000000000000045238934560162785, -1.));
#1583 = CARTESIAN_POINT('', (37.00000000150046, 86.00000000000043, -0.00000000000000020293298566902798));
#1584 = AXIS2_PLACEMENT_3D('', #1583, #1582, #1581);
#1585 = CIRCLE('', #1584, 4.250000002250459);
#1586 = DIRECTION('', (0.000000005446415394229057, 1., -0.000000000000000028874834446483783));
#1587 = DIRECTION('', (-0.000000000000000015879830454835004, 0.000000000000000028874834532971935, 1.));
#1588 = CARTESIAN_POINT('', (37.00000000150011, 85.99999999999991, 0.00000000000000015075600631566896));
#1589 = AXIS2_PLACEMENT_3D('', #1588, #1587, #1586);
#1590 = CIRCLE('', #1589, 4.250000002250104);
#1591 = DIRECTION('', (-0.000000006045095296951543, -1., 0.));
#1592 = DIRECTION('', (-0., -0., -1.));
#1593 = CARTESIAN_POINT('', (37.00000000149896, 85.99999999999841, 6.));
#1594 = AXIS2_PLACEMENT_3D('', #1593, #1592, #1591);
#1595 = CIRCLE('', #1594, 4.250000002248953);
#1596 = DIRECTION('', (0.000000006047758578323433, 1., -0.0000000000000018808484171973086));
#1597 = DIRECTION('', (-0.000000000000002227103319836469, 0.0000000000000018808484306662917, 1.));
#1598 = CARTESIAN_POINT('', (37.00000000148972, 86.00000000001081, 6.00000000000001));
#1599 = AXIS2_PLACEMENT_3D('', #1598, #1597, #1596);
#1600 = CIRCLE('', #1599, 4.250000002239716);
#1601 = DIRECTION('', (0., -0., 1.));
#1602 = VECTOR('', #1601, 1.);
#1603 = CARTESIAN_POINT('', (32.74999999925, 86., -0.00000000000000033306690738754696));
#1604 = LINE('', #1603, #1602);
#1605 = DIRECTION('', (0., -0., 1.));
#1606 = VECTOR('', #1605, 1.);
#1607 = CARTESIAN_POINT('', (41.25000000375, 86., -0.00000000000000033306690738754696));
#1608 = LINE('', #1607, #1606);
#1609 = DIRECTION('', (0., 1., 0.));
#1610 = VECTOR('', #1609, 1.);
#1611 = CARTESIAN_POINT('', (76.25, 83.75, 0.));
#1612 = LINE('', #1611, #1610);
#1613 = DIRECTION('', (-1., -0., 0.));
#1614 = VECTOR('', #1613, 1.);
#1615 = CARTESIAN_POINT('', (76.25, 88.25, 0.));
#1616 = LINE('', #1615, #1614);
#1617 = DIRECTION('', (0., -1., 0.));
#1618 = VECTOR('', #1617, 1.);
#1619 = CARTESIAN_POINT('', (69.75, 88.25, 0.));
#1620 = LINE('', #1619, #1618);
#1621 = DIRECTION('', (1., -0., 0.));
#1622 = VECTOR('', #1621, 1.);
#1623 = CARTESIAN_POINT('', (69.75, 83.75, 0.));
#1624 = LINE('', #1623, #1622);
#1625 = DIRECTION('', (0., 1., 0.));
#1626 = VECTOR('', #1625, 1.);
#1627 = CARTESIAN_POINT('', (76.25, 83.75, 6.));
#1628 = LINE('', #1627, #1626);
#1629 = DIRECTION('', (-1., -0., 0.));
#1630 = VECTOR('', #1629, 1.);
#1631 = CARTESIAN_POINT('', (76.25, 88.25, 6.));
#1632 = LINE('', #1631, #1630);
#1633 = DIRECTION('', (0., -1., 0.));
#1634 = VECTOR('', #1633, 1.);
#1635 = CARTESIAN_POINT('', (69.75, 88.25, 6.));
#1636 = LINE('', #1635, #1634);
#1637 = DIRECTION('', (1., -0., 0.));
#1638 = VECTOR('', #1637, 1.);
#1639 = CARTESIAN_POINT('', (69.75, 83.75, 6.));
#1640 = LINE('', #1639, #1638);
#1641 = DIRECTION('', (0., -0., 1.));
#1642 = VECTOR('', #1641, 1.);
#1643 = CARTESIAN_POINT('', (69.75, 83.75, -0.00000000000000033306690738754696));
#1644 = LINE('', #1643, #1642);
#1645 = DIRECTION('', (0., -0., 1.));
#1646 = VECTOR('', #1645, 1.);
#1647 = CARTESIAN_POINT('', (69.75, 88.25, -0.00000000000000033306690738754696));
#1648 = LINE('', #1647, #1646);
#1649 = DIRECTION('', (0., -0., 1.));
#1650 = VECTOR('', #1649, 1.);
#1651 = CARTESIAN_POINT('', (76.25, 88.25, -0.00000000000000033306690738754696));
#1652 = LINE('', #1651, #1650);
#1653 = DIRECTION('', (0., -0., 1.));
#1654 = VECTOR('', #1653, 1.);
#1655 = CARTESIAN_POINT('', (76.25, 83.75, -0.00000000000000033306690738754696));
#1656 = LINE('', #1655, #1654);
#1657 = DIRECTION('', (1., 0.00000000000008721912002957191, -0.000000000000000890163567274141));
#1658 = DIRECTION('', (0.0000000000000008901635672739663, 0.0000000000000020031993918403963, 1.));
#1659 = CARTESIAN_POINT('', (23.00000000749988, 1.7499999999998919, 0.000000000000002500483249888568));
#1660 = AXIS2_PLACEMENT_3D('', #1659, #1658, #1657);
#1661 = CIRCLE('', #1660, 1.250000011250119);
#1662 = DIRECTION('', (1., -0.000000004919301875100125, 0.000000000000004616589197599749));
#1663 = DIRECTION('', (0.000000000000004616589165278573, -0.000000000000006570276930747362, -1.));
#1664 = CARTESIAN_POINT('', (23.000000001350873, 1.7500000061491248, -0.000000000000008213227231499655));
#1665 = AXIS2_PLACEMENT_3D('', #1664, #1663, #1662);
#1666 = CIRCLE('', #1665, 1.2500000173991275);
#1667 = DIRECTION('', (1., -0.00000000000018491874531733072, 0.0000000000000007105427293653439));
#1668 = DIRECTION('', (-0.0000000000000007105427293653903, -0.00000000000000025121540025246025, 1.));
#1669 = CARTESIAN_POINT('', (23.000000007500226, 1.7500000000002285, 2.499999999999999));
#1670 = AXIS2_PLACEMENT_3D('', #1669, #1668, #1667);
#1671 = CIRCLE('', #1670, 1.2500000112497744);
#1672 = DIRECTION('', (1., 0.00000000000008366640638276116, -0.00000000000000035527136468263756));
#1673 = DIRECTION('', (-0.00000000000000035527136468260783, -0.00000000000000035526990865803146, -1.));
#1674 = CARTESIAN_POINT('', (23.000000007500105, 1.7499999999998928, 2.4999999999999996));
#1675 = AXIS2_PLACEMENT_3D('', #1674, #1673, #1672);
#1676 = CIRCLE('', #1675, 1.2500000112498952);
#1677 = DIRECTION('', (-0.000000006880747998285156, -1., -0.0000000000000013643681508153576));
#1678 = DIRECTION('', (0.0000000000000005647028082282633, 0.00000000000000136436814692978, -1.));
#1679 = CARTESIAN_POINT('', (23.000000007499978, 1.7499999999999774, 0.0000000000000017050792388008358));
#1680 = AXIS2_PLACEMENT_3D('', #1679, #1678, #1677);
#1681 = CIRCLE('', #1680, 1.250000011249979);
#1682 = DIRECTION('', (0.00000000819209439572157, 1., 0.0000000000000033376837844384734));
#1683 = DIRECTION('', (0.0000000000000013865040959097937, -0.000000000000003337683795796846, 1.));
#1684 = CARTESIAN_POINT('', (23.00000000749997, 1.7500000000000426, -0.000000000000004175620789660573));
#1685 = AXIS2_PLACEMENT_3D('', #1684, #1683, #1682);
#1686 = CIRCLE('', #1685, 1.2500000112499725);
#1687 = DIRECTION('', (-0.0000000072839696285165, -1., 0.));
#1688 = DIRECTION('', (-0., -0., -1.));
#1689 = CARTESIAN_POINT('', (23.00000000749994, 1.7499999999999325, 2.5));
#1690 = AXIS2_PLACEMENT_3D('', #1689, #1688, #1687);
#1691 = CIRCLE('', #1690, 1.2500000112499365);
#1692 = DIRECTION('', (0.000000004920599350323674, 1., 0.0000000000000010658140940478659));
#1693 = DIRECTION('', (0.000000000000001108915120209769, -0.000000000000001065814099504393, 1.));
#1694 = CARTESIAN_POINT('', (23.000000007499956, 1.7500000000000544, 2.4999999999999987));
#1695 = AXIS2_PLACEMENT_3D('', #1694, #1693, #1692);
#1696 = CIRCLE('', #1695, 1.25000001124995);
#1697 = DIRECTION('', (0., -0.00000000000000008673617379884029, 1.));
#1698 = VECTOR('', #1697, 1.);
#1699 = CARTESIAN_POINT('', (21.74999999625, 1.7500000000000004, -0.000000000000002609024107869118));
#1700 = LINE('', #1699, #1698);
#1701 = DIRECTION('', (0., -0., 1.));
#1702 = VECTOR('', #1701, 1.);
#1703 = CARTESIAN_POINT('', (24.25000001875, 1.75, 0.0000000000000013877787807814457));
#1704 = LINE('', #1703, #1702);
#1705 = DIRECTION('', (0., 1., 0.));
#1706 = VECTOR('', #1705, 1.);
#1707 = CARTESIAN_POINT('', (79., -7., 0.));
#1708 = LINE('', #1707, #1706);
#1709 = DIRECTION('', (-1., -0., 0.));
#1710 = VECTOR('', #1709, 1.);
#1711 = CARTESIAN_POINT('', (79., 3., 0.));
#1712 = LINE('', #1711, #1710);
#1713 = DIRECTION('', (0., -1., 0.));
#1714 = VECTOR('', #1713, 1.);
#1715 = CARTESIAN_POINT('', (77., 3., 0.));
#1716 = LINE('', #1715, #1714);
#1717 = DIRECTION('', (1., -0., 0.));
#1718 = VECTOR('', #1717, 1.);
#1719 = CARTESIAN_POINT('', (77., -7., 0.));
#1720 = LINE('', #1719, #1718);
#1721 = DIRECTION('', (0., 1., 0.));
#1722 = VECTOR('', #1721, 1.);
#1723 = CARTESIAN_POINT('', (79., -6.900000030099229, 2.5));
#1724 = LINE('', #1723, #1722);
#1725 = DIRECTION('', (-1., -0., 0.));
#1726 = VECTOR('', #1725, 1.);
#1727 = CARTESIAN_POINT('', (79., 3., 2.5));
#1728 = LINE('', #1727, #1726);
#1729 = DIRECTION('', (0., -1., 0.));
#1730 = VECTOR('', #1729, 1.);
#1731 = CARTESIAN_POINT('', (77., 3., 2.5));
#1732 = LINE('', #1731, #1730);
#1733 = DIRECTION('', (0., 1., 0.));
#1734 = VECTOR('', #1733, 1.);
#1735 = CARTESIAN_POINT('', (79., -7., 8.5));
#1736 = LINE('', #1735, #1734);
#1737 = DIRECTION('', (0., -1., 0.));
#1738 = VECTOR('', #1737, 1.);
#1739 = CARTESIAN_POINT('', (77., -6.900000000228753, 8.5));
#1740 = LINE('', #1739, #1738);
#1741 = DIRECTION('', (1., -0., 0.));
#1742 = VECTOR('', #1741, 1.);
#1743 = CARTESIAN_POINT('', (77., -7., 8.5));
#1744 = LINE('', #1743, #1742);
#1745 = DIRECTION('', (0., -0.0000000000000001445602896647339, 1.));
#1746 = VECTOR('', #1745, 1.);
#1747 = CARTESIAN_POINT('', (79., -6.900000000000002, 2.5000000000000147));
#1748 = LINE('', #1747, #1746);
#1749 = DIRECTION('', (0., 0.0000000000000001445602896647339, -1.));
#1750 = VECTOR('', #1749, 1.);
#1751 = CARTESIAN_POINT('', (77., -6.900000000000003, 8.500000000000018));
#1752 = LINE('', #1751, #1750);
#1753 = DIRECTION('', (1., -0., 0.));
#1754 = VECTOR('', #1753, 1.);
#1755 = CARTESIAN_POINT('', (79.00000000000001, -6.900000000000002, 8.5));
#1756 = LINE('', #1755, #1754);
#1757 = DIRECTION('', (1., -0., 0.));
#1758 = VECTOR('', #1757, 1.);
#1759 = CARTESIAN_POINT('', (79., -6.900000000000002, 2.5));
#1760 = LINE('', #1759, #1758);
#1761 = DIRECTION('', (0., -0., 1.));
#1762 = VECTOR('', #1761, 1.);
#1763 = CARTESIAN_POINT('', (77., -7., 0.0000000000000002220446049250313));
#1764 = LINE('', #1763, #1762);
#1765 = DIRECTION('', (0., -0., 1.));
#1766 = VECTOR('', #1765, 1.);
#1767 = CARTESIAN_POINT('', (77., 3., 0.00000000000000005551115123125783));
#1768 = LINE('', #1767, #1766);
#1769 = DIRECTION('', (0., -0., 1.));
#1770 = VECTOR('', #1769, 1.);
#1771 = CARTESIAN_POINT('', (79., 3., 0.00000000000000005551115123125783));
#1772 = LINE('', #1771, #1770);
#1773 = DIRECTION('', (0., -0., 1.));
#1774 = VECTOR('', #1773, 1.);
#1775 = CARTESIAN_POINT('', (79., -7., 0.0000000000000002220446049250313));
#1776 = LINE('', #1775, #1774);
#1777 = DIRECTION('', (0., 1., 0.));
#1778 = VECTOR('', #1777, 1.);
#1779 = CARTESIAN_POINT('', (83.5, -7., 0.));
#1780 = LINE('', #1779, #1778);
#1781 = DIRECTION('', (-1., -0., 0.));
#1782 = VECTOR('', #1781, 1.);
#1783 = CARTESIAN_POINT('', (83.5, 3., 0.));
#1784 = LINE('', #1783, #1782);
#1785 = DIRECTION('', (0., -1., 0.));
#1786 = VECTOR('', #1785, 1.);
#1787 = CARTESIAN_POINT('', (81.5, 3., 0.));
#1788 = LINE('', #1787, #1786);
#1789 = DIRECTION('', (1., -0., 0.));
#1790 = VECTOR('', #1789, 1.);
#1791 = CARTESIAN_POINT('', (81.5, -7., 0.));
#1792 = LINE('', #1791, #1790);
#1793 = DIRECTION('', (0., 1., 0.));
#1794 = VECTOR('', #1793, 1.);
#1795 = CARTESIAN_POINT('', (83.5, -6.900000030099229, 2.5));
#1796 = LINE('', #1795, #1794);
#1797 = DIRECTION('', (-1., -0., 0.));
#1798 = VECTOR('', #1797, 1.);
#1799 = CARTESIAN_POINT('', (83.5, 3., 2.5));
#1800 = LINE('', #1799, #1798);
#1801 = DIRECTION('', (0., -1., 0.));
#1802 = VECTOR('', #1801, 1.);
#1803 = CARTESIAN_POINT('', (81.5, 3., 2.5));
#1804 = LINE('', #1803, #1802);
#1805 = DIRECTION('', (0., 1., 0.));
#1806 = VECTOR('', #1805, 1.);
#1807 = CARTESIAN_POINT('', (83.5, -7., 8.5));
#1808 = LINE('', #1807, #1806);
#1809 = DIRECTION('', (0., -1., 0.));
#1810 = VECTOR('', #1809, 1.);
#1811 = CARTESIAN_POINT('', (81.5, -6.9000000002434465, 8.5));
#1812 = LINE('', #1811, #1810);
#1813 = DIRECTION('', (1., -0., 0.));
#1814 = VECTOR('', #1813, 1.);
#1815 = CARTESIAN_POINT('', (81.5, -7., 8.5));
#1816 = LINE('', #1815, #1814);
#1817 = DIRECTION('', (0., -0.0000000000000001445602896647339, 1.));
#1818 = VECTOR('', #1817, 1.);
#1819 = CARTESIAN_POINT('', (83.5, -6.9, 2.5));
#1820 = LINE('', #1819, #1818);
#1821 = DIRECTION('', (0., 0.0000000000000001445602896647339, -1.));
#1822 = VECTOR('', #1821, 1.);
#1823 = CARTESIAN_POINT('', (81.5, -6.900000000000001, 8.500000000000002));
#1824 = LINE('', #1823, #1822);
#1825 = DIRECTION('', (1., -0., 0.));
#1826 = VECTOR('', #1825, 1.);
#1827 = CARTESIAN_POINT('', (83.5, -6.900000000000002, 8.5));
#1828 = LINE('', #1827, #1826);
#1829 = DIRECTION('', (1., -0., 0.));
#1830 = VECTOR('', #1829, 1.);
#1831 = CARTESIAN_POINT('', (83.50000000000001, -6.900000000000002, 2.5));
#1832 = LINE('', #1831, #1830);
#1833 = DIRECTION('', (0., -0., 1.));
#1834 = VECTOR('', #1833, 1.);
#1835 = CARTESIAN_POINT('', (81.5, -7., 0.0000000000000002220446049250313));
#1836 = LINE('', #1835, #1834);
#1837 = DIRECTION('', (0., -0., 1.));
#1838 = VECTOR('', #1837, 1.);
#1839 = CARTESIAN_POINT('', (81.5, 3., 0.00000000000000005551115123125783));
#1840 = LINE('', #1839, #1838);
#1841 = DIRECTION('', (0., -0., 1.));
#1842 = VECTOR('', #1841, 1.);
#1843 = CARTESIAN_POINT('', (83.5, 3., 0.00000000000000005551115123125783));
#1844 = LINE('', #1843, #1842);
#1845 = DIRECTION('', (0., -0., 1.));
#1846 = VECTOR('', #1845, 1.);
#1847 = CARTESIAN_POINT('', (83.5, -7., 0.0000000000000002220446049250313));
#1848 = LINE('', #1847, #1846);
#1849 = DIRECTION('', (0., 1., 0.));
#1850 = VECTOR('', #1849, 1.);
#1851 = CARTESIAN_POINT('', (88., -7., 0.));
#1852 = LINE('', #1851, #1850);
#1853 = DIRECTION('', (-1., -0., 0.));
#1854 = VECTOR('', #1853, 1.);
#1855 = CARTESIAN_POINT('', (88., 3., 0.));
#1856 = LINE('', #1855, #1854);
#1857 = DIRECTION('', (0., -1., 0.));
#1858 = VECTOR('', #1857, 1.);
#1859 = CARTESIAN_POINT('', (86., 3., 0.));
#1860 = LINE('', #1859, #1858);
#1861 = DIRECTION('', (1., -0., 0.));
#1862 = VECTOR('', #1861, 1.);
#1863 = CARTESIAN_POINT('', (86., -7., 0.));
#1864 = LINE('', #1863, #1862);
#1865 = DIRECTION('', (0., 1., 0.));
#1866 = VECTOR('', #1865, 1.);
#1867 = CARTESIAN_POINT('', (88., -6.900000030099229, 2.5));
#1868 = LINE('', #1867, #1866);
#1869 = DIRECTION('', (-1., -0., 0.));
#1870 = VECTOR('', #1869, 1.);
#1871 = CARTESIAN_POINT('', (88., 3., 2.5));
#1872 = LINE('', #1871, #1870);
#1873 = DIRECTION('', (0., -1., 0.));
#1874 = VECTOR('', #1873, 1.);
#1875 = CARTESIAN_POINT('', (86., 3., 2.5));
#1876 = LINE('', #1875, #1874);
#1877 = DIRECTION('', (0., 1., 0.));
#1878 = VECTOR('', #1877, 1.);
#1879 = CARTESIAN_POINT('', (88., -7., 8.5));
#1880 = LINE('', #1879, #1878);
#1881 = DIRECTION('', (0., -1., 0.));
#1882 = VECTOR('', #1881, 1.);
#1883 = CARTESIAN_POINT('', (86., -6.90000000025814, 8.5));
#1884 = LINE('', #1883, #1882);
#1885 = DIRECTION('', (1., -0., 0.));
#1886 = VECTOR('', #1885, 1.);
#1887 = CARTESIAN_POINT('', (86., -7., 8.5));
#1888 = LINE('', #1887, #1886);
#1889 = DIRECTION('', (0., -0.0000000000000001445602896647339, 1.));
#1890 = VECTOR('', #1889, 1.);
#1891 = CARTESIAN_POINT('', (88., -6.9, 2.5));
#1892 = LINE('', #1891, #1890);
#1893 = DIRECTION('', (0., 0.0000000000000001445602896647339, -1.));
#1894 = VECTOR('', #1893, 1.);
#1895 = CARTESIAN_POINT('', (86., -6.900000000000001, 8.500000000000002));
#1896 = LINE('', #1895, #1894);
#1897 = DIRECTION('', (1., 0.0000000000000003469446951953611, 0.));
#1898 = VECTOR('', #1897, 1.);
#1899 = CARTESIAN_POINT('', (88., -6.900000000000002, 8.5));
#1900 = LINE('', #1899, #1898);
#1901 = DIRECTION('', (1., -0., 0.));
#1902 = VECTOR('', #1901, 1.);
#1903 = CARTESIAN_POINT('', (87.99999999999999, -6.900000000000002, 2.5));
#1904 = LINE('', #1903, #1902);
#1905 = DIRECTION('', (0., -0., 1.));
#1906 = VECTOR('', #1905, 1.);
#1907 = CARTESIAN_POINT('', (86., -7., 0.0000000000000002220446049250313));
#1908 = LINE('', #1907, #1906);
#1909 = DIRECTION('', (0., -0., 1.));
#1910 = VECTOR('', #1909, 1.);
#1911 = CARTESIAN_POINT('', (86., 3., 0.00000000000000005551115123125783));
#1912 = LINE('', #1911, #1910);
#1913 = DIRECTION('', (0., -0., 1.));
#1914 = VECTOR('', #1913, 1.);
#1915 = CARTESIAN_POINT('', (88., 3., 0.00000000000000005551115123125783));
#1916 = LINE('', #1915, #1914);
#1917 = DIRECTION('', (0., -0., 1.));
#1918 = VECTOR('', #1917, 1.);
#1919 = CARTESIAN_POINT('', (88., -7., 0.0000000000000002220446049250313));
#1920 = LINE('', #1919, #1918);
#1921 = DIRECTION('', (0., 1., 0.));
#1922 = VECTOR('', #1921, 1.);
#1923 = CARTESIAN_POINT('', (92.5, -7., 0.));
#1924 = LINE('', #1923, #1922);
#1925 = DIRECTION('', (-1., -0., 0.));
#1926 = VECTOR('', #1925, 1.);
#1927 = CARTESIAN_POINT('', (92.5, 3., 0.));
#1928 = LINE('', #1927, #1926);
#1929 = DIRECTION('', (0., -1., 0.));
#1930 = VECTOR('', #1929, 1.);
#1931 = CARTESIAN_POINT('', (90.5, 3., 0.));
#1932 = LINE('', #1931, #1930);
#1933 = DIRECTION('', (1., -0., 0.));
#1934 = VECTOR('', #1933, 1.);
#1935 = CARTESIAN_POINT('', (90.5, -7., 0.));
#1936 = LINE('', #1935, #1934);
#1937 = DIRECTION('', (0., 1., 0.));
#1938 = VECTOR('', #1937, 1.);
#1939 = CARTESIAN_POINT('', (92.5, -6.900000030099229, 2.5));
#1940 = LINE('', #1939, #1938);
#1941 = DIRECTION('', (-1., -0., 0.));
#1942 = VECTOR('', #1941, 1.);
#1943 = CARTESIAN_POINT('', (92.5, 3., 2.5));
#1944 = LINE('', #1943, #1942);
#1945 = DIRECTION('', (0., -1., 0.));
#1946 = VECTOR('', #1945, 1.);
#1947 = CARTESIAN_POINT('', (90.5, 3., 2.5));
#1948 = LINE('', #1947, #1946);
#1949 = DIRECTION('', (0., 1., 0.));
#1950 = VECTOR('', #1949, 1.);
#1951 = CARTESIAN_POINT('', (92.5, -7., 8.5));
#1952 = LINE('', #1951, #1950);
#1953 = DIRECTION('', (0., -1., 0.));
#1954 = VECTOR('', #1953, 1.);
#1955 = CARTESIAN_POINT('', (90.5, -6.900000000272833, 8.5));
#1956 = LINE('', #1955, #1954);
#1957 = DIRECTION('', (1., -0., 0.));
#1958 = VECTOR('', #1957, 1.);
#1959 = CARTESIAN_POINT('', (90.5, -7., 8.5));
#1960 = LINE('', #1959, #1958);
#1961 = DIRECTION('', (0., -0.00000000000000014456028966473392, 1.));
#1962 = VECTOR('', #1961, 1.);
#1963 = CARTESIAN_POINT('', (92.5, -6.900000000000002, 2.5));
#1964 = LINE('', #1963, #1962);
#1965 = DIRECTION('', (0., 0.00000000000000014456028966473392, -1.));
#1966 = VECTOR('', #1965, 1.);
#1967 = CARTESIAN_POINT('', (90.5, -6.900000000000003, 8.5));
#1968 = LINE('', #1967, #1966);
#1969 = DIRECTION('', (1., -0., 0.));
#1970 = VECTOR('', #1969, 1.);
#1971 = CARTESIAN_POINT('', (92.5, -6.900000000000002, 8.5));
#1972 = LINE('', #1971, #1970);
#1973 = DIRECTION('', (1., -0., 0.));
#1974 = VECTOR('', #1973, 1.);
#1975 = CARTESIAN_POINT('', (92.5, -6.900000000000002, 2.5));
#1976 = LINE('', #1975, #1974);
#1977 = DIRECTION('', (0., -0., 1.));
#1978 = VECTOR('', #1977, 1.);
#1979 = CARTESIAN_POINT('', (90.5, -7., 0.0000000000000002220446049250313));
#1980 = LINE('', #1979, #1978);
#1981 = DIRECTION('', (0., -0., 1.));
#1982 = VECTOR('', #1981, 1.);
#1983 = CARTESIAN_POINT('', (90.5, 3., 0.00000000000000005551115123125783));
#1984 = LINE('', #1983, #1982);
#1985 = DIRECTION('', (0., -0., 1.));
#1986 = VECTOR('', #1985, 1.);
#1987 = CARTESIAN_POINT('', (92.5, 3., 0.00000000000000005551115123125783));
#1988 = LINE('', #1987, #1986);
#1989 = DIRECTION('', (0., -0., 1.));
#1990 = VECTOR('', #1989, 1.);
#1991 = CARTESIAN_POINT('', (92.5, -7., 0.0000000000000002220446049250313));
#1992 = LINE('', #1991, #1990);
#1993 = DIRECTION('', (0., 1., 0.));
#1994 = VECTOR('', #1993, 1.);
#1995 = CARTESIAN_POINT('', (97., -7., 0.));
#1996 = LINE('', #1995, #1994);
#1997 = DIRECTION('', (-1., -0., 0.));
#1998 = VECTOR('', #1997, 1.);
#1999 = CARTESIAN_POINT('', (97., 3., 0.));
#2000 = LINE('', #1999, #1998);
#2001 = DIRECTION('', (0., -1., 0.));
#2002 = VECTOR('', #2001, 1.);
#2003 = CARTESIAN_POINT('', (95., 3., 0.));
#2004 = LINE('', #2003, #2002);
#2005 = DIRECTION('', (1., -0., 0.));
#2006 = VECTOR('', #2005, 1.);
#2007 = CARTESIAN_POINT('', (95., -7., 0.));
#2008 = LINE('', #2007, #2006);
#2009 = DIRECTION('', (0., 1., 0.));
#2010 = VECTOR('', #2009, 1.);
#2011 = CARTESIAN_POINT('', (97., -6.900000030099229, 2.5));
#2012 = LINE('', #2011, #2010);
#2013 = DIRECTION('', (-1., -0., 0.));
#2014 = VECTOR('', #2013, 1.);
#2015 = CARTESIAN_POINT('', (97., 3., 2.5));
#2016 = LINE('', #2015, #2014);
#2017 = DIRECTION('', (0., -1., 0.));
#2018 = VECTOR('', #2017, 1.);
#2019 = CARTESIAN_POINT('', (95., 3., 2.5));
#2020 = LINE('', #2019, #2018);
#2021 = DIRECTION('', (0., 1., 0.));
#2022 = VECTOR('', #2021, 1.);
#2023 = CARTESIAN_POINT('', (97., -7., 8.5));
#2024 = LINE('', #2023, #2022);
#2025 = DIRECTION('', (0., -1., 0.));
#2026 = VECTOR('', #2025, 1.);
#2027 = CARTESIAN_POINT('', (95., -6.900000000287529, 8.5));
#2028 = LINE('', #2027, #2026);
#2029 = DIRECTION('', (1., -0., 0.));
#2030 = VECTOR('', #2029, 1.);
#2031 = CARTESIAN_POINT('', (95., -7., 8.5));
#2032 = LINE('', #2031, #2030);
#2033 = DIRECTION('', (0., -0.0000000000000001445602896647339, 1.));
#2034 = VECTOR('', #2033, 1.);
#2035 = CARTESIAN_POINT('', (97., -6.900000000000001, 2.5000000000000355));
#2036 = LINE('', #2035, #2034);
#2037 = DIRECTION('', (0., 0.00000000000000014456028966473397, -1.));
#2038 = VECTOR('', #2037, 1.);
#2039 = CARTESIAN_POINT('', (95., -6.900000000000002, 8.500000000000039));
#2040 = LINE('', #2039, #2038);
#2041 = DIRECTION('', (1., -0.0000000000000001432093036445755, 0.));
#2042 = VECTOR('', #2041, 1.);
#2043 = CARTESIAN_POINT('', (97.00000000000001, -6.900000000000002, 8.5));
#2044 = LINE('', #2043, #2042);
#2045 = DIRECTION('', (1., -0., 0.));
#2046 = VECTOR('', #2045, 1.);
#2047 = CARTESIAN_POINT('', (97., -6.900000000000002, 2.5));
#2048 = LINE('', #2047, #2046);
#2049 = DIRECTION('', (0., -0., 1.));
#2050 = VECTOR('', #2049, 1.);
#2051 = CARTESIAN_POINT('', (95., -7., 0.0000000000000002220446049250313));
#2052 = LINE('', #2051, #2050);
#2053 = DIRECTION('', (0., -0., 1.));
#2054 = VECTOR('', #2053, 1.);
#2055 = CARTESIAN_POINT('', (95., 3., 0.00000000000000005551115123125783));
#2056 = LINE('', #2055, #2054);
#2057 = DIRECTION('', (0., -0., 1.));
#2058 = VECTOR('', #2057, 1.);
#2059 = CARTESIAN_POINT('', (97., 3., 0.00000000000000005551115123125783));
#2060 = LINE('', #2059, #2058);
#2061 = DIRECTION('', (0., -0., 1.));
#2062 = VECTOR('', #2061, 1.);
#2063 = CARTESIAN_POINT('', (97., -7., 0.0000000000000002220446049250313));
#2064 = LINE('', #2063, #2062);
#2065 = DIRECTION('', (1., 0., 0.));
#2066 = DIRECTION('', (0., -0., 1.));
#2067 = CARTESIAN_POINT('', (6.0000000060000005, -2.5, 3.5));
#2068 = AXIS2_PLACEMENT_3D('', #2067, #2066, #2065);
#2069 = CIRCLE('', #2068, 2.0000000090000007);
#2070 = DIRECTION('', (0., -0., 1.));
#2071 = VECTOR('', #2070, 1.);
#2072 = CARTESIAN_POINT('', (8.000000015000001, -2.5, 3.5));
#2073 = LINE('', #2072, #2071);
#2074 = DIRECTION('', (-1., 0.0000000000000002220446039258305, 0.));
#2075 = DIRECTION('', (0., -0., 1.));
#2076 = CARTESIAN_POINT('', (6.0000000060000005, -2.5, 3.5));
#2077 = AXIS2_PLACEMENT_3D('', #2076, #2075, #2074);
#2078 = CIRCLE('', #2077, 2.0000000090000007);
#2079 = DIRECTION('', (0., -0., 1.));
#2080 = VECTOR('', #2079, 1.);
#2081 = CARTESIAN_POINT('', (3.9999999969999998, -2.4999999999999996, 3.5));
#2082 = LINE('', #2081, #2080);
#2083 = DIRECTION('', (1., 0.00000000000008615330632321482, -0.0000000000000026645352471097365));
#2084 = DIRECTION('', (0.000000000000002664535247109552, 0.0000000000000021442523601575297, 1.));
#2085 = CARTESIAN_POINT('', (6.000000005999826, -2.500000000000174, 8.500000000000005));
#2086 = AXIS2_PLACEMENT_3D('', #2085, #2084, #2083);
#2087 = CIRCLE('', #2086, 2.000000009000173);
#2088 = DIRECTION('', (1., -0.00000000000034572344831239866, -0.0000000000000026645352471090454));
#2089 = DIRECTION('', (-0.0000000000000026645352471083043, 0.0000000000000021442523938504767, -1.));
#2090 = CARTESIAN_POINT('', (6.000000005999308, -2.4999999999993103, 8.500000000000005));
#2091 = AXIS2_PLACEMENT_3D('', #2090, #2089, #2088);
#2092 = CIRCLE('', #2091, 2.0000000090006917);
#2093 = DIRECTION('', (0.000000011110466274739252, -1., 0.0000000000000017763568314064697));
#2094 = DIRECTION('', (-0.000000000000000628035146403497, -0.0000000000000017763568383842333, -1.0000000000000002));
#2095 = CARTESIAN_POINT('', (6.000000006000199, -2.4999999999998046, 8.499999999999998));
#2096 = AXIS2_PLACEMENT_3D('', #2095, #2094, #2093);
#2097 = CIRCLE('', #2096, 2.000000009000197);
#2098 = DIRECTION('', (-0.000000011110905034873886, 1., -0.0000000000000017763568314060342));
#2099 = DIRECTION('', (-0.0000000000000021442524135864753, 0.0000000000000017763568075814496, 1.0000000000000002));
#2100 = CARTESIAN_POINT('', (6.000000006000683, -2.5000000000006875, 8.500000000000004));
#2101 = AXIS2_PLACEMENT_3D('', #2100, #2099, #2098);
#2102 = CIRCLE('', #2101, 2.0000000090006873);
#2103 = DIRECTION('', (1., -0.0000000000000071054273256266645, 0.));
#2104 = DIRECTION('', (-0., -0., 1.));
#2105 = CARTESIAN_POINT('', (104.00000000600002, -2.499999999999986, 3.5));
#2106 = AXIS2_PLACEMENT_3D('', #2105, #2104, #2103);
#2107 = CIRCLE('', #2106, 2.000000008999976);
#2108 = DIRECTION('', (0., -0., 1.));
#2109 = VECTOR('', #2108, 1.);
#2110 = CARTESIAN_POINT('', (106.000000015, -2.5, 3.5));
#2111 = LINE('', #2110, #2109);
#2112 = DIRECTION('', (-1., 0.00000000000000022204460392582853, 0.));
#2113 = DIRECTION('', (0., -0., 1.));
#2114 = CARTESIAN_POINT('', (104.00000000600002, -2.5, 3.5));
#2115 = AXIS2_PLACEMENT_3D('', #2114, #2113, #2112);
#2116 = CIRCLE('', #2115, 2.0000000090000185);
#2117 = DIRECTION('', (0., -0., 1.));
#2118 = VECTOR('', #2117, 1.);
#2119 = CARTESIAN_POINT('', (101.999999997, -2.4999999999999996, 3.5));
#2120 = LINE('', #2119, #2118);
#2121 = DIRECTION('', (1., 0.000000000000048849812863680194, 0.));
#2122 = DIRECTION('', (0.00000000000000000000000000007406674925234428, -0.0000000000000015162135719748653, 1.));
#2123 = CARTESIAN_POINT('', (104.00000000599988, -2.5000000000000986, 8.499999999999998));
#2124 = AXIS2_PLACEMENT_3D('', #2123, #2122, #2121);
#2125 = CIRCLE('', #2124, 2.0000000090001038);
#2126 = DIRECTION('', (1., -0.000000000008095302169858429, 0.));
#2127 = DIRECTION('', (0., -0., -1.));
#2128 = CARTESIAN_POINT('', (104.00000000598283, -2.4999999999838107, 8.5));
#2129 = AXIS2_PLACEMENT_3D('', #2128, #2127, #2126);
#2130 = CIRCLE('', #2129, 2.000000009017171);
#2131 = DIRECTION('', (0.000000018956811146399945, -0.9999999999999998, -0.0000000000000026645352470863144));
#2132 = DIRECTION('', (0.0000000000000021442522977416625, 0.000000000000002664535287734501, -0.9999999999999999));
#2133 = CARTESIAN_POINT('', (104.00000000601776, -2.4999999999832254, 8.500000000000005));
#2134 = AXIS2_PLACEMENT_3D('', #2133, #2132, #2131);
#2135 = CIRCLE('', #2134, 2.0000000090177537);
#2136 = DIRECTION('', (-0.00000001111091302847964, 1., -0.000000000000004440892078515091));
#2137 = DIRECTION('', (-0.000000000000002772287615386594, 0.0000000000000044408920477124445, 1.0000000000000002));
#2138 = CARTESIAN_POINT('', (104.00000000600069, -2.500000000000686, 8.500000000000007));
#2139 = AXIS2_PLACEMENT_3D('', #2138, #2137, #2136);
#2140 = CIRCLE('', #2139, 2.000000009000685);
#2141 = DIRECTION('', (1., -0.000000000000007105427325626567, 0.));
#2142 = DIRECTION('', (-0., -0., 1.));
#2143 = CARTESIAN_POINT('', (6.000000005999998, 101.00000000000001, 3.5));
#2144 = AXIS2_PLACEMENT_3D('', #2143, #2142, #2141);
#2145 = CIRCLE('', #2144, 2.0000000090000034);
#2146 = DIRECTION('', (0., -0., 1.));
#2147 = VECTOR('', #2146, 1.);
#2148 = CARTESIAN_POINT('', (8.000000015000001, 101., 3.5));
#2149 = LINE('', #2148, #2147);
#2150 = DIRECTION('', (-1., 0., 0.));
#2151 = DIRECTION('', (0., 0., 1.));
#2152 = CARTESIAN_POINT('', (6.000000005999998, 101., 3.5));
#2153 = AXIS2_PLACEMENT_3D('', #2152, #2151, #2150);
#2154 = CIRCLE('', #2153, 2.000000008999998);
#2155 = DIRECTION('', (0., -0., 1.));
#2156 = VECTOR('', #2155, 1.);
#2157 = CARTESIAN_POINT('', (3.9999999969999998, 101., 3.5));
#2158 = LINE('', #2157, #2156);
#2159 = DIRECTION('', (1., -0.0000000000027426949476994196, 0.));
#2160 = DIRECTION('', (-0., -0., 1.));
#2161 = CARTESIAN_POINT('', (6.000000006005514, 101.00000000000549, 8.5));
#2162 = AXIS2_PLACEMENT_3D('', #2161, #2160, #2159);
#2163 = CIRCLE('', #2162, 2.000000008994487);
#2164 = DIRECTION('', (1., 0.0000000000016697754215250217, -0.000000000000003552713662819195));
#2165 = DIRECTION('', (-0.000000000000003552713662823824, 0.0000000000000027722904642173268, -1.));
#2166 = CARTESIAN_POINT('', (6.000000006003326, 100.99999999999666, 8.500000000000007));
#2167 = AXIS2_PLACEMENT_3D('', #2166, #2165, #2164);
#2168 = CIRCLE('', #2167, 2.0000000089966754);
#2169 = DIRECTION('', (0.0000000021057275828241823, -1., -0.0000000000000026645352471172314));
#2170 = DIRECTION('', (0.000000000000003660468859776032, 0.000000000000002664535254825182, -1.));
#2171 = CARTESIAN_POINT('', (6.0000000059945435, 100.99999999999454, 8.500000000000007));
#2172 = AXIS2_PLACEMENT_3D('', #2171, #2170, #2169);
#2173 = CIRCLE('', #2172, 2.0000000089945473);
#2174 = DIRECTION('', (-0.000000002101336872823901, 1., -0.0000000000000026645352471143915));
#2175 = DIRECTION('', (-0.000000000000002144252385786172, 0.0000000000000026645352426085948, 1.));
#2176 = CARTESIAN_POINT('', (6.000000005996675, 101.00000000000331, 8.500000000000005));
#2177 = AXIS2_PLACEMENT_3D('', #2176, #2175, #2174);
#2178 = CIRCLE('', #2177, 2.000000008996679);
#2179 = DIRECTION('', (1., -0.0000000000000071054273256266645, 0.));
#2180 = DIRECTION('', (-0., -0., 1.));
#2181 = CARTESIAN_POINT('', (104.00000000600002, 101.00000000000001, 3.5));
#2182 = AXIS2_PLACEMENT_3D('', #2181, #2180, #2179);
#2183 = CIRCLE('', #2182, 2.000000008999976);
#2184 = DIRECTION('', (0., -0., 1.));
#2185 = VECTOR('', #2184, 1.);
#2186 = CARTESIAN_POINT('', (106.000000015, 101., 3.5));
#2187 = LINE('', #2186, #2185);
#2188 = DIRECTION('', (-1., 0.000000000000014210854651253228, 0.));
#2189 = DIRECTION('', (0., -0., 1.));
#2190 = CARTESIAN_POINT('', (104.000000006, 100.99999999999997, 3.5));
#2191 = AXIS2_PLACEMENT_3D('', #2190, #2189, #2188);
#2192 = CIRCLE('', #2191, 2.00000000899999);
#2193 = DIRECTION('', (0., -0., 1.));
#2194 = VECTOR('', #2193, 1.);
#2195 = CARTESIAN_POINT('', (101.999999997, 101., 3.5));
#2196 = LINE('', #2195, #2194);
#2197 = DIRECTION('', (1., -0.0000000000027711166570020783, 0.000000000000005329070494234766));
#2198 = DIRECTION('', (-0.000000000000005329070494244189, -0.0000000000000034003285292837775, 1.));
#2199 = CARTESIAN_POINT('', (104.00000000600558, 101.00000000000554, 8.49999999999999));
#2200 = AXIS2_PLACEMENT_3D('', #2199, #2198, #2197);
#2201 = CIRCLE('', #2200, 2.0000000089944336);
#2202 = DIRECTION('', (1., 0.0000000000016200374302454695, 0.));
#2203 = DIRECTION('', (0., -0., -1.));
#2204 = CARTESIAN_POINT('', (104.00000000600323, 100.99999999999676, 8.5));
#2205 = AXIS2_PLACEMENT_3D('', #2204, #2203, #2202);
#2206 = CIRCLE('', #2205, 2.0000000089967784);
#2207 = DIRECTION('', (0.000000002105771547655909, -1., -0.000000000000004440892078529035));
#2208 = DIRECTION('', (0.000000000000004288504738266268, 0.000000000000004440892087559646, -1.));
#2209 = CARTESIAN_POINT('', (104.00000000599442, 100.9999999999944, 8.500000000000009));
#2210 = AXIS2_PLACEMENT_3D('', #2209, #2208, #2207);
#2211 = CIRCLE('', #2210, 2.000000008994405);
#2212 = DIRECTION('', (-0.0000000021013306555750063, 1., -0.0000000000000008881784157048035));
#2213 = DIRECTION('', (0.0000000000000008881806211582924, 0.0000000000000008881784175711647, 1.));
#2214 = CARTESIAN_POINT('', (104.00000000599665, 101.00000000000331, 8.499999999999998));
#2215 = AXIS2_PLACEMENT_3D('', #2214, #2213, #2212);
#2216 = CIRCLE('', #2215, 2.0000000089966647);
#2217 = DIRECTION('', (0., -0., -1.));
#2218 = VECTOR('', #2217, 1.);
#2219 = CARTESIAN_POINT('', (-0.7500000000000008, 19., 7.5));
#2220 = LINE('', #2219, #2218);
#2221 = DIRECTION('', (0., -0., 1.));
#2222 = VECTOR('', #2221, 1.);
#2223 = CARTESIAN_POINT('', (-0.7500000000000007, 9., 4.4));
#2224 = LINE('', #2223, #2222);
#2225 = DIRECTION('', (-0.000000000000000010842021724855044, 1., 0.));
#2226 = VECTOR('', #2225, 1.);
#2227 = CARTESIAN_POINT('', (-0.7500000000000007, 9., 4.4));
#2228 = LINE('', #2227, #2226);
#2229 = DIRECTION('', (-1., -0., 0.));
#2230 = VECTOR('', #2229, 1.);
#2231 = CARTESIAN_POINT('', (1.7499999999999993, 19., 7.5));
#2232 = LINE('', #2231, #2230);
#2233 = DIRECTION('', (1., -0., 0.));
#2234 = VECTOR('', #2233, 1.);
#2235 = CARTESIAN_POINT('', (-0.7500000000000009, 9., 7.5));
#2236 = LINE('', #2235, #2234);
#2237 = DIRECTION('', (0., -0., -1.));
#2238 = VECTOR('', #2237, 1.);
#2239 = CARTESIAN_POINT('', (1.7499999999999996, 19., 7.500000000000002));
#2240 = LINE('', #2239, #2238);
#2241 = DIRECTION('', (0., -0., 1.));
#2242 = VECTOR('', #2241, 1.);
#2243 = CARTESIAN_POINT('', (1.7499999999999996, 9., 4.4));
#2244 = LINE('', #2243, #2242);
#2245 = DIRECTION('', (0., 1., 0.));
#2246 = VECTOR('', #2245, 1.);
#2247 = CARTESIAN_POINT('', (1.7499999999999996, 9., 4.4));
#2248 = LINE('', #2247, #2246);
#2249 = DIRECTION('', (-1., -0., 0.));
#2250 = VECTOR('', #2249, 1.);
#2251 = CARTESIAN_POINT('', (1.7500000000000004, 19., 4.4));
#2252 = LINE('', #2251, #2250);
#2253 = DIRECTION('', (0., -1., 0.));
#2254 = VECTOR('', #2253, 1.);
#2255 = CARTESIAN_POINT('', (1.7499999999999996, 9., 7.5));
#2256 = LINE('', #2255, #2254);
#2257 = DIRECTION('', (0.000000000000000018855689956269643, -1., 0.));
#2258 = VECTOR('', #2257, 1.);
#2259 = CARTESIAN_POINT('', (-0.7500000000000008, 9., 7.5));
#2260 = LINE('', #2259, #2258);
#2261 = DIRECTION('', (1., -0., 0.));
#2262 = VECTOR('', #2261, 1.);
#2263 = CARTESIAN_POINT('', (-0.7500000000000007, 9., 4.4));
#2264 = LINE('', #2263, #2262);
#2265 = DIRECTION('', (0., -0., -1.));
#2266 = VECTOR('', #2265, 1.);
#2267 = CARTESIAN_POINT('', (-0.7500000000000009, 71., 7.5));
#2268 = LINE('', #2267, #2266);
#2269 = DIRECTION('', (0., -0., 1.));
#2270 = VECTOR('', #2269, 1.);
#2271 = CARTESIAN_POINT('', (-0.7500000000000009, 61., 4.4));
#2272 = LINE('', #2271, #2270);
#2273 = DIRECTION('', (0., 1., 0.));
#2274 = VECTOR('', #2273, 1.);
#2275 = CARTESIAN_POINT('', (-0.7500000000000009, 61., 4.4));
#2276 = LINE('', #2275, #2274);
#2277 = DIRECTION('', (-1., -0., 0.));
#2278 = VECTOR('', #2277, 1.);
#2279 = CARTESIAN_POINT('', (1.7499999999999991, 71., 7.5));
#2280 = LINE('', #2279, #2278);
#2281 = DIRECTION('', (1., -0., 0.));
#2282 = VECTOR('', #2281, 1.);
#2283 = CARTESIAN_POINT('', (-0.7500000000000009, 61., 7.5));
#2284 = LINE('', #2283, #2282);
#2285 = DIRECTION('', (0., -0., -1.));
#2286 = VECTOR('', #2285, 1.);
#2287 = CARTESIAN_POINT('', (1.7499999999999993, 71., 7.500000000000002));
#2288 = LINE('', #2287, #2286);
#2289 = DIRECTION('', (0., -0., 1.));
#2290 = VECTOR('', #2289, 1.);
#2291 = CARTESIAN_POINT('', (1.7499999999999993, 61., 4.4));
#2292 = LINE('', #2291, #2290);
#2293 = DIRECTION('', (0., 1., 0.));
#2294 = VECTOR('', #2293, 1.);
#2295 = CARTESIAN_POINT('', (1.7499999999999993, 61., 4.4));
#2296 = LINE('', #2295, #2294);
#2297 = DIRECTION('', (-1., -0., 0.));
#2298 = VECTOR('', #2297, 1.);
#2299 = CARTESIAN_POINT('', (1.7500000000000004, 71., 4.4));
#2300 = LINE('', #2299, #2298);
#2301 = DIRECTION('', (0., -1., 0.));
#2302 = VECTOR('', #2301, 1.);
#2303 = CARTESIAN_POINT('', (1.7499999999999996, 61.00000000000001, 7.5));
#2304 = LINE('', #2303, #2302);
#2305 = DIRECTION('', (0.000000000000000002581433744013106, -1., 0.));
#2306 = VECTOR('', #2305, 1.);
#2307 = CARTESIAN_POINT('', (-0.7500000000000009, 61., 7.5));
#2308 = LINE('', #2307, #2306);
#2309 = DIRECTION('', (1., -0., 0.));
#2310 = VECTOR('', #2309, 1.);
#2311 = CARTESIAN_POINT('', (-0.7500000000000007, 61., 4.4));
#2312 = LINE('', #2311, #2310);
#2313 = DIRECTION('', (0., -0., 1.));
#2314 = VECTOR('', #2313, 1.);
#2315 = CARTESIAN_POINT('', (110.75, 19., 4.4));
#2316 = LINE('', #2315, #2314);
#2317 = DIRECTION('', (0., -0., -1.));
#2318 = VECTOR('', #2317, 1.);
#2319 = CARTESIAN_POINT('', (110.75, 9., 7.5));
#2320 = LINE('', #2319, #2318);
#2321 = DIRECTION('', (0., -1., 0.));
#2322 = VECTOR('', #2321, 1.);
#2323 = CARTESIAN_POINT('', (110.75, 19., 4.4));
#2324 = LINE('', #2323, #2322);
#2325 = DIRECTION('', (-1., -0., 0.));
#2326 = VECTOR('', #2325, 1.);
#2327 = CARTESIAN_POINT('', (110.75, 19., 7.5));
#2328 = LINE('', #2327, #2326);
#2329 = DIRECTION('', (1., -0., 0.));
#2330 = VECTOR('', #2329, 1.);
#2331 = CARTESIAN_POINT('', (108.25, 9., 7.5));
#2332 = LINE('', #2331, #2330);
#2333 = DIRECTION('', (0., -0., 1.));
#2334 = VECTOR('', #2333, 1.);
#2335 = CARTESIAN_POINT('', (108.25, 19., 4.4));
#2336 = LINE('', #2335, #2334);
#2337 = DIRECTION('', (0., -0., -1.));
#2338 = VECTOR('', #2337, 1.);
#2339 = CARTESIAN_POINT('', (108.25, 9., 7.500000000000002));
#2340 = LINE('', #2339, #2338);
#2341 = DIRECTION('', (0., -1., 0.));
#2342 = VECTOR('', #2341, 1.);
#2343 = CARTESIAN_POINT('', (108.25, 19., 4.4));
#2344 = LINE('', #2343, #2342);
#2345 = DIRECTION('', (1., -0., 0.));
#2346 = VECTOR('', #2345, 1.);
#2347 = CARTESIAN_POINT('', (108.25, 9., 4.4));
#2348 = LINE('', #2347, #2346);
#2349 = DIRECTION('', (0., 1., 0.));
#2350 = VECTOR('', #2349, 1.);
#2351 = CARTESIAN_POINT('', (108.25, 19.000000000000004, 7.5));
#2352 = LINE('', #2351, #2350);
#2353 = DIRECTION('', (0., 1., 0.));
#2354 = VECTOR('', #2353, 1.);
#2355 = CARTESIAN_POINT('', (110.75, 18.999999999999996, 7.5));
#2356 = LINE('', #2355, #2354);
#2357 = DIRECTION('', (-1., -0., 0.));
#2358 = VECTOR('', #2357, 1.);
#2359 = CARTESIAN_POINT('', (110.75, 19., 4.4));
#2360 = LINE('', #2359, #2358);
#2361 = DIRECTION('', (0., -0., 1.));
#2362 = VECTOR('', #2361, 1.);
#2363 = CARTESIAN_POINT('', (110.75, 71., 4.4));
#2364 = LINE('', #2363, #2362);
#2365 = DIRECTION('', (0., -0., -1.));
#2366 = VECTOR('', #2365, 1.);
#2367 = CARTESIAN_POINT('', (110.75, 61., 7.5));
#2368 = LINE('', #2367, #2366);
#2369 = DIRECTION('', (0., -1., 0.));
#2370 = VECTOR('', #2369, 1.);
#2371 = CARTESIAN_POINT('', (110.75, 71., 4.4));
#2372 = LINE('', #2371, #2370);
#2373 = DIRECTION('', (0., -0., 1.));
#2374 = VECTOR('', #2373, 1.);
#2375 = CARTESIAN_POINT('', (108.25, 71., 4.4));
#2376 = LINE('', #2375, #2374);
#2377 = DIRECTION('', (0., -0., -1.));
#2378 = VECTOR('', #2377, 1.);
#2379 = CARTESIAN_POINT('', (108.25, 61., 7.500000000000002));
#2380 = LINE('', #2379, #2378);
#2381 = DIRECTION('', (0., -1., 0.));
#2382 = VECTOR('', #2381, 1.);
#2383 = CARTESIAN_POINT('', (108.25, 71., 4.4));
#2384 = LINE('', #2383, #2382);
#2385 = DIRECTION('', (-1., -0., 0.));
#2386 = VECTOR('', #2385, 1.);
#2387 = CARTESIAN_POINT('', (110.75, 71., 7.5));
#2388 = LINE('', #2387, #2386);
#2389 = DIRECTION('', (1., -0., 0.));
#2390 = VECTOR('', #2389, 1.);
#2391 = CARTESIAN_POINT('', (108.25, 61., 7.5));
#2392 = LINE('', #2391, #2390);
#2393 = DIRECTION('', (1., -0., 0.));
#2394 = VECTOR('', #2393, 1.);
#2395 = CARTESIAN_POINT('', (108.25, 61., 4.4));
#2396 = LINE('', #2395, #2394);
#2397 = DIRECTION('', (0., 1., 0.));
#2398 = VECTOR('', #2397, 1.);
#2399 = CARTESIAN_POINT('', (108.25, 71., 7.5));
#2400 = LINE('', #2399, #2398);
#2401 = DIRECTION('', (0., 1., 0.));
#2402 = VECTOR('', #2401, 1.);
#2403 = CARTESIAN_POINT('', (110.75, 71., 7.5));
#2404 = LINE('', #2403, #2402);
#2405 = DIRECTION('', (-1., -0., 0.));
#2406 = VECTOR('', #2405, 1.);
#2407 = CARTESIAN_POINT('', (110.75, 71., 4.4));
#2408 = LINE('', #2407, #2406);
#2409 = DIRECTION('', (0., 1., 0.));
#2410 = VECTOR('', #2409, 1.);
#2411 = CARTESIAN_POINT('', (1.85, 10., 4.3));
#2412 = LINE('', #2411, #2410);
#2413 = DIRECTION('', (0., -0., 1.));
#2414 = VECTOR('', #2413, 1.);
#2415 = CARTESIAN_POINT('', (1.85, 18., 4.3));
#2416 = LINE('', #2415, #2414);
#2417 = DIRECTION('', (0., 1., 0.));
#2418 = VECTOR('', #2417, 1.);
#2419 = CARTESIAN_POINT('', (1.85, 10., 8.1));
#2420 = LINE('', #2419, #2418);
#2421 = DIRECTION('', (0., -0., 1.));
#2422 = VECTOR('', #2421, 1.);
#2423 = CARTESIAN_POINT('', (1.85, 10., 4.3));
#2424 = LINE('', #2423, #2422);
#2425 = DIRECTION('', (-1., -0., 0.));
#2426 = VECTOR('', #2425, 1.);
#2427 = CARTESIAN_POINT('', (1.85, 18., 8.1));
#2428 = LINE('', #2427, #2426);
#2429 = DIRECTION('', (0., -1., 0.));
#2430 = VECTOR('', #2429, 1.);
#2431 = CARTESIAN_POINT('', (0.8500000000000001, 18., 8.1));
#2432 = LINE('', #2431, #2430);
#2433 = DIRECTION('', (1., -0., 0.));
#2434 = VECTOR('', #2433, 1.);
#2435 = CARTESIAN_POINT('', (0.8500000000000001, 10., 8.1));
#2436 = LINE('', #2435, #2434);
#2437 = DIRECTION('', (0., -0., -1.));
#2438 = VECTOR('', #2437, 1.);
#2439 = CARTESIAN_POINT('', (1.7499999999999996, 18., 4.4));
#2440 = LINE('', #2439, #2438);
#2441 = DIRECTION('', (0., -0., 1.));
#2442 = VECTOR('', #2441, 1.);
#2443 = CARTESIAN_POINT('', (1.7499999999999996, 10., 4.3));
#2444 = LINE('', #2443, #2442);
#2445 = DIRECTION('', (-1., -0., 0.));
#2446 = VECTOR('', #2445, 1.);
#2447 = CARTESIAN_POINT('', (1.85, 18., 4.3));
#2448 = LINE('', #2447, #2446);
#2449 = DIRECTION('', (1., -0., 0.));
#2450 = VECTOR('', #2449, 1.);
#2451 = CARTESIAN_POINT('', (1.7499999999999996, 10., 4.3));
#2452 = LINE('', #2451, #2450);
#2453 = DIRECTION('', (-1., -0., 0.));
#2454 = VECTOR('', #2453, 1.);
#2455 = CARTESIAN_POINT('', (1.7500000000000004, 18., 4.4));
#2456 = LINE('', #2455, #2454);
#2457 = DIRECTION('', (0., -1., 0.));
#2458 = VECTOR('', #2457, 1.);
#2459 = CARTESIAN_POINT('', (0.8500000000000001, 18., 4.4));
#2460 = LINE('', #2459, #2458);
#2461 = DIRECTION('', (1., -0., 0.));
#2462 = VECTOR('', #2461, 1.);
#2463 = CARTESIAN_POINT('', (0.8499999999999996, 10., 4.4));
#2464 = LINE('', #2463, #2462);
#2465 = DIRECTION('', (0., -0., 1.));
#2466 = VECTOR('', #2465, 1.);
#2467 = CARTESIAN_POINT('', (0.8500000000000001, 18., 4.4));
#2468 = LINE('', #2467, #2466);
#2469 = DIRECTION('', (0., -0., 1.));
#2470 = VECTOR('', #2469, 1.);
#2471 = CARTESIAN_POINT('', (0.8500000000000001, 10., 4.4));
#2472 = LINE('', #2471, #2470);
#2473 = DIRECTION('', (0., -1., 0.));
#2474 = VECTOR('', #2473, 1.);
#2475 = CARTESIAN_POINT('', (1.7499999999999993, 10., 4.3));
#2476 = LINE('', #2475, #2474);
#2477 = DIRECTION('', (-0.0000000000000002168404344971007, 1., 0.));
#2478 = VECTOR('', #2477, 1.);
#2479 = CARTESIAN_POINT('', (1.7499999999999998, 18., 4.4));
#2480 = LINE('', #2479, #2478);
#2481 = DIRECTION('', (0., 1., 0.));
#2482 = VECTOR('', #2481, 1.);
#2483 = CARTESIAN_POINT('', (1.85, 62., 4.3));
#2484 = LINE('', #2483, #2482);
#2485 = DIRECTION('', (0., -0., 1.));
#2486 = VECTOR('', #2485, 1.);
#2487 = CARTESIAN_POINT('', (1.85, 70., 4.3));
#2488 = LINE('', #2487, #2486);
#2489 = DIRECTION('', (0., 1., 0.));
#2490 = VECTOR('', #2489, 1.);
#2491 = CARTESIAN_POINT('', (1.85, 62., 8.1));
#2492 = LINE('', #2491, #2490);
#2493 = DIRECTION('', (0., -0., 1.));
#2494 = VECTOR('', #2493, 1.);
#2495 = CARTESIAN_POINT('', (1.85, 62., 4.3));
#2496 = LINE('', #2495, #2494);
#2497 = DIRECTION('', (-1., -0., 0.));
#2498 = VECTOR('', #2497, 1.);
#2499 = CARTESIAN_POINT('', (1.85, 70., 8.1));
#2500 = LINE('', #2499, #2498);
#2501 = DIRECTION('', (0., -1., 0.));
#2502 = VECTOR('', #2501, 1.);
#2503 = CARTESIAN_POINT('', (0.8500000000000001, 70., 8.1));
#2504 = LINE('', #2503, #2502);
#2505 = DIRECTION('', (1., -0., 0.));
#2506 = VECTOR('', #2505, 1.);
#2507 = CARTESIAN_POINT('', (0.8500000000000001, 62., 8.1));
#2508 = LINE('', #2507, #2506);
#2509 = DIRECTION('', (0., -0., -1.));
#2510 = VECTOR('', #2509, 1.);
#2511 = CARTESIAN_POINT('', (1.7499999999999991, 70., 4.4));
#2512 = LINE('', #2511, #2510);
#2513 = DIRECTION('', (0., -0., 1.));
#2514 = VECTOR('', #2513, 1.);
#2515 = CARTESIAN_POINT('', (1.7499999999999991, 62., 4.3));
#2516 = LINE('', #2515, #2514);
#2517 = DIRECTION('', (-1., -0., 0.));
#2518 = VECTOR('', #2517, 1.);
#2519 = CARTESIAN_POINT('', (1.85, 70., 4.3));
#2520 = LINE('', #2519, #2518);
#2521 = DIRECTION('', (1., -0., 0.));
#2522 = VECTOR('', #2521, 1.);
#2523 = CARTESIAN_POINT('', (1.7499999999999991, 62., 4.3));
#2524 = LINE('', #2523, #2522);
#2525 = DIRECTION('', (-1., -0., 0.));
#2526 = VECTOR('', #2525, 1.);
#2527 = CARTESIAN_POINT('', (1.7500000000000004, 70., 4.4));
#2528 = LINE('', #2527, #2526);
#2529 = DIRECTION('', (0., -1., 0.));
#2530 = VECTOR('', #2529, 1.);
#2531 = CARTESIAN_POINT('', (0.8500000000000001, 70., 4.4));
#2532 = LINE('', #2531, #2530);
#2533 = DIRECTION('', (1., -0., 0.));
#2534 = VECTOR('', #2533, 1.);
#2535 = CARTESIAN_POINT('', (0.8499999999999996, 62., 4.4));
#2536 = LINE('', #2535, #2534);
#2537 = DIRECTION('', (0., -0., 1.));
#2538 = VECTOR('', #2537, 1.);
#2539 = CARTESIAN_POINT('', (0.8500000000000001, 70., 4.4));
#2540 = LINE('', #2539, #2538);
#2541 = DIRECTION('', (0., -0., 1.));
#2542 = VECTOR('', #2541, 1.);
#2543 = CARTESIAN_POINT('', (0.8500000000000001, 62., 4.4));
#2544 = LINE('', #2543, #2542);
#2545 = DIRECTION('', (0.000000000000000004928191693115928, -1., 0.));
#2546 = VECTOR('', #2545, 1.);
#2547 = CARTESIAN_POINT('', (1.7499999999999991, 62.00000000000001, 4.3));
#2548 = LINE('', #2547, #2546);
#2549 = DIRECTION('', (0., 1., 0.));
#2550 = VECTOR('', #2549, 1.);
#2551 = CARTESIAN_POINT('', (1.7499999999999993, 70., 4.4));
#2552 = LINE('', #2551, #2550);
#2553 = DIRECTION('', (0., 1., 0.));
#2554 = VECTOR('', #2553, 1.);
#2555 = CARTESIAN_POINT('', (109.15, 10., 8.1));
#2556 = LINE('', #2555, #2554);
#2557 = DIRECTION('', (0., -0., 1.));
#2558 = VECTOR('', #2557, 1.);
#2559 = CARTESIAN_POINT('', (108.15, 18., 4.3));
#2560 = LINE('', #2559, #2558);
#2561 = DIRECTION('', (-1., -0., 0.));
#2562 = VECTOR('', #2561, 1.);
#2563 = CARTESIAN_POINT('', (109.15, 18., 8.1));
#2564 = LINE('', #2563, #2562);
#2565 = DIRECTION('', (0., -1., 0.));
#2566 = VECTOR('', #2565, 1.);
#2567 = CARTESIAN_POINT('', (108.15, 18., 4.3));
#2568 = LINE('', #2567, #2566);
#2569 = DIRECTION('', (0., -0., 1.));
#2570 = VECTOR('', #2569, 1.);
#2571 = CARTESIAN_POINT('', (108.15, 10., 4.3));
#2572 = LINE('', #2571, #2570);
#2573 = DIRECTION('', (0., -1., 0.));
#2574 = VECTOR('', #2573, 1.);
#2575 = CARTESIAN_POINT('', (108.15, 18., 8.1));
#2576 = LINE('', #2575, #2574);
#2577 = DIRECTION('', (1., -0., 0.));
#2578 = VECTOR('', #2577, 1.);
#2579 = CARTESIAN_POINT('', (108.15, 10., 8.1));
#2580 = LINE('', #2579, #2578);
#2581 = DIRECTION('', (0., -0., 1.));
#2582 = VECTOR('', #2581, 1.);
#2583 = CARTESIAN_POINT('', (108.25, 18., 4.3));
#2584 = LINE('', #2583, #2582);
#2585 = DIRECTION('', (0., -0., -1.));
#2586 = VECTOR('', #2585, 1.);
#2587 = CARTESIAN_POINT('', (108.25, 10., 4.4));
#2588 = LINE('', #2587, #2586);
#2589 = DIRECTION('', (-1., -0., 0.));
#2590 = VECTOR('', #2589, 1.);
#2591 = CARTESIAN_POINT('', (108.25, 18., 4.3));
#2592 = LINE('', #2591, #2590);
#2593 = DIRECTION('', (1., -0., 0.));
#2594 = VECTOR('', #2593, 1.);
#2595 = CARTESIAN_POINT('', (108.15, 10., 4.3));
#2596 = LINE('', #2595, #2594);
#2597 = DIRECTION('', (0., 1., 0.));
#2598 = VECTOR('', #2597, 1.);
#2599 = CARTESIAN_POINT('', (109.15, 10., 4.4));
#2600 = LINE('', #2599, #2598);
#2601 = DIRECTION('', (-1., -0., 0.));
#2602 = VECTOR('', #2601, 1.);
#2603 = CARTESIAN_POINT('', (109.15, 18., 4.4));
#2604 = LINE('', #2603, #2602);
#2605 = DIRECTION('', (1., -0., 0.));
#2606 = VECTOR('', #2605, 1.);
#2607 = CARTESIAN_POINT('', (108.25, 10., 4.4));
#2608 = LINE('', #2607, #2606);
#2609 = DIRECTION('', (0., -0., 1.));
#2610 = VECTOR('', #2609, 1.);
#2611 = CARTESIAN_POINT('', (109.15, 18., 4.4));
#2612 = LINE('', #2611, #2610);
#2613 = DIRECTION('', (0., -0., 1.));
#2614 = VECTOR('', #2613, 1.);
#2615 = CARTESIAN_POINT('', (109.15, 10., 4.4));
#2616 = LINE('', #2615, #2614);
#2617 = DIRECTION('', (0., -1., 0.));
#2618 = VECTOR('', #2617, 1.);
#2619 = CARTESIAN_POINT('', (108.25, 10., 4.4));
#2620 = LINE('', #2619, #2618);
#2621 = DIRECTION('', (0., 1., 0.));
#2622 = VECTOR('', #2621, 1.);
#2623 = CARTESIAN_POINT('', (108.25, 18., 4.3));
#2624 = LINE('', #2623, #2622);
#2625 = DIRECTION('', (0., 1., 0.));
#2626 = VECTOR('', #2625, 1.);
#2627 = CARTESIAN_POINT('', (109.15, 62., 8.1));
#2628 = LINE('', #2627, #2626);
#2629 = DIRECTION('', (0., -0., 1.));
#2630 = VECTOR('', #2629, 1.);
#2631 = CARTESIAN_POINT('', (108.15, 70., 4.3));
#2632 = LINE('', #2631, #2630);
#2633 = DIRECTION('', (-1., -0., 0.));
#2634 = VECTOR('', #2633, 1.);
#2635 = CARTESIAN_POINT('', (109.15, 70., 8.1));
#2636 = LINE('', #2635, #2634);
#2637 = DIRECTION('', (0., -1., 0.));
#2638 = VECTOR('', #2637, 1.);
#2639 = CARTESIAN_POINT('', (108.15, 70., 4.3));
#2640 = LINE('', #2639, #2638);
#2641 = DIRECTION('', (0., -0., 1.));
#2642 = VECTOR('', #2641, 1.);
#2643 = CARTESIAN_POINT('', (108.15, 62., 4.3));
#2644 = LINE('', #2643, #2642);
#2645 = DIRECTION('', (0., -1., 0.));
#2646 = VECTOR('', #2645, 1.);
#2647 = CARTESIAN_POINT('', (108.15, 70., 8.1));
#2648 = LINE('', #2647, #2646);
#2649 = DIRECTION('', (1., -0., 0.));
#2650 = VECTOR('', #2649, 1.);
#2651 = CARTESIAN_POINT('', (108.15, 62., 8.1));
#2652 = LINE('', #2651, #2650);
#2653 = DIRECTION('', (0., -0., 1.));
#2654 = VECTOR('', #2653, 1.);
#2655 = CARTESIAN_POINT('', (108.25, 70., 4.3));
#2656 = LINE('', #2655, #2654);
#2657 = DIRECTION('', (0., -0., -1.));
#2658 = VECTOR('', #2657, 1.);
#2659 = CARTESIAN_POINT('', (108.25, 62., 4.4));
#2660 = LINE('', #2659, #2658);
#2661 = DIRECTION('', (-1., -0., 0.));
#2662 = VECTOR('', #2661, 1.);
#2663 = CARTESIAN_POINT('', (108.25, 70., 4.3));
#2664 = LINE('', #2663, #2662);
#2665 = DIRECTION('', (1., -0., 0.));
#2666 = VECTOR('', #2665, 1.);
#2667 = CARTESIAN_POINT('', (108.15, 62., 4.3));
#2668 = LINE('', #2667, #2666);
#2669 = DIRECTION('', (0., 1., 0.));
#2670 = VECTOR('', #2669, 1.);
#2671 = CARTESIAN_POINT('', (109.15, 62., 4.4));
#2672 = LINE('', #2671, #2670);
#2673 = DIRECTION('', (-1., -0., 0.));
#2674 = VECTOR('', #2673, 1.);
#2675 = CARTESIAN_POINT('', (109.15, 70., 4.4));
#2676 = LINE('', #2675, #2674);
#2677 = DIRECTION('', (1., -0., 0.));
#2678 = VECTOR('', #2677, 1.);
#2679 = CARTESIAN_POINT('', (108.25, 62., 4.4));
#2680 = LINE('', #2679, #2678);
#2681 = DIRECTION('', (0., -0., 1.));
#2682 = VECTOR('', #2681, 1.);
#2683 = CARTESIAN_POINT('', (109.15, 70., 4.4));
#2684 = LINE('', #2683, #2682);
#2685 = DIRECTION('', (0., -0., 1.));
#2686 = VECTOR('', #2685, 1.);
#2687 = CARTESIAN_POINT('', (109.15, 62., 4.4));
#2688 = LINE('', #2687, #2686);
#2689 = DIRECTION('', (0., -1., 0.));
#2690 = VECTOR('', #2689, 1.);
#2691 = CARTESIAN_POINT('', (108.25, 62., 4.4));
#2692 = LINE('', #2691, #2690);
#2693 = DIRECTION('', (-0.000000000000003265361837132821, 1., 0.));
#2694 = VECTOR('', #2693, 1.);
#2695 = CARTESIAN_POINT('', (108.25000000000001, 70., 4.3));
#2696 = LINE('', #2695, #2694);
#2697 = DIRECTION('', (0., 1., 0.));
#2698 = VECTOR('', #2697, 1.);
#2699 = CARTESIAN_POINT('', (2.8500000000000005, 12., 7.3));
#2700 = LINE('', #2699, #2698);
#2701 = DIRECTION('', (0., -0., 1.));
#2702 = VECTOR('', #2701, 1.);
#2703 = CARTESIAN_POINT('', (2.8500000000000005, 16., 7.3));
#2704 = LINE('', #2703, #2702);
#2705 = DIRECTION('', (0., 1., 0.));
#2706 = VECTOR('', #2705, 1.);
#2707 = CARTESIAN_POINT('', (2.8500000000000005, 12., 8.3));
#2708 = LINE('', #2707, #2706);
#2709 = DIRECTION('', (0., -0., 1.));
#2710 = VECTOR('', #2709, 1.);
#2711 = CARTESIAN_POINT('', (2.8500000000000005, 12., 7.3));
#2712 = LINE('', #2711, #2710);
#2713 = DIRECTION('', (-1., -0., 0.));
#2714 = VECTOR('', #2713, 1.);
#2715 = CARTESIAN_POINT('', (2.8500000000000005, 16., 7.3));
#2716 = LINE('', #2715, #2714);
#2717 = DIRECTION('', (-1., -0., 0.));
#2718 = VECTOR('', #2717, 1.);
#2719 = CARTESIAN_POINT('', (2.8500000000000005, 16., 8.3));
#2720 = LINE('', #2719, #2718);
#2721 = DIRECTION('', (-0.00000000000000002710505431213761, -1., 0.));
#2722 = VECTOR('', #2721, 1.);
#2723 = CARTESIAN_POINT('', (0.8500000000000001, 16., 8.3));
#2724 = LINE('', #2723, #2722);
#2725 = DIRECTION('', (1., -0., 0.));
#2726 = VECTOR('', #2725, 1.);
#2727 = CARTESIAN_POINT('', (0.85, 12., 8.3));
#2728 = LINE('', #2727, #2726);
#2729 = DIRECTION('', (0., -0., 1.));
#2730 = VECTOR('', #2729, 1.);
#2731 = CARTESIAN_POINT('', (1.85, 16., 7.3));
#2732 = LINE('', #2731, #2730);
#2733 = DIRECTION('', (0., -0., -1.));
#2734 = VECTOR('', #2733, 1.);
#2735 = CARTESIAN_POINT('', (1.85, 12., 8.1));
#2736 = LINE('', #2735, #2734);
#2737 = DIRECTION('', (0., -1., 0.));
#2738 = VECTOR('', #2737, 1.);
#2739 = CARTESIAN_POINT('', (1.85, 16., 7.3));
#2740 = LINE('', #2739, #2738);
#2741 = DIRECTION('', (-1., -0., 0.));
#2742 = VECTOR('', #2741, 1.);
#2743 = CARTESIAN_POINT('', (1.8500000000000005, 16., 8.1));
#2744 = LINE('', #2743, #2742);
#2745 = DIRECTION('', (1., -0., 0.));
#2746 = VECTOR('', #2745, 1.);
#2747 = CARTESIAN_POINT('', (0.8500000000000001, 12., 8.1));
#2748 = LINE('', #2747, #2746);
#2749 = DIRECTION('', (0., -1., 0.));
#2750 = VECTOR('', #2749, 1.);
#2751 = CARTESIAN_POINT('', (0.8500000000000001, 12.000000000000004, 8.1));
#2752 = LINE('', #2751, #2750);
#2753 = DIRECTION('', (0., -0., 1.));
#2754 = VECTOR('', #2753, 1.);
#2755 = CARTESIAN_POINT('', (0.85, 12., 8.1));
#2756 = LINE('', #2755, #2754);
#2757 = DIRECTION('', (0., -0., 1.));
#2758 = VECTOR('', #2757, 1.);
#2759 = CARTESIAN_POINT('', (0.8500000000000001, 16., 8.1));
#2760 = LINE('', #2759, #2758);
#2761 = DIRECTION('', (1., -0., 0.));
#2762 = VECTOR('', #2761, 1.);
#2763 = CARTESIAN_POINT('', (1.85, 12., 7.3));
#2764 = LINE('', #2763, #2762);
#2765 = DIRECTION('', (-0.00000000000000010842021724855053, 1., 0.));
#2766 = VECTOR('', #2765, 1.);
#2767 = CARTESIAN_POINT('', (1.8500000000000003, 16., 8.1));
#2768 = LINE('', #2767, #2766);
#2769 = DIRECTION('', (0., 1., 0.));
#2770 = VECTOR('', #2769, 1.);
#2771 = CARTESIAN_POINT('', (2.8500000000000005, 64., 7.3));
#2772 = LINE('', #2771, #2770);
#2773 = DIRECTION('', (0., -0., 1.));
#2774 = VECTOR('', #2773, 1.);
#2775 = CARTESIAN_POINT('', (2.8500000000000005, 68., 7.3));
#2776 = LINE('', #2775, #2774);
#2777 = DIRECTION('', (0., 1., 0.));
#2778 = VECTOR('', #2777, 1.);
#2779 = CARTESIAN_POINT('', (2.8500000000000005, 64., 8.3));
#2780 = LINE('', #2779, #2778);
#2781 = DIRECTION('', (0., -0., 1.));
#2782 = VECTOR('', #2781, 1.);
#2783 = CARTESIAN_POINT('', (2.8500000000000005, 64., 7.3));
#2784 = LINE('', #2783, #2782);
#2785 = DIRECTION('', (-1., -0., 0.));
#2786 = VECTOR('', #2785, 1.);
#2787 = CARTESIAN_POINT('', (2.8500000000000005, 68., 7.3));
#2788 = LINE('', #2787, #2786);
#2789 = DIRECTION('', (-1., -0., 0.));
#2790 = VECTOR('', #2789, 1.);
#2791 = CARTESIAN_POINT('', (2.8500000000000005, 68., 8.3));
#2792 = LINE('', #2791, #2790);
#2793 = DIRECTION('', (-0.000000000000000027105054312137586, -1., 0.));
#2794 = VECTOR('', #2793, 1.);
#2795 = CARTESIAN_POINT('', (0.8500000000000001, 68., 8.3));
#2796 = LINE('', #2795, #2794);
#2797 = DIRECTION('', (1., -0., 0.));
#2798 = VECTOR('', #2797, 1.);
#2799 = CARTESIAN_POINT('', (0.85, 64., 8.3));
#2800 = LINE('', #2799, #2798);
#2801 = DIRECTION('', (0., -0., 1.));
#2802 = VECTOR('', #2801, 1.);
#2803 = CARTESIAN_POINT('', (1.85, 68., 7.3));
#2804 = LINE('', #2803, #2802);
#2805 = DIRECTION('', (0., -0., -1.));
#2806 = VECTOR('', #2805, 1.);
#2807 = CARTESIAN_POINT('', (1.85, 64., 8.1));
#2808 = LINE('', #2807, #2806);
#2809 = DIRECTION('', (0., -1., 0.));
#2810 = VECTOR('', #2809, 1.);
#2811 = CARTESIAN_POINT('', (1.85, 68., 7.3));
#2812 = LINE('', #2811, #2810);
#2813 = DIRECTION('', (-1., -0., 0.));
#2814 = VECTOR('', #2813, 1.);
#2815 = CARTESIAN_POINT('', (1.8500000000000005, 68., 8.1));
#2816 = LINE('', #2815, #2814);
#2817 = DIRECTION('', (1., -0., 0.));
#2818 = VECTOR('', #2817, 1.);
#2819 = CARTESIAN_POINT('', (0.8500000000000001, 64., 8.1));
#2820 = LINE('', #2819, #2818);
#2821 = DIRECTION('', (0., -1., 0.));
#2822 = VECTOR('', #2821, 1.);
#2823 = CARTESIAN_POINT('', (0.8500000000000001, 64., 8.1));
#2824 = LINE('', #2823, #2822);
#2825 = DIRECTION('', (0., -0., 1.));
#2826 = VECTOR('', #2825, 1.);
#2827 = CARTESIAN_POINT('', (0.85, 64., 8.1));
#2828 = LINE('', #2827, #2826);
#2829 = DIRECTION('', (0., -0., 1.));
#2830 = VECTOR('', #2829, 1.);
#2831 = CARTESIAN_POINT('', (0.8500000000000001, 68., 8.1));
#2832 = LINE('', #2831, #2830);
#2833 = DIRECTION('', (1., -0., 0.));
#2834 = VECTOR('', #2833, 1.);
#2835 = CARTESIAN_POINT('', (1.85, 64., 7.3));
#2836 = LINE('', #2835, #2834);
#2837 = DIRECTION('', (0., 1., 0.));
#2838 = VECTOR('', #2837, 1.);
#2839 = CARTESIAN_POINT('', (1.85, 68., 8.1));
#2840 = LINE('', #2839, #2838);
#2841 = DIRECTION('', (0., 1., 0.));
#2842 = VECTOR('', #2841, 1.);
#2843 = CARTESIAN_POINT('', (109.15, 12., 8.3));
#2844 = LINE('', #2843, #2842);
#2845 = DIRECTION('', (0., -0., 1.));
#2846 = VECTOR('', #2845, 1.);
#2847 = CARTESIAN_POINT('', (107.15, 16., 7.3));
#2848 = LINE('', #2847, #2846);
#2849 = DIRECTION('', (-1., -0., 0.));
#2850 = VECTOR('', #2849, 1.);
#2851 = CARTESIAN_POINT('', (109.15, 16., 8.3));
#2852 = LINE('', #2851, #2850);
#2853 = DIRECTION('', (0., -1., 0.));
#2854 = VECTOR('', #2853, 1.);
#2855 = CARTESIAN_POINT('', (107.15, 16., 7.3));
#2856 = LINE('', #2855, #2854);
#2857 = DIRECTION('', (0., -0., 1.));
#2858 = VECTOR('', #2857, 1.);
#2859 = CARTESIAN_POINT('', (107.15, 12., 7.3));
#2860 = LINE('', #2859, #2858);
#2861 = DIRECTION('', (0., -1., 0.));
#2862 = VECTOR('', #2861, 1.);
#2863 = CARTESIAN_POINT('', (107.15, 16., 8.3));
#2864 = LINE('', #2863, #2862);
#2865 = DIRECTION('', (1., -0., 0.));
#2866 = VECTOR('', #2865, 1.);
#2867 = CARTESIAN_POINT('', (107.15, 12., 7.3));
#2868 = LINE('', #2867, #2866);
#2869 = DIRECTION('', (1., -0., 0.));
#2870 = VECTOR('', #2869, 1.);
#2871 = CARTESIAN_POINT('', (107.15, 12., 8.3));
#2872 = LINE('', #2871, #2870);
#2873 = DIRECTION('', (0., -0., -1.));
#2874 = VECTOR('', #2873, 1.);
#2875 = CARTESIAN_POINT('', (108.15, 16., 8.1));
#2876 = LINE('', #2875, #2874);
#2877 = DIRECTION('', (0., -0., 1.));
#2878 = VECTOR('', #2877, 1.);
#2879 = CARTESIAN_POINT('', (108.15, 12., 7.3));
#2880 = LINE('', #2879, #2878);
#2881 = DIRECTION('', (0., 1., 0.));
#2882 = VECTOR('', #2881, 1.);
#2883 = CARTESIAN_POINT('', (108.15, 11.999999999999998, 7.3));
#2884 = LINE('', #2883, #2882);
#2885 = DIRECTION('', (-1., -0., 0.));
#2886 = VECTOR('', #2885, 1.);
#2887 = CARTESIAN_POINT('', (109.15, 16., 8.1));
#2888 = LINE('', #2887, #2886);
#2889 = DIRECTION('', (1., -0., 0.));
#2890 = VECTOR('', #2889, 1.);
#2891 = CARTESIAN_POINT('', (108.15, 12., 8.1));
#2892 = LINE('', #2891, #2890);
#2893 = DIRECTION('', (0., 1., 0.));
#2894 = VECTOR('', #2893, 1.);
#2895 = CARTESIAN_POINT('', (109.15, 15.999999999999996, 8.1));
#2896 = LINE('', #2895, #2894);
#2897 = DIRECTION('', (0., -0., 1.));
#2898 = VECTOR('', #2897, 1.);
#2899 = CARTESIAN_POINT('', (109.15, 16., 8.1));
#2900 = LINE('', #2899, #2898);
#2901 = DIRECTION('', (0., -0., 1.));
#2902 = VECTOR('', #2901, 1.);
#2903 = CARTESIAN_POINT('', (109.15, 12., 8.1));
#2904 = LINE('', #2903, #2902);
#2905 = DIRECTION('', (0., -1., 0.));
#2906 = VECTOR('', #2905, 1.);
#2907 = CARTESIAN_POINT('', (108.15, 12., 8.1));
#2908 = LINE('', #2907, #2906);
#2909 = DIRECTION('', (-1., -0., 0.));
#2910 = VECTOR('', #2909, 1.);
#2911 = CARTESIAN_POINT('', (108.15, 16., 7.3));
#2912 = LINE('', #2911, #2910);
#2913 = DIRECTION('', (0., 1., 0.));
#2914 = VECTOR('', #2913, 1.);
#2915 = CARTESIAN_POINT('', (109.15, 64., 8.3));
#2916 = LINE('', #2915, #2914);
#2917 = DIRECTION('', (0., -0., 1.));
#2918 = VECTOR('', #2917, 1.);
#2919 = CARTESIAN_POINT('', (107.15, 68., 7.3));
#2920 = LINE('', #2919, #2918);
#2921 = DIRECTION('', (-1., -0., 0.));
#2922 = VECTOR('', #2921, 1.);
#2923 = CARTESIAN_POINT('', (109.15, 68., 8.3));
#2924 = LINE('', #2923, #2922);
#2925 = DIRECTION('', (0., -1., 0.));
#2926 = VECTOR('', #2925, 1.);
#2927 = CARTESIAN_POINT('', (107.15, 68., 7.3));
#2928 = LINE('', #2927, #2926);
#2929 = DIRECTION('', (0., -0., 1.));
#2930 = VECTOR('', #2929, 1.);
#2931 = CARTESIAN_POINT('', (107.15, 64., 7.3));
#2932 = LINE('', #2931, #2930);
#2933 = DIRECTION('', (0., -1., 0.));
#2934 = VECTOR('', #2933, 1.);
#2935 = CARTESIAN_POINT('', (107.15, 68., 8.3));
#2936 = LINE('', #2935, #2934);
#2937 = DIRECTION('', (1., -0., 0.));
#2938 = VECTOR('', #2937, 1.);
#2939 = CARTESIAN_POINT('', (107.15, 64., 7.3));
#2940 = LINE('', #2939, #2938);
#2941 = DIRECTION('', (1., -0., 0.));
#2942 = VECTOR('', #2941, 1.);
#2943 = CARTESIAN_POINT('', (107.15, 64., 8.3));
#2944 = LINE('', #2943, #2942);
#2945 = DIRECTION('', (0., -0., -1.));
#2946 = VECTOR('', #2945, 1.);
#2947 = CARTESIAN_POINT('', (108.15, 68., 8.1));
#2948 = LINE('', #2947, #2946);
#2949 = DIRECTION('', (0., -0., 1.));
#2950 = VECTOR('', #2949, 1.);
#2951 = CARTESIAN_POINT('', (108.15, 64., 7.3));
#2952 = LINE('', #2951, #2950);
#2953 = DIRECTION('', (0., 1., 0.));
#2954 = VECTOR('', #2953, 1.);
#2955 = CARTESIAN_POINT('', (108.15, 64., 7.3));
#2956 = LINE('', #2955, #2954);
#2957 = DIRECTION('', (-1., -0., 0.));
#2958 = VECTOR('', #2957, 1.);
#2959 = CARTESIAN_POINT('', (109.15, 68., 8.1));
#2960 = LINE('', #2959, #2958);
#2961 = DIRECTION('', (1., -0., 0.));
#2962 = VECTOR('', #2961, 1.);
#2963 = CARTESIAN_POINT('', (108.15, 64., 8.1));
#2964 = LINE('', #2963, #2962);
#2965 = DIRECTION('', (0., 1., 0.));
#2966 = VECTOR('', #2965, 1.);
#2967 = CARTESIAN_POINT('', (109.15, 68., 8.1));
#2968 = LINE('', #2967, #2966);
#2969 = DIRECTION('', (0., -0., 1.));
#2970 = VECTOR('', #2969, 1.);
#2971 = CARTESIAN_POINT('', (109.15, 68., 8.1));
#2972 = LINE('', #2971, #2970);
#2973 = DIRECTION('', (0., -0., 1.));
#2974 = VECTOR('', #2973, 1.);
#2975 = CARTESIAN_POINT('', (109.15, 64., 8.1));
#2976 = LINE('', #2975, #2974);
#2977 = DIRECTION('', (0., -1., 0.));
#2978 = VECTOR('', #2977, 1.);
#2979 = CARTESIAN_POINT('', (108.15, 64., 8.1));
#2980 = LINE('', #2979, #2978);
#2981 = DIRECTION('', (-1., -0., 0.));
#2982 = VECTOR('', #2981, 1.);
#2983 = CARTESIAN_POINT('', (108.15, 68., 7.3));
#2984 = LINE('', #2983, #2982);
#2985 = DIRECTION('', (0., 1., 0.));
#2986 = VECTOR('', #2985, 1.);
#2987 = CARTESIAN_POINT('', (31.25, 84.5, 6.3999999999999995));
#2988 = LINE('', #2987, #2986);
#2989 = DIRECTION('', (0., -0., 1.));
#2990 = VECTOR('', #2989, 1.);
#2991 = CARTESIAN_POINT('', (29.65, 87.5, 5.6));
#2992 = LINE('', #2991, #2990);
#2993 = DIRECTION('', (-1., -0., 0.));
#2994 = VECTOR('', #2993, 1.);
#2995 = CARTESIAN_POINT('', (31.25, 87.5, 6.3999999999999995));
#2996 = LINE('', #2995, #2994);
#2997 = DIRECTION('', (0., -1., 0.));
#2998 = VECTOR('', #2997, 1.);
#2999 = CARTESIAN_POINT('', (29.65, 87.5, 5.6));
#3000 = LINE('', #2999, #2998);
#3001 = DIRECTION('', (0., -0., 1.));
#3002 = VECTOR('', #3001, 1.);
#3003 = CARTESIAN_POINT('', (29.65, 84.5, 5.6));
#3004 = LINE('', #3003, #3002);
#3005 = DIRECTION('', (0., -1., 0.));
#3006 = VECTOR('', #3005, 1.);
#3007 = CARTESIAN_POINT('', (29.65, 87.5, 6.3999999999999995));
#3008 = LINE('', #3007, #3006);
#3009 = DIRECTION('', (1., -0., 0.));
#3010 = VECTOR('', #3009, 1.);
#3011 = CARTESIAN_POINT('', (29.65, 84.5, 5.6));
#3012 = LINE('', #3011, #3010);
#3013 = DIRECTION('', (1., -0., 0.));
#3014 = VECTOR('', #3013, 1.);
#3015 = CARTESIAN_POINT('', (29.65, 84.5, 6.3999999999999995));
#3016 = LINE('', #3015, #3014);
#3017 = DIRECTION('', (0., -0., -1.));
#3018 = VECTOR('', #3017, 1.);
#3019 = CARTESIAN_POINT('', (30.25, 87.5, 6.));
#3020 = LINE('', #3019, #3018);
#3021 = DIRECTION('', (0., -0., 1.));
#3022 = VECTOR('', #3021, 1.);
#3023 = CARTESIAN_POINT('', (30.25, 84.5, 5.6));
#3024 = LINE('', #3023, #3022);
#3025 = DIRECTION('', (0., 1., 0.));
#3026 = VECTOR('', #3025, 1.);
#3027 = CARTESIAN_POINT('', (30.25, 84.5, 5.6));
#3028 = LINE('', #3027, #3026);
#3029 = DIRECTION('', (0., 1., 0.));
#3030 = VECTOR('', #3029, 1.);
#3031 = CARTESIAN_POINT('', (31.25, 84.5, 6.));
#3032 = LINE('', #3031, #3030);
#3033 = DIRECTION('', (-1., -0., 0.));
#3034 = VECTOR('', #3033, 1.);
#3035 = CARTESIAN_POINT('', (31.249999999999993, 87.5, 6.));
#3036 = LINE('', #3035, #3034);
#3037 = DIRECTION('', (1., -0., 0.));
#3038 = VECTOR('', #3037, 1.);
#3039 = CARTESIAN_POINT('', (30.25, 84.5, 6.));
#3040 = LINE('', #3039, #3038);
#3041 = DIRECTION('', (0., -0., 1.));
#3042 = VECTOR('', #3041, 1.);
#3043 = CARTESIAN_POINT('', (31.25, 87.5, 6.));
#3044 = LINE('', #3043, #3042);
#3045 = DIRECTION('', (0., -0., 1.));
#3046 = VECTOR('', #3045, 1.);
#3047 = CARTESIAN_POINT('', (31.25, 84.5, 6.));
#3048 = LINE('', #3047, #3046);
#3049 = DIRECTION('', (-0.0000000000000006608470384673545, -1., 0.));
#3050 = VECTOR('', #3049, 1.);
#3051 = CARTESIAN_POINT('', (30.250000000000004, 84.5, 6.));
#3052 = LINE('', #3051, #3050);
#3053 = DIRECTION('', (-1., -0., 0.));
#3054 = VECTOR('', #3053, 1.);
#3055 = CARTESIAN_POINT('', (30.25, 87.5, 5.6));
#3056 = LINE('', #3055, #3054);
#3057 = DIRECTION('', (0., 1., 0.));
#3058 = VECTOR('', #3057, 1.);
#3059 = CARTESIAN_POINT('', (44.35, 84.5, 5.6));
#3060 = LINE('', #3059, #3058);
#3061 = DIRECTION('', (0., -0., 1.));
#3062 = VECTOR('', #3061, 1.);
#3063 = CARTESIAN_POINT('', (44.35, 87.5, 5.6));
#3064 = LINE('', #3063, #3062);
#3065 = DIRECTION('', (0., 1., 0.));
#3066 = VECTOR('', #3065, 1.);
#3067 = CARTESIAN_POINT('', (44.35, 84.5, 6.3999999999999995));
#3068 = LINE('', #3067, #3066);
#3069 = DIRECTION('', (0., -0., 1.));
#3070 = VECTOR('', #3069, 1.);
#3071 = CARTESIAN_POINT('', (44.35, 84.5, 5.6));
#3072 = LINE('', #3071, #3070);
#3073 = DIRECTION('', (-1., -0., 0.));
#3074 = VECTOR('', #3073, 1.);
#3075 = CARTESIAN_POINT('', (44.35, 87.5, 5.6));
#3076 = LINE('', #3075, #3074);
#3077 = DIRECTION('', (-1., -0., 0.));
#3078 = VECTOR('', #3077, 1.);
#3079 = CARTESIAN_POINT('', (44.35, 87.5, 6.3999999999999995));
#3080 = LINE('', #3079, #3078);
#3081 = DIRECTION('', (0., -1., 0.));
#3082 = VECTOR('', #3081, 1.);
#3083 = CARTESIAN_POINT('', (42.75, 87.5, 6.3999999999999995));
#3084 = LINE('', #3083, #3082);
#3085 = DIRECTION('', (1., -0., 0.));
#3086 = VECTOR('', #3085, 1.);
#3087 = CARTESIAN_POINT('', (42.75, 84.5, 6.3999999999999995));
#3088 = LINE('', #3087, #3086);
#3089 = DIRECTION('', (0., -0., 1.));
#3090 = VECTOR('', #3089, 1.);
#3091 = CARTESIAN_POINT('', (43.75, 87.5, 5.6000000000000005));
#3092 = LINE('', #3091, #3090);
#3093 = DIRECTION('', (0., -0., -1.));
#3094 = VECTOR('', #3093, 1.);
#3095 = CARTESIAN_POINT('', (43.75, 84.5, 6.));
#3096 = LINE('', #3095, #3094);
#3097 = DIRECTION('', (0., -1., 0.));
#3098 = VECTOR('', #3097, 1.);
#3099 = CARTESIAN_POINT('', (43.75, 87.5, 5.6));
#3100 = LINE('', #3099, #3098);
#3101 = DIRECTION('', (-1., -0., 0.));
#3102 = VECTOR('', #3101, 1.);
#3103 = CARTESIAN_POINT('', (43.75, 87.5, 6.));
#3104 = LINE('', #3103, #3102);
#3105 = DIRECTION('', (0., -1., 0.));
#3106 = VECTOR('', #3105, 1.);
#3107 = CARTESIAN_POINT('', (42.75, 87.5, 6.));
#3108 = LINE('', #3107, #3106);
#3109 = DIRECTION('', (1., -0., 0.));
#3110 = VECTOR('', #3109, 1.);
#3111 = CARTESIAN_POINT('', (42.75, 84.5, 6.));
#3112 = LINE('', #3111, #3110);
#3113 = DIRECTION('', (0., -0., 1.));
#3114 = VECTOR('', #3113, 1.);
#3115 = CARTESIAN_POINT('', (42.75, 84.5, 6.));
#3116 = LINE('', #3115, #3114);
#3117 = DIRECTION('', (0., -0., 1.));
#3118 = VECTOR('', #3117, 1.);
#3119 = CARTESIAN_POINT('', (42.75, 87.5, 6.));
#3120 = LINE('', #3119, #3118);
#3121 = DIRECTION('', (1., -0., 0.));
#3122 = VECTOR('', #3121, 1.);
#3123 = CARTESIAN_POINT('', (43.75, 84.5, 5.6));
#3124 = LINE('', #3123, #3122);
#3125 = DIRECTION('', (0., 1., 0.));
#3126 = VECTOR('', #3125, 1.);
#3127 = CARTESIAN_POINT('', (43.75, 87.50000000000001, 6.));
#3128 = LINE('', #3127, #3126);
#3129 = EDGE_CURVE('', #6, #8, #777, .T.);
#3130 = EDGE_CURVE('', #22, #24, #782, .T.);
#3131 = EDGE_CURVE('', #22, #6, #786, .T.);
#3132 = EDGE_CURVE('', #24, #8, #790, .T.);
#3133 = EDGE_CURVE('', #6, #10, #794, .T.);
#3134 = EDGE_CURVE('', #10, #12, #799, .T.);
#3135 = EDGE_CURVE('', #26, #28, #804, .T.);
#3136 = EDGE_CURVE('', #10, #26, #808, .T.);
#3137 = EDGE_CURVE('', #12, #28, #812, .T.);
#3138 = EDGE_CURVE('', #12, #14, #816, .T.);
#3139 = EDGE_CURVE('', #14, #16, #821, .T.);
#3140 = EDGE_CURVE('', #30, #32, #826, .T.);
#3141 = EDGE_CURVE('', #14, #30, #830, .T.);
#3142 = EDGE_CURVE('', #16, #32, #834, .T.);
#3143 = EDGE_CURVE('', #16, #20, #838, .T.);
#3144 = EDGE_CURVE('', #18, #20, #843, .T.);
#3145 = EDGE_CURVE('', #34, #36, #848, .T.);
#3146 = EDGE_CURVE('', #20, #36, #852, .T.);
#3147 = EDGE_CURVE('', #18, #34, #856, .T.);
#3148 = EDGE_CURVE('', #18, #8, #860, .T.);
#3149 = EDGE_CURVE('', #26, #86, #864, .T.);
#3150 = EDGE_CURVE('', #28, #92, #868, .T.);
#3151 = EDGE_CURVE('', #30, #90, #872, .T.);
#3152 = EDGE_CURVE('', #32, #96, #876, .T.);
#3153 = EDGE_CURVE('', #36, #94, #880, .T.);
#3154 = EDGE_CURVE('', #34, #100, #884, .T.);
#3155 = EDGE_CURVE('', #38, #40, #889, .T.);
#3156 = EDGE_CURVE('', #38, #42, #893, .T.);
#3157 = EDGE_CURVE('', #42, #44, #898, .T.);
#3158 = EDGE_CURVE('', #44, #46, #902, .T.);
#3159 = EDGE_CURVE('', #46, #48, #907, .T.);
#3160 = EDGE_CURVE('', #48, #50, #911, .T.);
#3161 = EDGE_CURVE('', #52, #50, #916, .T.);
#3162 = EDGE_CURVE('', #52, #192, #920, .T.);
#3163 = EDGE_CURVE('', #54, #56, #925, .T.);
#3164 = EDGE_CURVE('', #54, #58, #929, .T.);
#3165 = EDGE_CURVE('', #58, #60, #934, .T.);
#3166 = EDGE_CURVE('', #60, #62, #938, .T.);
#3167 = EDGE_CURVE('', #62, #64, #943, .T.);
#3168 = EDGE_CURVE('', #64, #66, #947, .T.);
#3169 = EDGE_CURVE('', #68, #66, #952, .T.);
#3170 = EDGE_CURVE('', #68, #196, #956, .T.);
#3171 = EDGE_CURVE('', #42, #58, #960, .T.);
#3172 = EDGE_CURVE('', #44, #60, #964, .T.);
#3173 = EDGE_CURVE('', #46, #62, #968, .T.);
#3174 = EDGE_CURVE('', #48, #64, #972, .T.);
#3175 = EDGE_CURVE('', #50, #66, #976, .T.);
#3176 = EDGE_CURVE('', #52, #68, #980, .T.);
#3177 = EDGE_CURVE('', #54, #38, #984, .T.);
#3178 = EDGE_CURVE('', #56, #40, #988, .T.);
#3179 = EDGE_CURVE('', #70, #72, #993, .T.);
#3180 = EDGE_CURVE('', #70, #74, #997, .T.);
#3181 = EDGE_CURVE('', #74, #76, #1002, .T.);
#3182 = EDGE_CURVE('', #76, #78, #1006, .T.);
#3183 = EDGE_CURVE('', #78, #80, #1011, .T.);
#3184 = EDGE_CURVE('', #80, #82, #1015, .T.);
#3185 = EDGE_CURVE('', #84, #82, #1020, .T.);
#3186 = EDGE_CURVE('', #84, #72, #1024, .T.);
#3187 = EDGE_CURVE('', #74, #114, #1028, .T.);
#3188 = EDGE_CURVE('', #76, #112, #1032, .T.);
#3189 = EDGE_CURVE('', #78, #110, #1036, .T.);
#3190 = EDGE_CURVE('', #80, #108, #1040, .T.);
#3191 = EDGE_CURVE('', #82, #106, #1044, .T.);
#3192 = EDGE_CURVE('', #84, #102, #1048, .T.);
#3193 = EDGE_CURVE('', #86, #88, #1052, .T.);
#3194 = EDGE_CURVE('', #90, #92, #1056, .T.);
#3195 = EDGE_CURVE('', #94, #96, #1060, .T.);
#3196 = EDGE_CURVE('', #98, #100, #1064, .T.);
#3197 = EDGE_CURVE('', #102, #104, #1068, .T.);
#3198 = EDGE_CURVE('', #102, #106, #1073, .T.);
#3199 = EDGE_CURVE('', #108, #106, #1077, .T.);
#3200 = EDGE_CURVE('', #110, #108, #1082, .T.);
#3201 = EDGE_CURVE('', #112, #110, #1086, .T.);
#3202 = EDGE_CURVE('', #114, #112, #1091, .T.);
#3203 = EDGE_CURVE('', #116, #104, #1096, .T.);
#3204 = EDGE_CURVE('', #116, #114, #1100, .T.);
#3205 = EDGE_CURVE('', #88, #98, #1105, .T.);
#3206 = EDGE_CURVE('', #86, #92, #1110, .T.);
#3207 = EDGE_CURVE('', #90, #96, #1115, .T.);
#3208 = EDGE_CURVE('', #100, #94, #1120, .T.);
#3209 = EDGE_CURVE('', #116, #70, #1124, .T.);
#3210 = EDGE_CURVE('', #88, #22, #1128, .T.);
#3211 = EDGE_CURVE('', #98, #24, #1132, .T.);
#3212 = EDGE_CURVE('', #104, #72, #1136, .T.);
#3213 = EDGE_CURVE('', #118, #120, #1140, .T.);
#3214 = EDGE_CURVE('', #120, #122, #1144, .T.);
#3215 = EDGE_CURVE('', #124, #506, #1148, .T.);
#3216 = EDGE_CURVE('', #118, #124, #1152, .T.);
#3217 = EDGE_CURVE('', #120, #126, #1156, .T.);
#3218 = EDGE_CURVE('', #126, #128, #1160, .T.);
#3219 = EDGE_CURVE('', #122, #128, #1164, .T.);
#3220 = EDGE_CURVE('', #126, #130, #1168, .T.);
#3221 = EDGE_CURVE('', #130, #132, #1172, .T.);
#3222 = EDGE_CURVE('', #128, #486, #1176, .T.);
#3223 = EDGE_CURVE('', #130, #118, #1180, .T.);
#3224 = EDGE_CURVE('', #132, #124, #1184, .T.);
#3225 = EDGE_CURVE('', #134, #600, #1188, .T.);
#3226 = EDGE_CURVE('', #136, #144, #1192, .T.);
#3227 = EDGE_CURVE('', #134, #142, #1196, .T.);
#3228 = EDGE_CURVE('', #136, #138, #1200, .T.);
#3229 = EDGE_CURVE('', #138, #146, #1204, .T.);
#3230 = EDGE_CURVE('', #138, #572, #1208, .T.);
#3231 = EDGE_CURVE('', #140, #148, #1212, .T.);
#3232 = EDGE_CURVE('', #140, #134, #1216, .T.);
#3233 = EDGE_CURVE('', #142, #512, #1220, .T.);
#3234 = EDGE_CURVE('', #144, #146, #1224, .T.);
#3235 = EDGE_CURVE('', #146, #494, #1228, .T.);
#3236 = EDGE_CURVE('', #148, #142, #1232, .T.);
#3237 = EDGE_CURVE('', #150, #152, #1236, .T.);
#3238 = EDGE_CURVE('', #152, #154, #1240, .T.);
#3239 = EDGE_CURVE('', #156, #766, #1244, .T.);
#3240 = EDGE_CURVE('', #150, #156, #1248, .T.);
#3241 = EDGE_CURVE('', #152, #158, #1252, .T.);
#3242 = EDGE_CURVE('', #158, #160, #1256, .T.);
#3243 = EDGE_CURVE('', #154, #160, #1260, .T.);
#3244 = EDGE_CURVE('', #158, #162, #1264, .T.);
#3245 = EDGE_CURVE('', #162, #164, #1268, .T.);
#3246 = EDGE_CURVE('', #160, #738, #1272, .T.);
#3247 = EDGE_CURVE('', #162, #150, #1276, .T.);
#3248 = EDGE_CURVE('', #164, #156, #1280, .T.);
#3249 = EDGE_CURVE('', #166, #168, #1284, .T.);
#3250 = EDGE_CURVE('', #168, #170, #1288, .T.);
#3251 = EDGE_CURVE('', #172, #170, #1292, .T.);
#3252 = EDGE_CURVE('', #166, #172, #1296, .T.);
#3253 = EDGE_CURVE('', #168, #174, #1300, .T.);
#3254 = EDGE_CURVE('', #174, #176, #1304, .T.);
#3255 = EDGE_CURVE('', #170, #176, #1308, .T.);
#3256 = EDGE_CURVE('', #174, #178, #1312, .T.);
#3257 = EDGE_CURVE('', #178, #180, #1316, .T.);
#3258 = EDGE_CURVE('', #176, #180, #1320, .T.);
#3259 = EDGE_CURVE('', #178, #166, #1324, .T.);
#3260 = EDGE_CURVE('', #180, #172, #1328, .T.);
#3261 = EDGE_CURVE('', #182, #186, #1333, .T.);
#3262 = EDGE_CURVE('', #182, #184, #1337, .T.);
#3263 = EDGE_CURVE('', #184, #188, #1342, .T.);
#3264 = EDGE_CURVE('', #188, #196, #1347, .T.);
#3265 = EDGE_CURVE('', #186, #188, #1351, .T.);
#3266 = EDGE_CURVE('', #194, #190, #1355, .T.);
#3267 = EDGE_CURVE('', #196, #192, #1359, .T.);
#3268 = EDGE_CURVE('', #186, #192, #1364, .T.);
#3269 = EDGE_CURVE('', #190, #182, #1369, .T.);
#3270 = EDGE_CURVE('', #194, #322, #1373, .T.);
#3271 = EDGE_CURVE('', #194, #184, #1378, .T.);
#3272 = EDGE_CURVE('', #190, #316, #1382, .T.);
#3273 = EDGE_CURVE('', #198, #202, #1387, .T.);
#3274 = EDGE_CURVE('', #198, #200, #1391, .T.);
#3275 = EDGE_CURVE('', #200, #204, #1396, .T.);
#3276 = EDGE_CURVE('', #204, #212, #1401, .T.);
#3277 = EDGE_CURVE('', #202, #204, #1405, .T.);
#3278 = EDGE_CURVE('', #202, #206, #1410, .T.);
#3279 = EDGE_CURVE('', #208, #198, #1415, .T.);
#3280 = EDGE_CURVE('', #210, #208, #1419, .T.);
#3281 = EDGE_CURVE('', #212, #206, #1423, .T.);
#3282 = EDGE_CURVE('', #210, #56, #1427, .T.);
#3283 = EDGE_CURVE('', #210, #200, #1432, .T.);
#3284 = EDGE_CURVE('', #208, #40, #1436, .T.);
#3285 = EDGE_CURVE('', #214, #216, #1441, .T.);
#3286 = EDGE_CURVE('', #216, #214, #1446, .T.);
#3287 = EDGE_CURVE('', #218, #224, #1451, .T.);
#3288 = EDGE_CURVE('', #218, #222, #1456, .T.);
#3289 = EDGE_CURVE('', #222, #220, #1461, .T.);
#3290 = EDGE_CURVE('', #224, #220, #1466, .T.);
#3291 = EDGE_CURVE('', #220, #216, #1470, .T.);
#3292 = EDGE_CURVE('', #218, #214, #1474, .T.);
#3293 = EDGE_CURVE('', #226, #228, #1479, .T.);
#3294 = EDGE_CURVE('', #228, #226, #1484, .T.);
#3295 = EDGE_CURVE('', #230, #236, #1489, .T.);
#3296 = EDGE_CURVE('', #230, #234, #1494, .T.);
#3297 = EDGE_CURVE('', #234, #232, #1499, .T.);
#3298 = EDGE_CURVE('', #236, #232, #1504, .T.);
#3299 = EDGE_CURVE('', #230, #226, #1508, .T.);
#3300 = EDGE_CURVE('', #232, #228, #1512, .T.);
#3301 = EDGE_CURVE('', #238, #240, #1516, .T.);
#3302 = EDGE_CURVE('', #240, #242, #1520, .T.);
#3303 = EDGE_CURVE('', #242, #244, #1524, .T.);
#3304 = EDGE_CURVE('', #244, #238, #1528, .T.);
#3305 = EDGE_CURVE('', #246, #248, #1532, .T.);
#3306 = EDGE_CURVE('', #248, #250, #1536, .T.);
#3307 = EDGE_CURVE('', #250, #252, #1540, .T.);
#3308 = EDGE_CURVE('', #252, #246, #1544, .T.);
#3309 = EDGE_CURVE('', #244, #252, #1548, .T.);
#3310 = EDGE_CURVE('', #242, #250, #1552, .T.);
#3311 = EDGE_CURVE('', #240, #248, #1556, .T.);
#3312 = EDGE_CURVE('', #238, #246, #1560, .T.);
#3313 = EDGE_CURVE('', #254, #264, #1565, .T.);
#3314 = EDGE_CURVE('', #254, #262, #1570, .T.);
#3315 = EDGE_CURVE('', #258, #268, #1575, .T.);
#3316 = EDGE_CURVE('', #258, #266, #1580, .T.);
#3317 = EDGE_CURVE('', #262, #256, #1585, .T.);
#3318 = EDGE_CURVE('', #264, #256, #1590, .T.);
#3319 = EDGE_CURVE('', #266, #260, #1595, .T.);
#3320 = EDGE_CURVE('', #268, #260, #1600, .T.);
#3321 = EDGE_CURVE('', #256, #260, #1604, .T.);
#3322 = EDGE_CURVE('', #254, #258, #1608, .T.);
#3323 = EDGE_CURVE('', #270, #272, #1612, .T.);
#3324 = EDGE_CURVE('', #272, #274, #1616, .T.);
#3325 = EDGE_CURVE('', #274, #276, #1620, .T.);
#3326 = EDGE_CURVE('', #276, #270, #1624, .T.);
#3327 = EDGE_CURVE('', #278, #280, #1628, .T.);
#3328 = EDGE_CURVE('', #280, #282, #1632, .T.);
#3329 = EDGE_CURVE('', #282, #284, #1636, .T.);
#3330 = EDGE_CURVE('', #284, #278, #1640, .T.);
#3331 = EDGE_CURVE('', #276, #284, #1644, .T.);
#3332 = EDGE_CURVE('', #274, #282, #1648, .T.);
#3333 = EDGE_CURVE('', #272, #280, #1652, .T.);
#3334 = EDGE_CURVE('', #270, #278, #1656, .T.);
#3335 = EDGE_CURVE('', #286, #296, #1661, .T.);
#3336 = EDGE_CURVE('', #286, #294, #1666, .T.);
#3337 = EDGE_CURVE('', #290, #300, #1671, .T.);
#3338 = EDGE_CURVE('', #290, #298, #1676, .T.);
#3339 = EDGE_CURVE('', #294, #288, #1681, .T.);
#3340 = EDGE_CURVE('', #296, #288, #1686, .T.);
#3341 = EDGE_CURVE('', #298, #292, #1691, .T.);
#3342 = EDGE_CURVE('', #300, #292, #1696, .T.);
#3343 = EDGE_CURVE('', #288, #292, #1700, .T.);
#3344 = EDGE_CURVE('', #286, #290, #1704, .T.);
#3345 = EDGE_CURVE('', #302, #304, #1708, .T.);
#3346 = EDGE_CURVE('', #304, #306, #1712, .T.);
#3347 = EDGE_CURVE('', #306, #308, #1716, .T.);
#3348 = EDGE_CURVE('', #308, #302, #1720, .T.);
#3349 = EDGE_CURVE('', #310, #312, #1724, .T.);
#3350 = EDGE_CURVE('', #312, #314, #1728, .T.);
#3351 = EDGE_CURVE('', #314, #316, #1732, .T.);
#3352 = EDGE_CURVE('', #318, #320, #1736, .T.);
#3353 = EDGE_CURVE('', #322, #324, #1740, .T.);
#3354 = EDGE_CURVE('', #324, #318, #1744, .T.);
#3355 = EDGE_CURVE('', #310, #320, #1748, .T.);
#3356 = EDGE_CURVE('', #322, #316, #1752, .T.);
#3357 = EDGE_CURVE('', #320, #346, #1756, .T.);
#3358 = EDGE_CURVE('', #310, #340, #1760, .T.);
#3359 = EDGE_CURVE('', #308, #324, #1764, .T.);
#3360 = EDGE_CURVE('', #306, #314, #1768, .T.);
#3361 = EDGE_CURVE('', #304, #312, #1772, .T.);
#3362 = EDGE_CURVE('', #302, #318, #1776, .T.);
#3363 = EDGE_CURVE('', #326, #328, #1780, .T.);
#3364 = EDGE_CURVE('', #328, #330, #1784, .T.);
#3365 = EDGE_CURVE('', #330, #332, #1788, .T.);
#3366 = EDGE_CURVE('', #332, #326, #1792, .T.);
#3367 = EDGE_CURVE('', #334, #336, #1796, .T.);
#3368 = EDGE_CURVE('', #336, #338, #1800, .T.);
#3369 = EDGE_CURVE('', #338, #340, #1804, .T.);
#3370 = EDGE_CURVE('', #342, #344, #1808, .T.);
#3371 = EDGE_CURVE('', #346, #348, #1812, .T.);
#3372 = EDGE_CURVE('', #348, #342, #1816, .T.);
#3373 = EDGE_CURVE('', #334, #344, #1820, .T.);
#3374 = EDGE_CURVE('', #346, #340, #1824, .T.);
#3375 = EDGE_CURVE('', #344, #370, #1828, .T.);
#3376 = EDGE_CURVE('', #334, #364, #1832, .T.);
#3377 = EDGE_CURVE('', #332, #348, #1836, .T.);
#3378 = EDGE_CURVE('', #330, #338, #1840, .T.);
#3379 = EDGE_CURVE('', #328, #336, #1844, .T.);
#3380 = EDGE_CURVE('', #326, #342, #1848, .T.);
#3381 = EDGE_CURVE('', #350, #352, #1852, .T.);
#3382 = EDGE_CURVE('', #352, #354, #1856, .T.);
#3383 = EDGE_CURVE('', #354, #356, #1860, .T.);
#3384 = EDGE_CURVE('', #356, #350, #1864, .T.);
#3385 = EDGE_CURVE('', #358, #360, #1868, .T.);
#3386 = EDGE_CURVE('', #360, #362, #1872, .T.);
#3387 = EDGE_CURVE('', #362, #364, #1876, .T.);
#3388 = EDGE_CURVE('', #366, #368, #1880, .T.);
#3389 = EDGE_CURVE('', #370, #372, #1884, .T.);
#3390 = EDGE_CURVE('', #372, #366, #1888, .T.);
#3391 = EDGE_CURVE('', #358, #368, #1892, .T.);
#3392 = EDGE_CURVE('', #370, #364, #1896, .T.);
#3393 = EDGE_CURVE('', #368, #394, #1900, .T.);
#3394 = EDGE_CURVE('', #358, #388, #1904, .T.);
#3395 = EDGE_CURVE('', #356, #372, #1908, .T.);
#3396 = EDGE_CURVE('', #354, #362, #1912, .T.);
#3397 = EDGE_CURVE('', #352, #360, #1916, .T.);
#3398 = EDGE_CURVE('', #350, #366, #1920, .T.);
#3399 = EDGE_CURVE('', #374, #376, #1924, .T.);
#3400 = EDGE_CURVE('', #376, #378, #1928, .T.);
#3401 = EDGE_CURVE('', #378, #380, #1932, .T.);
#3402 = EDGE_CURVE('', #380, #374, #1936, .T.);
#3403 = EDGE_CURVE('', #382, #384, #1940, .T.);
#3404 = EDGE_CURVE('', #384, #386, #1944, .T.);
#3405 = EDGE_CURVE('', #386, #388, #1948, .T.);
#3406 = EDGE_CURVE('', #390, #392, #1952, .T.);
#3407 = EDGE_CURVE('', #394, #396, #1956, .T.);
#3408 = EDGE_CURVE('', #396, #390, #1960, .T.);
#3409 = EDGE_CURVE('', #382, #392, #1964, .T.);
#3410 = EDGE_CURVE('', #394, #388, #1968, .T.);
#3411 = EDGE_CURVE('', #392, #418, #1972, .T.);
#3412 = EDGE_CURVE('', #382, #412, #1976, .T.);
#3413 = EDGE_CURVE('', #380, #396, #1980, .T.);
#3414 = EDGE_CURVE('', #378, #386, #1984, .T.);
#3415 = EDGE_CURVE('', #376, #384, #1988, .T.);
#3416 = EDGE_CURVE('', #374, #390, #1992, .T.);
#3417 = EDGE_CURVE('', #398, #400, #1996, .T.);
#3418 = EDGE_CURVE('', #400, #402, #2000, .T.);
#3419 = EDGE_CURVE('', #402, #404, #2004, .T.);
#3420 = EDGE_CURVE('', #404, #398, #2008, .T.);
#3421 = EDGE_CURVE('', #406, #408, #2012, .T.);
#3422 = EDGE_CURVE('', #408, #410, #2016, .T.);
#3423 = EDGE_CURVE('', #410, #412, #2020, .T.);
#3424 = EDGE_CURVE('', #414, #416, #2024, .T.);
#3425 = EDGE_CURVE('', #418, #420, #2028, .T.);
#3426 = EDGE_CURVE('', #420, #414, #2032, .T.);
#3427 = EDGE_CURVE('', #406, #416, #2036, .T.);
#3428 = EDGE_CURVE('', #418, #412, #2040, .T.);
#3429 = EDGE_CURVE('', #416, #212, #2044, .T.);
#3430 = EDGE_CURVE('', #406, #206, #2048, .T.);
#3431 = EDGE_CURVE('', #404, #420, #2052, .T.);
#3432 = EDGE_CURVE('', #402, #410, #2056, .T.);
#3433 = EDGE_CURVE('', #400, #408, #2060, .T.);
#3434 = EDGE_CURVE('', #398, #414, #2064, .T.);
#3435 = EDGE_CURVE('', #422, #424, #2069, .T.);
#3436 = EDGE_CURVE('', #422, #426, #2073, .T.);
#3437 = EDGE_CURVE('', #424, #422, #2078, .T.);
#3438 = EDGE_CURVE('', #424, #428, #2082, .T.);
#3439 = EDGE_CURVE('', #426, #432, #2087, .T.);
#3440 = EDGE_CURVE('', #426, #430, #2092, .T.);
#3441 = EDGE_CURVE('', #430, #428, #2097, .T.);
#3442 = EDGE_CURVE('', #432, #428, #2102, .T.);
#3443 = EDGE_CURVE('', #434, #436, #2107, .T.);
#3444 = EDGE_CURVE('', #434, #438, #2111, .T.);
#3445 = EDGE_CURVE('', #436, #434, #2116, .T.);
#3446 = EDGE_CURVE('', #436, #440, #2120, .T.);
#3447 = EDGE_CURVE('', #438, #444, #2125, .T.);
#3448 = EDGE_CURVE('', #438, #442, #2130, .T.);
#3449 = EDGE_CURVE('', #442, #440, #2135, .T.);
#3450 = EDGE_CURVE('', #444, #440, #2140, .T.);
#3451 = EDGE_CURVE('', #446, #448, #2145, .T.);
#3452 = EDGE_CURVE('', #446, #450, #2149, .T.);
#3453 = EDGE_CURVE('', #448, #446, #2154, .T.);
#3454 = EDGE_CURVE('', #448, #452, #2158, .T.);
#3455 = EDGE_CURVE('', #450, #456, #2163, .T.);
#3456 = EDGE_CURVE('', #450, #454, #2168, .T.);
#3457 = EDGE_CURVE('', #454, #452, #2173, .T.);
#3458 = EDGE_CURVE('', #456, #452, #2178, .T.);
#3459 = EDGE_CURVE('', #458, #460, #2183, .T.);
#3460 = EDGE_CURVE('', #458, #462, #2187, .T.);
#3461 = EDGE_CURVE('', #460, #458, #2192, .T.);
#3462 = EDGE_CURVE('', #460, #464, #2196, .T.);
#3463 = EDGE_CURVE('', #462, #468, #2201, .T.);
#3464 = EDGE_CURVE('', #462, #466, #2206, .T.);
#3465 = EDGE_CURVE('', #466, #464, #2211, .T.);
#3466 = EDGE_CURVE('', #468, #464, #2216, .T.);
#3467 = EDGE_CURVE('', #470, #472, #2220, .T.);
#3468 = EDGE_CURVE('', #474, #476, #2224, .T.);
#3469 = EDGE_CURVE('', #474, #472, #2228, .T.);
#3470 = EDGE_CURVE('', #478, #470, #2232, .T.);
#3471 = EDGE_CURVE('', #476, #480, #2236, .T.);
#3472 = EDGE_CURVE('', #478, #482, #2240, .T.);
#3473 = EDGE_CURVE('', #484, #480, #2244, .T.);
#3474 = EDGE_CURVE('', #484, #552, #2248, .T.);
#3475 = EDGE_CURVE('', #482, #472, #2252, .T.);
#3476 = EDGE_CURVE('', #480, #148, #2256, .T.);
#3477 = EDGE_CURVE('', #476, #132, #2260, .T.);
#3478 = EDGE_CURVE('', #474, #484, #2264, .T.);
#3479 = EDGE_CURVE('', #486, #488, #2268, .T.);
#3480 = EDGE_CURVE('', #490, #492, #2272, .T.);
#3481 = EDGE_CURVE('', #490, #488, #2276, .T.);
#3482 = EDGE_CURVE('', #494, #486, #2280, .T.);
#3483 = EDGE_CURVE('', #492, #496, #2284, .T.);
#3484 = EDGE_CURVE('', #494, #498, #2288, .T.);
#3485 = EDGE_CURVE('', #500, #496, #2292, .T.);
#3486 = EDGE_CURVE('', #500, #576, #2296, .T.);
#3487 = EDGE_CURVE('', #498, #488, #2300, .T.);
#3488 = EDGE_CURVE('', #496, #478, #2304, .T.);
#3489 = EDGE_CURVE('', #492, #470, #2308, .T.);
#3490 = EDGE_CURVE('', #490, #500, #2312, .T.);
#3491 = EDGE_CURVE('', #502, #504, #2316, .T.);
#3492 = EDGE_CURVE('', #506, #508, #2320, .T.);
#3493 = EDGE_CURVE('', #502, #508, #2324, .T.);
#3494 = EDGE_CURVE('', #504, #510, #2328, .T.);
#3495 = EDGE_CURVE('', #512, #506, #2332, .T.);
#3496 = EDGE_CURVE('', #514, #510, #2336, .T.);
#3497 = EDGE_CURVE('', #512, #516, #2340, .T.);
#3498 = EDGE_CURVE('', #514, #596, #2344, .T.);
#3499 = EDGE_CURVE('', #516, #508, #2348, .T.);
#3500 = EDGE_CURVE('', #510, #530, #2352, .T.);
#3501 = EDGE_CURVE('', #504, #522, #2356, .T.);
#3502 = EDGE_CURVE('', #502, #514, #2360, .T.);
#3503 = EDGE_CURVE('', #518, #520, #2364, .T.);
#3504 = EDGE_CURVE('', #522, #524, #2368, .T.);
#3505 = EDGE_CURVE('', #518, #524, #2372, .T.);
#3506 = EDGE_CURVE('', #526, #528, #2376, .T.);
#3507 = EDGE_CURVE('', #530, #532, #2380, .T.);
#3508 = EDGE_CURVE('', #526, #620, #2384, .T.);
#3509 = EDGE_CURVE('', #520, #528, #2388, .T.);
#3510 = EDGE_CURVE('', #530, #522, #2392, .T.);
#3511 = EDGE_CURVE('', #532, #524, #2396, .T.);
#3512 = EDGE_CURVE('', #528, #144, #2400, .T.);
#3513 = EDGE_CURVE('', #520, #122, #2404, .T.);
#3514 = EDGE_CURVE('', #518, #526, #2408, .T.);
#3515 = EDGE_CURVE('', #534, #536, #2412, .T.);
#3516 = EDGE_CURVE('', #536, #538, #2416, .T.);
#3517 = EDGE_CURVE('', #540, #646, #2420, .T.);
#3518 = EDGE_CURVE('', #534, #540, #2424, .T.);
#3519 = EDGE_CURVE('', #538, #542, #2428, .T.);
#3520 = EDGE_CURVE('', #542, #650, #2432, .T.);
#3521 = EDGE_CURVE('', #544, #540, #2436, .T.);
#3522 = EDGE_CURVE('', #546, #548, #2440, .T.);
#3523 = EDGE_CURVE('', #550, #552, #2444, .T.);
#3524 = EDGE_CURVE('', #536, #548, #2448, .T.);
#3525 = EDGE_CURVE('', #550, #534, #2452, .T.);
#3526 = EDGE_CURVE('', #546, #554, #2456, .T.);
#3527 = EDGE_CURVE('', #554, #556, #2460, .T.);
#3528 = EDGE_CURVE('', #556, #552, #2464, .T.);
#3529 = EDGE_CURVE('', #554, #542, #2468, .T.);
#3530 = EDGE_CURVE('', #556, #544, #2472, .T.);
#3531 = EDGE_CURVE('', #550, #140, #2476, .T.);
#3532 = EDGE_CURVE('', #546, #482, #2480, .T.);
#3533 = EDGE_CURVE('', #558, #560, #2484, .T.);
#3534 = EDGE_CURVE('', #560, #562, #2488, .T.);
#3535 = EDGE_CURVE('', #564, #670, #2492, .T.);
#3536 = EDGE_CURVE('', #558, #564, #2496, .T.);
#3537 = EDGE_CURVE('', #562, #566, #2500, .T.);
#3538 = EDGE_CURVE('', #566, #674, #2504, .T.);
#3539 = EDGE_CURVE('', #568, #564, #2508, .T.);
#3540 = EDGE_CURVE('', #570, #572, #2512, .T.);
#3541 = EDGE_CURVE('', #574, #576, #2516, .T.);
#3542 = EDGE_CURVE('', #560, #572, #2520, .T.);
#3543 = EDGE_CURVE('', #574, #558, #2524, .T.);
#3544 = EDGE_CURVE('', #570, #578, #2528, .T.);
#3545 = EDGE_CURVE('', #578, #580, #2532, .T.);
#3546 = EDGE_CURVE('', #580, #576, #2536, .T.);
#3547 = EDGE_CURVE('', #578, #566, #2540, .T.);
#3548 = EDGE_CURVE('', #580, #568, #2544, .T.);
#3549 = EDGE_CURVE('', #574, #548, #2548, .T.);
#3550 = EDGE_CURVE('', #570, #498, #2552, .T.);
#3551 = EDGE_CURVE('', #584, #698, #2556, .T.);
#3552 = EDGE_CURVE('', #586, #588, #2560, .T.);
#3553 = EDGE_CURVE('', #582, #588, #2564, .T.);
#3554 = EDGE_CURVE('', #586, #590, #2568, .T.);
#3555 = EDGE_CURVE('', #590, #592, #2572, .T.);
#3556 = EDGE_CURVE('', #588, #690, #2576, .T.);
#3557 = EDGE_CURVE('', #592, #584, #2580, .T.);
#3558 = EDGE_CURVE('', #594, #596, #2584, .T.);
#3559 = EDGE_CURVE('', #598, #600, #2588, .T.);
#3560 = EDGE_CURVE('', #594, #586, #2592, .T.);
#3561 = EDGE_CURVE('', #590, #600, #2596, .T.);
#3562 = EDGE_CURVE('', #602, #604, #2600, .T.);
#3563 = EDGE_CURVE('', #604, #596, #2604, .T.);
#3564 = EDGE_CURVE('', #598, #602, #2608, .T.);
#3565 = EDGE_CURVE('', #604, #582, #2612, .T.);
#3566 = EDGE_CURVE('', #602, #584, #2616, .T.);
#3567 = EDGE_CURVE('', #598, #516, #2620, .T.);
#3568 = EDGE_CURVE('', #594, #624, #2624, .T.);
#3569 = EDGE_CURVE('', #608, #722, #2628, .T.);
#3570 = EDGE_CURVE('', #610, #612, #2632, .T.);
#3571 = EDGE_CURVE('', #606, #612, #2636, .T.);
#3572 = EDGE_CURVE('', #610, #614, #2640, .T.);
#3573 = EDGE_CURVE('', #614, #616, #2644, .T.);
#3574 = EDGE_CURVE('', #612, #714, #2648, .T.);
#3575 = EDGE_CURVE('', #616, #608, #2652, .T.);
#3576 = EDGE_CURVE('', #618, #620, #2656, .T.);
#3577 = EDGE_CURVE('', #622, #624, #2660, .T.);
#3578 = EDGE_CURVE('', #618, #610, #2664, .T.);
#3579 = EDGE_CURVE('', #614, #624, #2668, .T.);
#3580 = EDGE_CURVE('', #626, #628, #2672, .T.);
#3581 = EDGE_CURVE('', #628, #620, #2676, .T.);
#3582 = EDGE_CURVE('', #622, #626, #2680, .T.);
#3583 = EDGE_CURVE('', #628, #606, #2684, .T.);
#3584 = EDGE_CURVE('', #626, #608, #2688, .T.);
#3585 = EDGE_CURVE('', #622, #532, #2692, .T.);
#3586 = EDGE_CURVE('', #618, #136, #2696, .T.);
#3587 = EDGE_CURVE('', #630, #632, #2700, .T.);
#3588 = EDGE_CURVE('', #632, #634, #2704, .T.);
#3589 = EDGE_CURVE('', #636, #634, #2708, .T.);
#3590 = EDGE_CURVE('', #630, #636, #2712, .T.);
#3591 = EDGE_CURVE('', #632, #642, #2716, .T.);
#3592 = EDGE_CURVE('', #634, #638, #2720, .T.);
#3593 = EDGE_CURVE('', #638, #640, #2724, .T.);
#3594 = EDGE_CURVE('', #640, #636, #2728, .T.);
#3595 = EDGE_CURVE('', #642, #644, #2732, .T.);
#3596 = EDGE_CURVE('', #646, #648, #2736, .T.);
#3597 = EDGE_CURVE('', #642, #648, #2740, .T.);
#3598 = EDGE_CURVE('', #644, #650, #2744, .T.);
#3599 = EDGE_CURVE('', #652, #646, #2748, .T.);
#3600 = EDGE_CURVE('', #652, #544, #2752, .T.);
#3601 = EDGE_CURVE('', #652, #640, #2756, .T.);
#3602 = EDGE_CURVE('', #650, #638, #2760, .T.);
#3603 = EDGE_CURVE('', #648, #630, #2764, .T.);
#3604 = EDGE_CURVE('', #644, #538, #2768, .T.);
#3605 = EDGE_CURVE('', #654, #656, #2772, .T.);
#3606 = EDGE_CURVE('', #656, #658, #2776, .T.);
#3607 = EDGE_CURVE('', #660, #658, #2780, .T.);
#3608 = EDGE_CURVE('', #654, #660, #2784, .T.);
#3609 = EDGE_CURVE('', #656, #666, #2788, .T.);
#3610 = EDGE_CURVE('', #658, #662, #2792, .T.);
#3611 = EDGE_CURVE('', #662, #664, #2796, .T.);
#3612 = EDGE_CURVE('', #664, #660, #2800, .T.);
#3613 = EDGE_CURVE('', #666, #668, #2804, .T.);
#3614 = EDGE_CURVE('', #670, #672, #2808, .T.);
#3615 = EDGE_CURVE('', #666, #672, #2812, .T.);
#3616 = EDGE_CURVE('', #668, #674, #2816, .T.);
#3617 = EDGE_CURVE('', #676, #670, #2820, .T.);
#3618 = EDGE_CURVE('', #676, #568, #2824, .T.);
#3619 = EDGE_CURVE('', #676, #664, #2828, .T.);
#3620 = EDGE_CURVE('', #674, #662, #2832, .T.);
#3621 = EDGE_CURVE('', #672, #654, #2836, .T.);
#3622 = EDGE_CURVE('', #668, #562, #2840, .T.);
#3623 = EDGE_CURVE('', #680, #678, #2844, .T.);
#3624 = EDGE_CURVE('', #682, #684, #2848, .T.);
#3625 = EDGE_CURVE('', #678, #684, #2852, .T.);
#3626 = EDGE_CURVE('', #682, #686, #2856, .T.);
#3627 = EDGE_CURVE('', #686, #688, #2860, .T.);
#3628 = EDGE_CURVE('', #684, #688, #2864, .T.);
#3629 = EDGE_CURVE('', #686, #694, #2868, .T.);
#3630 = EDGE_CURVE('', #688, #680, #2872, .T.);
#3631 = EDGE_CURVE('', #690, #692, #2876, .T.);
#3632 = EDGE_CURVE('', #694, #696, #2880, .T.);
#3633 = EDGE_CURVE('', #694, #692, #2884, .T.);
#3634 = EDGE_CURVE('', #700, #690, #2888, .T.);
#3635 = EDGE_CURVE('', #696, #698, #2892, .T.);
#3636 = EDGE_CURVE('', #700, #582, #2896, .T.);
#3637 = EDGE_CURVE('', #700, #678, #2900, .T.);
#3638 = EDGE_CURVE('', #698, #680, #2904, .T.);
#3639 = EDGE_CURVE('', #696, #592, #2908, .T.);
#3640 = EDGE_CURVE('', #692, #682, #2912, .T.);
#3641 = EDGE_CURVE('', #704, #702, #2916, .T.);
#3642 = EDGE_CURVE('', #706, #708, #2920, .T.);
#3643 = EDGE_CURVE('', #702, #708, #2924, .T.);
#3644 = EDGE_CURVE('', #706, #710, #2928, .T.);
#3645 = EDGE_CURVE('', #710, #712, #2932, .T.);
#3646 = EDGE_CURVE('', #708, #712, #2936, .T.);
#3647 = EDGE_CURVE('', #710, #718, #2940, .T.);
#3648 = EDGE_CURVE('', #712, #704, #2944, .T.);
#3649 = EDGE_CURVE('', #714, #716, #2948, .T.);
#3650 = EDGE_CURVE('', #718, #720, #2952, .T.);
#3651 = EDGE_CURVE('', #718, #716, #2956, .T.);
#3652 = EDGE_CURVE('', #724, #714, #2960, .T.);
#3653 = EDGE_CURVE('', #720, #722, #2964, .T.);
#3654 = EDGE_CURVE('', #724, #606, #2968, .T.);
#3655 = EDGE_CURVE('', #724, #702, #2972, .T.);
#3656 = EDGE_CURVE('', #722, #704, #2976, .T.);
#3657 = EDGE_CURVE('', #720, #616, #2980, .T.);
#3658 = EDGE_CURVE('', #716, #706, #2984, .T.);
#3659 = EDGE_CURVE('', #728, #726, #2988, .T.);
#3660 = EDGE_CURVE('', #730, #732, #2992, .T.);
#3661 = EDGE_CURVE('', #726, #732, #2996, .T.);
#3662 = EDGE_CURVE('', #730, #734, #3000, .T.);
#3663 = EDGE_CURVE('', #734, #736, #3004, .T.);
#3664 = EDGE_CURVE('', #732, #736, #3008, .T.);
#3665 = EDGE_CURVE('', #734, #742, #3012, .T.);
#3666 = EDGE_CURVE('', #736, #728, #3016, .T.);
#3667 = EDGE_CURVE('', #738, #740, #3020, .T.);
#3668 = EDGE_CURVE('', #742, #744, #3024, .T.);
#3669 = EDGE_CURVE('', #742, #740, #3028, .T.);
#3670 = EDGE_CURVE('', #746, #748, #3032, .T.);
#3671 = EDGE_CURVE('', #748, #738, #3036, .T.);
#3672 = EDGE_CURVE('', #744, #746, #3040, .T.);
#3673 = EDGE_CURVE('', #748, #726, #3044, .T.);
#3674 = EDGE_CURVE('', #746, #728, #3048, .T.);
#3675 = EDGE_CURVE('', #744, #164, #3052, .T.);
#3676 = EDGE_CURVE('', #740, #730, #3056, .T.);
#3677 = EDGE_CURVE('', #750, #752, #3060, .T.);
#3678 = EDGE_CURVE('', #752, #754, #3064, .T.);
#3679 = EDGE_CURVE('', #756, #754, #3068, .T.);
#3680 = EDGE_CURVE('', #750, #756, #3072, .T.);
#3681 = EDGE_CURVE('', #752, #762, #3076, .T.);
#3682 = EDGE_CURVE('', #754, #758, #3080, .T.);
#3683 = EDGE_CURVE('', #758, #760, #3084, .T.);
#3684 = EDGE_CURVE('', #760, #756, #3088, .T.);
#3685 = EDGE_CURVE('', #762, #764, #3092, .T.);
#3686 = EDGE_CURVE('', #766, #768, #3096, .T.);
#3687 = EDGE_CURVE('', #762, #768, #3100, .T.);
#3688 = EDGE_CURVE('', #764, #770, #3104, .T.);
#3689 = EDGE_CURVE('', #770, #772, #3108, .T.);
#3690 = EDGE_CURVE('', #772, #766, #3112, .T.);
#3691 = EDGE_CURVE('', #772, #760, #3116, .T.);
#3692 = EDGE_CURVE('', #770, #758, #3120, .T.);
#3693 = EDGE_CURVE('', #768, #750, #3124, .T.);
#3694 = EDGE_CURVE('', #764, #154, #3128, .T.);
#3695 = CARTESIAN_POINT('', (-6., -11., 0.));
#3696 = DIRECTION('', (0., -0., 1.));
#3697 = AXIS2_PLACEMENT_3D('', #3695, #3696, $);
#3698 = PLANE('', #3697);
#3699 = CARTESIAN_POINT('', (110.99999999999997, -5.999999999999979, 1.2499999999999998));
#3700 = DIRECTION('', (0.00000000000000022204460492502906, -0.00000000000000021442523866471702, -1.));
#3701 = DIRECTION('', (1., -0.000000000000004618527782440625, 0.00000000000000022204460492503005));
#3702 = AXIS2_PLACEMENT_3D('', #3699, #3700, #3701);
#3703 = CYLINDRICAL_SURFACE('', #3702, 5.000000000000028);
#3704 = CARTESIAN_POINT('', (116., 49.5, 4.2499999999999964));
#3705 = DIRECTION('', (1., -0., 0.));
#3706 = AXIS2_PLACEMENT_3D('', #3704, #3705, $);
#3707 = PLANE('', #3706);
#3708 = CARTESIAN_POINT('', (110.99999999999996, 105., 1.2500000000000089));
#3709 = DIRECTION('', (0.000000000000000710542735760087, 0.0000000000000024963677096855024, 1.));
#3710 = DIRECTION('', (1., 0.0000000000000028421709430403764, -0.0000000000000007105427357600941));
#3711 = AXIS2_PLACEMENT_3D('', #3708, #3709, #3710);
#3712 = CYLINDRICAL_SURFACE('', #3711, 5.000000000000043);
#3713 = CARTESIAN_POINT('', (55., 110., 4.249999999999997));
#3714 = DIRECTION('', (0., 1., -0.));
#3715 = AXIS2_PLACEMENT_3D('', #3713, #3714, $);
#3716 = PLANE('', #3715);
#3717 = CARTESIAN_POINT('', (-0.9999999999999797, 105., 1.2499999999998694));
#3718 = DIRECTION('', (0.0000000000000543075156553288, 0.0000000000000015987211554604428, 1.));
#3719 = DIRECTION('', (-0.000000000000004085620730620565, 1., -0.000000000000001598721155460221));
#3720 = AXIS2_PLACEMENT_3D('', #3717, #3718, #3719);
#3721 = CYLINDRICAL_SURFACE('', #3720, 5.000000000000014);
#3722 = CARTESIAN_POINT('', (-6., 49.5, 4.249999999999998));
#3723 = DIRECTION('', (-1., -0.000000000000000003469446951953615, 0.00000000000000011102230246251563));
#3724 = AXIS2_PLACEMENT_3D('', #3722, #3723, $);
#3725 = PLANE('', #3724);
#3726 = CARTESIAN_POINT('', (-0.9999999999999996, -6., 1.2499999999999272));
#3727 = DIRECTION('', (0.000000000000029309887850104126, 0.00000000000000007759384446588204, 1.));
#3728 = DIRECTION('', (-1., 0., 0.000000000000029309887850104126));
#3729 = AXIS2_PLACEMENT_3D('', #3726, #3727, #3728);
#3730 = CYLINDRICAL_SURFACE('', #3729, 5.000000000000001);
#3731 = CARTESIAN_POINT('', (55., -11., 4.249999999999999));
#3732 = DIRECTION('', (0., -1., 0.0000000000000002220446049250313));
#3733 = AXIS2_PLACEMENT_3D('', #3731, #3732, $);
#3734 = PLANE('', #3733);
#3735 = CARTESIAN_POINT('', (111.00000000000003, 105.00000000000004, 5.500000000000002));
#3736 = DIRECTION('', (-0.00000000000000000000000000001114304162128836, 0.0000000000000007841218452094984, 1.));
#3737 = DIRECTION('', (1., 0.000000000000014210854715202086, 0.));
#3738 = AXIS2_PLACEMENT_3D('', #3735, #3736, #3737);
#3739 = CYLINDRICAL_SURFACE('', #3738, 4.999999999999972);
#3740 = CARTESIAN_POINT('', (-1.0000000000000007, 104.99999999999999, 5.499999999999897));
#3741 = DIRECTION('', (0.00000000000004225637635249526, 0.0000000000000010658141036401453, 1.));
#3742 = DIRECTION('', (0.000000000000000044408920985006135, 1., -0.0000000000000010658141036401473));
#3743 = AXIS2_PLACEMENT_3D('', #3740, #3741, #3742);
#3744 = CYLINDRICAL_SURFACE('', #3743, 5.000000000000014);
#3745 = CARTESIAN_POINT('', (-0.9999999999999987, -6., 5.499999999999941));
#3746 = DIRECTION('', (0.000000000000023092638912203243, 0.0000000000000005135221963678257, 1.));
#3747 = DIRECTION('', (-1., -0.000000000000005861977570020825, 0.000000000000023092638912203247));
#3748 = AXIS2_PLACEMENT_3D('', #3745, #3746, #3747);
#3749 = CYLINDRICAL_SURFACE('', #3748, 5.000000000000002);
#3750 = CARTESIAN_POINT('', (55., -6.900000000000001, 5.5));
#3751 = DIRECTION('', (-0.000000000000000006938893903907228, -1., 0.));
#3752 = AXIS2_PLACEMENT_3D('', #3750, #3751, $);
#3753 = PLANE('', #3752);
#3754 = CARTESIAN_POINT('', (-1.0000000000000013, -5.900000000000003, 5.5));
#3755 = DIRECTION('', (0., -0., 1.));
#3756 = DIRECTION('', (-1., 0.000000000000001776356839400252, 0.));
#3757 = AXIS2_PLACEMENT_3D('', #3754, #3755, #3756);
#3758 = CYLINDRICAL_SURFACE('', #3757, 0.9999999999999991);
#3759 = CARTESIAN_POINT('', (-2.0000000000000004, 49.54999999999998, 5.499999999999999));
#3760 = DIRECTION('', (-1., -0.000000000000000003469446951953615, 0.));
#3761 = AXIS2_PLACEMENT_3D('', #3759, #3760, $);
#3762 = PLANE('', #3761);
#3763 = CARTESIAN_POINT('', (-1.0000000000000142, 105.00000000000003, 5.50000000000021));
#3764 = DIRECTION('', (-0.000000000000012961124717953805, 0.0000000000004067857162226644, 1.));
#3765 = DIRECTION('', (0.00000000000009880984919164033, 1., -0.00000000000040678571622266316));
#3766 = AXIS2_PLACEMENT_3D('', #3763, #3764, #3765);
#3767 = CYLINDRICAL_SURFACE('', #3766, 0.9999999999999857);
#3768 = CARTESIAN_POINT('', (54.99999999999999, 106.00000000000001, 5.5));
#3769 = DIRECTION('', (0., 1., -0.));
#3770 = AXIS2_PLACEMENT_3D('', #3768, #3769, $);
#3771 = PLANE('', #3770);
#3772 = CARTESIAN_POINT('', (110.99999999999993, 104.99999999999994, 5.500000000000278));
#3773 = DIRECTION('', (-0.000000000000016875389974235866, 0.0000000000005745162240242548, 1.));
#3774 = DIRECTION('', (1., -0.00000000000011368683772160795, 0.00000000000001687538997430118));
#3775 = AXIS2_PLACEMENT_3D('', #3772, #3773, #3774);
#3776 = CYLINDRICAL_SURFACE('', #3775, 1.000000000000071);
#3777 = CARTESIAN_POINT('', (110.99999999999999, -5.899999999999991, 5.5));
#3778 = DIRECTION('', (0.0000000000000017763568394006496, 0.0000000000000017763568394002544, -1.));
#3779 = DIRECTION('', (1., -0.0000000000002389199948993303, 0.0000000000000017763568394002252));
#3780 = AXIS2_PLACEMENT_3D('', #3777, #3778, #3779);
#3781 = CYLINDRICAL_SURFACE('', #3780, 1.0000000000000142);
#3782 = CARTESIAN_POINT('', (112., 49.55, 5.5));
#3783 = DIRECTION('', (1., -0., 0.));
#3784 = AXIS2_PLACEMENT_3D('', #3782, #3783, $);
#3785 = PLANE('', #3784);
#3786 = CARTESIAN_POINT('', (-6., -11., 2.5));
#3787 = DIRECTION('', (0., -0., 1.));
#3788 = AXIS2_PLACEMENT_3D('', #3786, #3787, $);
#3789 = PLANE('', #3788);
#3790 = CARTESIAN_POINT('', (55., -9.500000000000002, 7.6000000000000005));
#3791 = DIRECTION('', (0., -1., 0.));
#3792 = AXIS2_PLACEMENT_3D('', #3790, #3791, $);
#3793 = PLANE('', #3792);
#3794 = CARTESIAN_POINT('', (-0.9999999999999974, -5.999999999999998, 7.600000000000278));
#3795 = DIRECTION('', (-0.00000000000015860328923216505, -0.0000000000000000356936898590708, 1.));
#3796 = DIRECTION('', (-1., 0.000000000000019539925233402736, -0.00000000000015860328923216505));
#3797 = AXIS2_PLACEMENT_3D('', #3794, #3795, #3796);
#3798 = CYLINDRICAL_SURFACE('', #3797, 3.5000000000000036);
#3799 = CARTESIAN_POINT('', (-4.500000000000001, 49.5, 7.6000000000000005));
#3800 = DIRECTION('', (-1., -0., 0.));
#3801 = AXIS2_PLACEMENT_3D('', #3799, #3800, $);
#3802 = PLANE('', #3801);
#3803 = CARTESIAN_POINT('', (-0.9999999999999857, 104.99999999999997, 7.600000000000359));
#3804 = DIRECTION('', (-0.00000000000030753324247750815, -0.00000000000010226740089690061, 1.));
#3805 = DIRECTION('', (-0.000000000000004250568151421993, 1., 0.0000000000001022674008968993));
#3806 = AXIS2_PLACEMENT_3D('', #3803, #3804, #3805);
#3807 = CYLINDRICAL_SURFACE('', #3806, 3.5000000000000284);
#3808 = CARTESIAN_POINT('', (55., 108.5, 7.6000000000000005));
#3809 = DIRECTION('', (0., 1., -0.));
#3810 = AXIS2_PLACEMENT_3D('', #3808, #3809, $);
#3811 = PLANE('', #3810);
#3812 = CARTESIAN_POINT('', (110.99999999999997, 105., 7.599999999999735));
#3813 = DIRECTION('', (0.000000000000002791417890479179, -0.0000000000001546350303003628, 1.));
#3814 = DIRECTION('', (1., -0.000000000000044662686247777365, -0.0000000000000027914178904860853));
#3815 = AXIS2_PLACEMENT_3D('', #3812, #3813, #3814);
#3816 = CYLINDRICAL_SURFACE('', #3815, 3.5000000000000284);
#3817 = CARTESIAN_POINT('', (114.5, 49.5, 7.6000000000000005));
#3818 = DIRECTION('', (1., -0., 0.));
#3819 = AXIS2_PLACEMENT_3D('', #3817, #3818, $);
#3820 = PLANE('', #3819);
#3821 = CARTESIAN_POINT('', (-7., -12., 6.5));
#3822 = DIRECTION('', (0., -0., 1.));
#3823 = AXIS2_PLACEMENT_3D('', #3821, #3822, $);
#3824 = PLANE('', #3823);
#3825 = CARTESIAN_POINT('', (111., -5.999999999999993, 5.500000000000001));
#3826 = DIRECTION('', (0., -0., -1.));
#3827 = DIRECTION('', (1., 0.000000000000020961010704922957, 0.));
#3828 = AXIS2_PLACEMENT_3D('', #3825, #3826, #3827);
#3829 = CYLINDRICAL_SURFACE('', #3828, 5.);
#3830 = CARTESIAN_POINT('', (111.00000000000003, -6.000000000000006, 7.599999999999987));
#3831 = DIRECTION('', (0.0000000000000027914178904858203, -0.000000000000004690922285338508, -1.));
#3832 = DIRECTION('', (1., -0.00000000000006369508095563781, 0.0000000000000027914178904861193));
#3833 = AXIS2_PLACEMENT_3D('', #3830, #3831, #3832);
#3834 = CYLINDRICAL_SURFACE('', #3833, 3.499999999999986);
#3835 = CARTESIAN_POINT('', (110.75, 40., 5.));
#3836 = DIRECTION('', (1., -0., -0.));
#3837 = AXIS2_PLACEMENT_3D('', #3835, #3836, $);
#3838 = PLANE('', #3837);
#3839 = CARTESIAN_POINT('', (55., 76.75, 5.));
#3840 = DIRECTION('', (0., 1., -0.));
#3841 = AXIS2_PLACEMENT_3D('', #3839, #3840, $);
#3842 = PLANE('', #3841);
#3843 = CARTESIAN_POINT('', (-0.7500000000000009, 40., 5.));
#3844 = DIRECTION('', (-1., -0.000000000000000003469446951953615, 0.));
#3845 = AXIS2_PLACEMENT_3D('', #3843, #3844, $);
#3846 = PLANE('', #3845);
#3847 = CARTESIAN_POINT('', (55., 3.2499999999999987, 5.));
#3848 = DIRECTION('', (-0.000000000000000003469446951953614, -1., 0.));
#3849 = AXIS2_PLACEMENT_3D('', #3847, #3848, $);
#3850 = PLANE('', #3849);
#3851 = CARTESIAN_POINT('', (-0.75, 3.25, 7.5));
#3852 = DIRECTION('', (0., -0., 1.));
#3853 = AXIS2_PLACEMENT_3D('', #3851, #3852, $);
#3854 = PLANE('', #3853);
#3855 = CARTESIAN_POINT('', (108.25, 40., 5.949999999999999));
#3856 = DIRECTION('', (1., -0., 0.));
#3857 = AXIS2_PLACEMENT_3D('', #3855, #3856, $);
#3858 = PLANE('', #3857);
#3859 = CARTESIAN_POINT('', (55., 74.25, 5.949999999999999));
#3860 = DIRECTION('', (0., 1., -0.));
#3861 = AXIS2_PLACEMENT_3D('', #3859, #3860, $);
#3862 = PLANE('', #3861);
#3863 = CARTESIAN_POINT('', (1.7499999999999991, 40., 5.949999999999999));
#3864 = DIRECTION('', (-1., -0.000000000000000003469446951953615, 0.));
#3865 = AXIS2_PLACEMENT_3D('', #3863, #3864, $);
#3866 = PLANE('', #3865);
#3867 = CARTESIAN_POINT('', (55., 5.749999999999999, 5.949999999999999));
#3868 = DIRECTION('', (0., -1., 0.));
#3869 = AXIS2_PLACEMENT_3D('', #3867, #3868, $);
#3870 = PLANE('', #3869);
#3871 = CARTESIAN_POINT('', (1.75, 5.75, 4.3));
#3872 = DIRECTION('', (0., -0., 1.));
#3873 = AXIS2_PLACEMENT_3D('', #3871, #3872, $);
#3874 = PLANE('', #3873);
#3875 = CARTESIAN_POINT('', (43.75, 86., 4.25));
#3876 = DIRECTION('', (1., -0., -0.));
#3877 = AXIS2_PLACEMENT_3D('', #3875, #3876, $);
#3878 = PLANE('', #3877);
#3879 = CARTESIAN_POINT('', (37., 92.75, 4.25));
#3880 = DIRECTION('', (0., 1., -0.));
#3881 = AXIS2_PLACEMENT_3D('', #3879, #3880, $);
#3882 = PLANE('', #3881);
#3883 = CARTESIAN_POINT('', (30.25, 86., 4.25));
#3884 = DIRECTION('', (-1., -0., 0.));
#3885 = AXIS2_PLACEMENT_3D('', #3883, #3884, $);
#3886 = PLANE('', #3885);
#3887 = CARTESIAN_POINT('', (37., 79.25, 4.25));
#3888 = DIRECTION('', (0., -1., 0.));
#3889 = AXIS2_PLACEMENT_3D('', #3887, #3888, $);
#3890 = PLANE('', #3889);
#3891 = CARTESIAN_POINT('', (30.25, 79.25, 6.));
#3892 = DIRECTION('', (0., -0., 1.));
#3893 = AXIS2_PLACEMENT_3D('', #3891, #3892, $);
#3894 = PLANE('', #3893);
#3895 = CARTESIAN_POINT('', (78.74999998425, 86.000000006, 4.25));
#3896 = DIRECTION('', (1., 0.0000000007894751519188503, -0.));
#3897 = AXIS2_PLACEMENT_3D('', #3895, #3896, $);
#3898 = PLANE('', #3897);
#3899 = CARTESIAN_POINT('', (72.99999998724999, 90.75000000924999, 4.249999999999999));
#3900 = DIRECTION('', (0.00000000021739143818422253, 1., -0.));
#3901 = AXIS2_PLACEMENT_3D('', #3899, #3900, $);
#3902 = PLANE('', #3901);
#3903 = CARTESIAN_POINT('', (67.249999994, 86.00000000624999, 4.25));
#3904 = DIRECTION('', (-1., -0., 0.));
#3905 = AXIS2_PLACEMENT_3D('', #3903, #3904, $);
#3906 = PLANE('', #3905);
#3907 = CARTESIAN_POINT('', (72.99999999100001, 81.250000003, 4.25));
#3908 = DIRECTION('', (0.00000000017391332818306198, -1., 0.));
#3909 = AXIS2_PLACEMENT_3D('', #3907, #3908, $);
#3910 = PLANE('', #3909);
#3911 = CARTESIAN_POINT('', (67.25, 81.25, 6.));
#3912 = DIRECTION('', (0., -0., 1.));
#3913 = AXIS2_PLACEMENT_3D('', #3911, #3912, $);
#3914 = PLANE('', #3913);
#3915 = CARTESIAN_POINT('', (6.000000000999999, -2.500000000000001, 5.5));
#3916 = DIRECTION('', (0., -0., 1.));
#3917 = DIRECTION('', (1., 0.00000000000000019737298208979235, 0.));
#3918 = AXIS2_PLACEMENT_3D('', #3915, #3916, #3917);
#3919 = CYLINDRICAL_SURFACE('', #3918, 4.500000001500001);
#3920 = CARTESIAN_POINT('', (104.000000001, -2.499999999999986, 5.5));
#3921 = DIRECTION('', (-0., -0., 1.));
#3922 = DIRECTION('', (1., -0.0000000000000031579677134366796, 0.));
#3923 = AXIS2_PLACEMENT_3D('', #3920, #3921, #3922);
#3924 = CYLINDRICAL_SURFACE('', #3923, 4.500000001499998);
#3925 = CARTESIAN_POINT('', (104., -2.5, 8.5));
#3926 = DIRECTION('', (0., -0., 1.));
#3927 = AXIS2_PLACEMENT_3D('', #3925, #3926, $);
#3928 = PLANE('', #3927);
#3929 = CARTESIAN_POINT('', (6.000000001000018, 100.99999999999999, 5.45));
#3930 = DIRECTION('', (0., -0., 1.));
#3931 = DIRECTION('', (1., 0.0000000000000031579677134366906, 0.));
#3932 = AXIS2_PLACEMENT_3D('', #3929, #3930, #3931);
#3933 = CYLINDRICAL_SURFACE('', #3932, 4.500000001499982);
#3934 = CARTESIAN_POINT('', (6., 101., 8.5));
#3935 = DIRECTION('', (0., -0., 1.));
#3936 = AXIS2_PLACEMENT_3D('', #3934, #3935, $);
#3937 = PLANE('', #3936);
#3938 = CARTESIAN_POINT('', (104.000000001, 100.99999999999999, 5.45));
#3939 = DIRECTION('', (0., -0., 1.));
#3940 = DIRECTION('', (1., 0.0000000000000031579677134366796, 0.));
#3941 = AXIS2_PLACEMENT_3D('', #3938, #3939, #3940);
#3942 = CYLINDRICAL_SURFACE('', #3941, 4.500000001499998);
#3943 = CARTESIAN_POINT('', (104., 101., 8.5));
#3944 = DIRECTION('', (0., -0., 1.));
#3945 = AXIS2_PLACEMENT_3D('', #3943, #3944, $);
#3946 = PLANE('', #3945);
#3947 = CARTESIAN_POINT('', (103., 40., 4.5));
#3948 = DIRECTION('', (1., -0., 0.));
#3949 = AXIS2_PLACEMENT_3D('', #3947, #3948, $);
#3950 = PLANE('', #3949);
#3951 = CARTESIAN_POINT('', (55., 67.5, 4.5));
#3952 = DIRECTION('', (0., 1., -0.));
#3953 = AXIS2_PLACEMENT_3D('', #3951, #3952, $);
#3954 = PLANE('', #3953);
#3955 = CARTESIAN_POINT('', (6.999999999999999, 40., 4.5));
#3956 = DIRECTION('', (-1., -0., 0.));
#3957 = AXIS2_PLACEMENT_3D('', #3955, #3956, $);
#3958 = PLANE('', #3957);
#3959 = CARTESIAN_POINT('', (55., 12.5, 4.5));
#3960 = DIRECTION('', (0., -1., 0.));
#3961 = AXIS2_PLACEMENT_3D('', #3959, #3960, $);
#3962 = PLANE('', #3961);
#3963 = CARTESIAN_POINT('', (37.00000000149999, 86., 4.5));
#3964 = DIRECTION('', (0., -0., 1.));
#3965 = DIRECTION('', (1., 0., 0.));
#3966 = AXIS2_PLACEMENT_3D('', #3963, #3964, #3965);
#3967 = CYLINDRICAL_SURFACE('', #3966, 4.250000002250012);
#3968 = CARTESIAN_POINT('', (76.25, 86., 4.5));
#3969 = DIRECTION('', (1., -0., 0.));
#3970 = AXIS2_PLACEMENT_3D('', #3968, #3969, $);
#3971 = PLANE('', #3970);
#3972 = CARTESIAN_POINT('', (73., 88.25, 4.5));
#3973 = DIRECTION('', (0., 1., -0.));
#3974 = AXIS2_PLACEMENT_3D('', #3972, #3973, $);
#3975 = PLANE('', #3974);
#3976 = CARTESIAN_POINT('', (69.75, 86., 4.5));
#3977 = DIRECTION('', (-1., -0., 0.));
#3978 = AXIS2_PLACEMENT_3D('', #3976, #3977, $);
#3979 = PLANE('', #3978);
#3980 = CARTESIAN_POINT('', (73., 83.75, 4.5));
#3981 = DIRECTION('', (0., -1., 0.));
#3982 = AXIS2_PLACEMENT_3D('', #3980, #3981, $);
#3983 = PLANE('', #3982);
#3984 = CARTESIAN_POINT('', (23.000000007499995, 1.7499999999999964, 4.5));
#3985 = DIRECTION('', (0., -0., 1.));
#3986 = DIRECTION('', (1., 0.0000000000000028421709174608504, 0.));
#3987 = AXIS2_PLACEMENT_3D('', #3984, #3985, #3986);
#3988 = CYLINDRICAL_SURFACE('', #3987, 1.2500000112500054);
#3989 = CARTESIAN_POINT('', (79., -2., 4.5));
#3990 = DIRECTION('', (1., -0., 0.));
#3991 = AXIS2_PLACEMENT_3D('', #3989, #3990, $);
#3992 = PLANE('', #3991);
#3993 = CARTESIAN_POINT('', (78., 3., 4.5));
#3994 = DIRECTION('', (0., 1., -0.));
#3995 = AXIS2_PLACEMENT_3D('', #3993, #3994, $);
#3996 = PLANE('', #3995);
#3997 = CARTESIAN_POINT('', (77., -2., 4.5));
#3998 = DIRECTION('', (-1., -0., 0.));
#3999 = AXIS2_PLACEMENT_3D('', #3997, #3998, $);
#4000 = PLANE('', #3999);
#4001 = CARTESIAN_POINT('', (78., -7., 4.5));
#4002 = DIRECTION('', (0., -1., 0.));
#4003 = AXIS2_PLACEMENT_3D('', #4001, #4002, $);
#4004 = PLANE('', #4003);
#4005 = CARTESIAN_POINT('', (83.5, -2., 4.5));
#4006 = DIRECTION('', (1., -0., 0.));
#4007 = AXIS2_PLACEMENT_3D('', #4005, #4006, $);
#4008 = PLANE('', #4007);
#4009 = CARTESIAN_POINT('', (82.5, 3., 4.5));
#4010 = DIRECTION('', (0., 1., -0.));
#4011 = AXIS2_PLACEMENT_3D('', #4009, #4010, $);
#4012 = PLANE('', #4011);
#4013 = CARTESIAN_POINT('', (81.5, -2., 4.5));
#4014 = DIRECTION('', (-1., -0., 0.));
#4015 = AXIS2_PLACEMENT_3D('', #4013, #4014, $);
#4016 = PLANE('', #4015);
#4017 = CARTESIAN_POINT('', (82.5, -7., 4.5));
#4018 = DIRECTION('', (0., -1., 0.));
#4019 = AXIS2_PLACEMENT_3D('', #4017, #4018, $);
#4020 = PLANE('', #4019);
#4021 = CARTESIAN_POINT('', (88., -2., 4.5));
#4022 = DIRECTION('', (1., -0., 0.));
#4023 = AXIS2_PLACEMENT_3D('', #4021, #4022, $);
#4024 = PLANE('', #4023);
#4025 = CARTESIAN_POINT('', (87., 3., 4.5));
#4026 = DIRECTION('', (0., 1., -0.));
#4027 = AXIS2_PLACEMENT_3D('', #4025, #4026, $);
#4028 = PLANE('', #4027);
#4029 = CARTESIAN_POINT('', (86., -2., 4.5));
#4030 = DIRECTION('', (-1., -0., 0.));
#4031 = AXIS2_PLACEMENT_3D('', #4029, #4030, $);
#4032 = PLANE('', #4031);
#4033 = CARTESIAN_POINT('', (87., -7., 4.5));
#4034 = DIRECTION('', (0., -1., 0.));
#4035 = AXIS2_PLACEMENT_3D('', #4033, #4034, $);
#4036 = PLANE('', #4035);
#4037 = CARTESIAN_POINT('', (92.5, -2., 4.5));
#4038 = DIRECTION('', (1., -0., 0.));
#4039 = AXIS2_PLACEMENT_3D('', #4037, #4038, $);
#4040 = PLANE('', #4039);
#4041 = CARTESIAN_POINT('', (91.5, 3., 4.5));
#4042 = DIRECTION('', (0., 1., -0.));
#4043 = AXIS2_PLACEMENT_3D('', #4041, #4042, $);
#4044 = PLANE('', #4043);
#4045 = CARTESIAN_POINT('', (90.5, -2., 4.5));
#4046 = DIRECTION('', (-1., -0., 0.));
#4047 = AXIS2_PLACEMENT_3D('', #4045, #4046, $);
#4048 = PLANE('', #4047);
#4049 = CARTESIAN_POINT('', (91.5, -7., 4.5));
#4050 = DIRECTION('', (0., -1., 0.));
#4051 = AXIS2_PLACEMENT_3D('', #4049, #4050, $);
#4052 = PLANE('', #4051);
#4053 = CARTESIAN_POINT('', (97., -2., 4.5));
#4054 = DIRECTION('', (1., -0., 0.));
#4055 = AXIS2_PLACEMENT_3D('', #4053, #4054, $);
#4056 = PLANE('', #4055);
#4057 = CARTESIAN_POINT('', (96., 3., 4.5));
#4058 = DIRECTION('', (0., 1., -0.));
#4059 = AXIS2_PLACEMENT_3D('', #4057, #4058, $);
#4060 = PLANE('', #4059);
#4061 = CARTESIAN_POINT('', (95., -2., 4.5));
#4062 = DIRECTION('', (-1., -0., 0.));
#4063 = AXIS2_PLACEMENT_3D('', #4061, #4062, $);
#4064 = PLANE('', #4063);
#4065 = CARTESIAN_POINT('', (96., -7., 4.5));
#4066 = DIRECTION('', (0., -1., 0.));
#4067 = AXIS2_PLACEMENT_3D('', #4065, #4066, $);
#4068 = PLANE('', #4067);
#4069 = CARTESIAN_POINT('', (6.0000000060000005, -2.5, 6.05));
#4070 = DIRECTION('', (0., -0., 1.));
#4071 = DIRECTION('', (1., 0., 0.));
#4072 = AXIS2_PLACEMENT_3D('', #4069, #4070, #4071);
#4073 = CYLINDRICAL_SURFACE('', #4072, 2.0000000090000007);
#4074 = CARTESIAN_POINT('', (6., -2.5, 3.5));
#4075 = DIRECTION('', (0., -0., 1.));
#4076 = AXIS2_PLACEMENT_3D('', #4074, #4075, $);
#4077 = PLANE('', #4076);
#4078 = CARTESIAN_POINT('', (104.00000000600002, -2.499999999999986, 6.05));
#4079 = DIRECTION('', (-0., -0., 1.));
#4080 = DIRECTION('', (1., -0.0000000000000071054273256266645, 0.));
#4081 = AXIS2_PLACEMENT_3D('', #4078, #4079, #4080);
#4082 = CYLINDRICAL_SURFACE('', #4081, 2.000000008999976);
#4083 = CARTESIAN_POINT('', (104., -2.5, 3.5));
#4084 = DIRECTION('', (0., -0., 1.));
#4085 = AXIS2_PLACEMENT_3D('', #4083, #4084, $);
#4086 = PLANE('', #4085);
#4087 = CARTESIAN_POINT('', (6.000000005999998, 101.00000000000001, 6.05));
#4088 = DIRECTION('', (-0., -0., 1.));
#4089 = DIRECTION('', (1., -0.000000000000007105427325626567, 0.));
#4090 = AXIS2_PLACEMENT_3D('', #4087, #4088, #4089);
#4091 = CYLINDRICAL_SURFACE('', #4090, 2.0000000090000034);
#4092 = CARTESIAN_POINT('', (6., 101., 3.5));
#4093 = DIRECTION('', (0., -0., 1.));
#4094 = AXIS2_PLACEMENT_3D('', #4092, #4093, $);
#4095 = PLANE('', #4094);
#4096 = CARTESIAN_POINT('', (104.00000000600002, 101.00000000000001, 6.05));
#4097 = DIRECTION('', (-0., -0., 1.));
#4098 = DIRECTION('', (1., -0.0000000000000071054273256266645, 0.));
#4099 = AXIS2_PLACEMENT_3D('', #4096, #4097, #4098);
#4100 = CYLINDRICAL_SURFACE('', #4099, 2.000000008999976);
#4101 = CARTESIAN_POINT('', (104., 101., 3.5));
#4102 = DIRECTION('', (0., -0., 1.));
#4103 = AXIS2_PLACEMENT_3D('', #4101, #4102, $);
#4104 = PLANE('', #4103);
#4105 = CARTESIAN_POINT('', (0.5000000000000002, 19., 6.9));
#4106 = DIRECTION('', (0., 1., -0.));
#4107 = AXIS2_PLACEMENT_3D('', #4105, #4106, $);
#4108 = PLANE('', #4107);
#4109 = CARTESIAN_POINT('', (0.5, 9., 6.9));
#4110 = DIRECTION('', (0., -1., 0.));
#4111 = AXIS2_PLACEMENT_3D('', #4109, #4110, $);
#4112 = PLANE('', #4111);
#4113 = CARTESIAN_POINT('', (-0.85, 9., 4.4));
#4114 = DIRECTION('', (0., -0., 1.));
#4115 = AXIS2_PLACEMENT_3D('', #4113, #4114, $);
#4116 = PLANE('', #4115);
#4117 = CARTESIAN_POINT('', (0.5000000000000002, 71., 6.9));
#4118 = DIRECTION('', (0., 1., -0.));
#4119 = AXIS2_PLACEMENT_3D('', #4117, #4118, $);
#4120 = PLANE('', #4119);
#4121 = CARTESIAN_POINT('', (0.5, 61., 6.9));
#4122 = DIRECTION('', (0., -1., 0.));
#4123 = AXIS2_PLACEMENT_3D('', #4121, #4122, $);
#4124 = PLANE('', #4123);
#4125 = CARTESIAN_POINT('', (-0.85, 61., 4.4));
#4126 = DIRECTION('', (0., -0., 1.));
#4127 = AXIS2_PLACEMENT_3D('', #4125, #4126, $);
#4128 = PLANE('', #4127);
#4129 = CARTESIAN_POINT('', (109.5, 19., 6.9));
#4130 = DIRECTION('', (0., 1., -0.));
#4131 = AXIS2_PLACEMENT_3D('', #4129, #4130, $);
#4132 = PLANE('', #4131);
#4133 = CARTESIAN_POINT('', (109.50000000000001, 9., 6.9));
#4134 = DIRECTION('', (0., -1., 0.));
#4135 = AXIS2_PLACEMENT_3D('', #4133, #4134, $);
#4136 = PLANE('', #4135);
#4137 = CARTESIAN_POINT('', (108.15, 9., 4.4));
#4138 = DIRECTION('', (0., -0., 1.));
#4139 = AXIS2_PLACEMENT_3D('', #4137, #4138, $);
#4140 = PLANE('', #4139);
#4141 = CARTESIAN_POINT('', (109.5, 71., 6.9));
#4142 = DIRECTION('', (0., 1., -0.));
#4143 = AXIS2_PLACEMENT_3D('', #4141, #4142, $);
#4144 = PLANE('', #4143);
#4145 = CARTESIAN_POINT('', (109.50000000000001, 61., 6.9));
#4146 = DIRECTION('', (0., -1., 0.));
#4147 = AXIS2_PLACEMENT_3D('', #4145, #4146, $);
#4148 = PLANE('', #4147);
#4149 = CARTESIAN_POINT('', (108.15, 61., 4.4));
#4150 = DIRECTION('', (0., -0., 1.));
#4151 = AXIS2_PLACEMENT_3D('', #4149, #4150, $);
#4152 = PLANE('', #4151);
#4153 = CARTESIAN_POINT('', (1.8499999999999999, 13.999999999999996, 6.199999999999998));
#4154 = DIRECTION('', (1., -0., 0.));
#4155 = AXIS2_PLACEMENT_3D('', #4153, #4154, $);
#4156 = PLANE('', #4155);
#4157 = CARTESIAN_POINT('', (1.3499999999999999, 17.999999999999996, 6.199999999999998));
#4158 = DIRECTION('', (0., 1., -0.));
#4159 = AXIS2_PLACEMENT_3D('', #4157, #4158, $);
#4160 = PLANE('', #4159);
#4161 = CARTESIAN_POINT('', (0.8500000000000001, 14., 6.300000000000001));
#4162 = DIRECTION('', (-1., -0., 0.));
#4163 = AXIS2_PLACEMENT_3D('', #4161, #4162, $);
#4164 = PLANE('', #4163);
#4165 = CARTESIAN_POINT('', (1.3499999999999999, 9.999999999999998, 6.199999999999998));
#4166 = DIRECTION('', (0., -1., 0.));
#4167 = AXIS2_PLACEMENT_3D('', #4165, #4166, $);
#4168 = PLANE('', #4167);
#4169 = CARTESIAN_POINT('', (0.85, 10., 8.1));
#4170 = DIRECTION('', (0., -0., 1.));
#4171 = AXIS2_PLACEMENT_3D('', #4169, #4170, $);
#4172 = PLANE('', #4171);
#4173 = CARTESIAN_POINT('', (1.8499999999999999, 65.99999999999999, 6.199999999999998));
#4174 = DIRECTION('', (1., -0., 0.));
#4175 = AXIS2_PLACEMENT_3D('', #4173, #4174, $);
#4176 = PLANE('', #4175);
#4177 = CARTESIAN_POINT('', (1.3499999999999999, 69.99999999999999, 6.199999999999998));
#4178 = DIRECTION('', (0., 1., -0.));
#4179 = AXIS2_PLACEMENT_3D('', #4177, #4178, $);
#4180 = PLANE('', #4179);
#4181 = CARTESIAN_POINT('', (0.8500000000000001, 66., 6.300000000000001));
#4182 = DIRECTION('', (-1., -0., 0.));
#4183 = AXIS2_PLACEMENT_3D('', #4181, #4182, $);
#4184 = PLANE('', #4183);
#4185 = CARTESIAN_POINT('', (1.3499999999999999, 61.99999999999999, 6.199999999999998));
#4186 = DIRECTION('', (0., -1., 0.));
#4187 = AXIS2_PLACEMENT_3D('', #4185, #4186, $);
#4188 = PLANE('', #4187);
#4189 = CARTESIAN_POINT('', (0.85, 62., 8.1));
#4190 = DIRECTION('', (0., -0., 1.));
#4191 = AXIS2_PLACEMENT_3D('', #4189, #4190, $);
#4192 = PLANE('', #4191);
#4193 = CARTESIAN_POINT('', (108.64999999999999, 17.999999999999996, 6.199999999999998));
#4194 = DIRECTION('', (0., 1., -0.));
#4195 = AXIS2_PLACEMENT_3D('', #4193, #4194, $);
#4196 = PLANE('', #4195);
#4197 = CARTESIAN_POINT('', (108.14999999999999, 13.999999999999998, 6.199999999999998));
#4198 = DIRECTION('', (-1., -0., 0.));
#4199 = AXIS2_PLACEMENT_3D('', #4197, #4198, $);
#4200 = PLANE('', #4199);
#4201 = CARTESIAN_POINT('', (108.64999999999999, 9.999999999999998, 6.199999999999998));
#4202 = DIRECTION('', (0., -1., 0.));
#4203 = AXIS2_PLACEMENT_3D('', #4201, #4202, $);
#4204 = PLANE('', #4203);
#4205 = CARTESIAN_POINT('', (108.15, 10., 8.1));
#4206 = DIRECTION('', (0., -0., 1.));
#4207 = AXIS2_PLACEMENT_3D('', #4205, #4206, $);
#4208 = PLANE('', #4207);
#4209 = CARTESIAN_POINT('', (108.64999999999999, 69.99999999999999, 6.199999999999998));
#4210 = DIRECTION('', (0., 1., -0.));
#4211 = AXIS2_PLACEMENT_3D('', #4209, #4210, $);
#4212 = PLANE('', #4211);
#4213 = CARTESIAN_POINT('', (108.14999999999999, 65.99999999999999, 6.199999999999998));
#4214 = DIRECTION('', (-1., -0., 0.));
#4215 = AXIS2_PLACEMENT_3D('', #4213, #4214, $);
#4216 = PLANE('', #4215);
#4217 = CARTESIAN_POINT('', (108.64999999999999, 61.99999999999999, 6.199999999999998));
#4218 = DIRECTION('', (0., -1., 0.));
#4219 = AXIS2_PLACEMENT_3D('', #4217, #4218, $);
#4220 = PLANE('', #4219);
#4221 = CARTESIAN_POINT('', (108.15, 62., 8.1));
#4222 = DIRECTION('', (0., -0., 1.));
#4223 = AXIS2_PLACEMENT_3D('', #4221, #4222, $);
#4224 = PLANE('', #4223);
#4225 = CARTESIAN_POINT('', (2.8500000000000005, 13.999999999999998, 7.800000000000001));
#4226 = DIRECTION('', (1., -0., 0.));
#4227 = AXIS2_PLACEMENT_3D('', #4225, #4226, $);
#4228 = PLANE('', #4227);
#4229 = CARTESIAN_POINT('', (1.85, 16., 7.800000000000001));
#4230 = DIRECTION('', (0., 1., -0.));
#4231 = AXIS2_PLACEMENT_3D('', #4229, #4230, $);
#4232 = PLANE('', #4231);
#4233 = CARTESIAN_POINT('', (1.8500000000000003, 12., 7.800000000000001));
#4234 = DIRECTION('', (0., -1., 0.));
#4235 = AXIS2_PLACEMENT_3D('', #4233, #4234, $);
#4236 = PLANE('', #4235);
#4237 = CARTESIAN_POINT('', (0.85, 12., 7.3));
#4238 = DIRECTION('', (0., -0., 1.));
#4239 = AXIS2_PLACEMENT_3D('', #4237, #4238, $);
#4240 = PLANE('', #4239);
#4241 = CARTESIAN_POINT('', (0.85, 12., 8.3));
#4242 = DIRECTION('', (0., -0., 1.));
#4243 = AXIS2_PLACEMENT_3D('', #4241, #4242, $);
#4244 = PLANE('', #4243);
#4245 = CARTESIAN_POINT('', (2.8500000000000005, 66., 7.800000000000001));
#4246 = DIRECTION('', (1., -0., 0.));
#4247 = AXIS2_PLACEMENT_3D('', #4245, #4246, $);
#4248 = PLANE('', #4247);
#4249 = CARTESIAN_POINT('', (1.85, 68., 7.800000000000001));
#4250 = DIRECTION('', (0., 1., -0.));
#4251 = AXIS2_PLACEMENT_3D('', #4249, #4250, $);
#4252 = PLANE('', #4251);
#4253 = CARTESIAN_POINT('', (1.8500000000000003, 64., 7.800000000000001));
#4254 = DIRECTION('', (0., -1., 0.));
#4255 = AXIS2_PLACEMENT_3D('', #4253, #4254, $);
#4256 = PLANE('', #4255);
#4257 = CARTESIAN_POINT('', (0.85, 64., 7.3));
#4258 = DIRECTION('', (0., -0., 1.));
#4259 = AXIS2_PLACEMENT_3D('', #4257, #4258, $);
#4260 = PLANE('', #4259);
#4261 = CARTESIAN_POINT('', (0.85, 64., 8.3));
#4262 = DIRECTION('', (0., -0., 1.));
#4263 = AXIS2_PLACEMENT_3D('', #4261, #4262, $);
#4264 = PLANE('', #4263);
#4265 = CARTESIAN_POINT('', (109.15, 13.999999999999941, 6.35));
#4266 = DIRECTION('', (1., 0.00000000000000000000000000000591645678915759, 0.0000000000000106581410364015));
#4267 = AXIS2_PLACEMENT_3D('', #4265, #4266, $);
#4268 = PLANE('', #4267);
#4269 = CARTESIAN_POINT('', (108.15, 16., 7.800000000000001));
#4270 = DIRECTION('', (0., 1., -0.));
#4271 = AXIS2_PLACEMENT_3D('', #4269, #4270, $);
#4272 = PLANE('', #4271);
#4273 = CARTESIAN_POINT('', (107.14999999999998, 13.999999999999998, 7.8));
#4274 = DIRECTION('', (-1., -0., 0.));
#4275 = AXIS2_PLACEMENT_3D('', #4273, #4274, $);
#4276 = PLANE('', #4275);
#4277 = CARTESIAN_POINT('', (108.15, 12., 7.800000000000001));
#4278 = DIRECTION('', (0., -1., 0.));
#4279 = AXIS2_PLACEMENT_3D('', #4277, #4278, $);
#4280 = PLANE('', #4279);
#4281 = CARTESIAN_POINT('', (107.15, 12., 7.3));
#4282 = DIRECTION('', (0., -0., 1.));
#4283 = AXIS2_PLACEMENT_3D('', #4281, #4282, $);
#4284 = PLANE('', #4283);
#4285 = CARTESIAN_POINT('', (107.15, 12., 8.3));
#4286 = DIRECTION('', (0., -0., 1.));
#4287 = AXIS2_PLACEMENT_3D('', #4285, #4286, $);
#4288 = PLANE('', #4287);
#4289 = CARTESIAN_POINT('', (109.15, 65.99999999999972, 6.3500000000000005));
#4290 = DIRECTION('', (1., -0.000000000000005329070518200761, 0.0000000000000035527136788004828));
#4291 = AXIS2_PLACEMENT_3D('', #4289, #4290, $);
#4292 = PLANE('', #4291);
#4293 = CARTESIAN_POINT('', (108.15, 68., 7.800000000000001));
#4294 = DIRECTION('', (0., 1., -0.));
#4295 = AXIS2_PLACEMENT_3D('', #4293, #4294, $);
#4296 = PLANE('', #4295);
#4297 = CARTESIAN_POINT('', (107.14999999999998, 66., 7.8));
#4298 = DIRECTION('', (-1., -0., 0.));
#4299 = AXIS2_PLACEMENT_3D('', #4297, #4298, $);
#4300 = PLANE('', #4299);
#4301 = CARTESIAN_POINT('', (108.15, 64., 7.800000000000001));
#4302 = DIRECTION('', (0., -1., 0.));
#4303 = AXIS2_PLACEMENT_3D('', #4301, #4302, $);
#4304 = PLANE('', #4303);
#4305 = CARTESIAN_POINT('', (107.15, 64., 7.3));
#4306 = DIRECTION('', (0., -0., 1.));
#4307 = AXIS2_PLACEMENT_3D('', #4305, #4306, $);
#4308 = PLANE('', #4307);
#4309 = CARTESIAN_POINT('', (107.15, 64., 8.3));
#4310 = DIRECTION('', (0., -0., 1.));
#4311 = AXIS2_PLACEMENT_3D('', #4309, #4310, $);
#4312 = PLANE('', #4311);
#4313 = CARTESIAN_POINT('', (31.25, 86., 6.));
#4314 = DIRECTION('', (1., -0., 0.));
#4315 = AXIS2_PLACEMENT_3D('', #4313, #4314, $);
#4316 = PLANE('', #4315);
#4317 = CARTESIAN_POINT('', (30.449999999999996, 87.5, 5.999999999999999));
#4318 = DIRECTION('', (0., 1., -0.));
#4319 = AXIS2_PLACEMENT_3D('', #4317, #4318, $);
#4320 = PLANE('', #4319);
#4321 = CARTESIAN_POINT('', (29.65, 86., 6.));
#4322 = DIRECTION('', (-1., -0., 0.));
#4323 = AXIS2_PLACEMENT_3D('', #4321, #4322, $);
#4324 = PLANE('', #4323);
#4325 = CARTESIAN_POINT('', (30.45, 84.5, 6.));
#4326 = DIRECTION('', (0., -1., 0.));
#4327 = AXIS2_PLACEMENT_3D('', #4325, #4326, $);
#4328 = PLANE('', #4327);
#4329 = CARTESIAN_POINT('', (29.65, 84.5, 5.6));
#4330 = DIRECTION('', (0., -0., 1.));
#4331 = AXIS2_PLACEMENT_3D('', #4329, #4330, $);
#4332 = PLANE('', #4331);
#4333 = CARTESIAN_POINT('', (29.65, 84.5, 6.3999999999999995));
#4334 = DIRECTION('', (0., -0., 1.));
#4335 = AXIS2_PLACEMENT_3D('', #4333, #4334, $);
#4336 = PLANE('', #4335);
#4337 = CARTESIAN_POINT('', (44.35, 86., 6.));
#4338 = DIRECTION('', (1., -0., 0.));
#4339 = AXIS2_PLACEMENT_3D('', #4337, #4338, $);
#4340 = PLANE('', #4339);
#4341 = CARTESIAN_POINT('', (43.550000000000004, 87.5, 5.999999999999999));
#4342 = DIRECTION('', (0., 1., -0.));
#4343 = AXIS2_PLACEMENT_3D('', #4341, #4342, $);
#4344 = PLANE('', #4343);
#4345 = CARTESIAN_POINT('', (42.75, 86., 6.));
#4346 = DIRECTION('', (-1., -0., 0.));
#4347 = AXIS2_PLACEMENT_3D('', #4345, #4346, $);
#4348 = PLANE('', #4347);
#4349 = CARTESIAN_POINT('', (43.55, 84.5, 6.));
#4350 = DIRECTION('', (0., -1., 0.));
#4351 = AXIS2_PLACEMENT_3D('', #4349, #4350, $);
#4352 = PLANE('', #4351);
#4353 = CARTESIAN_POINT('', (42.75, 84.5, 5.6));
#4354 = DIRECTION('', (0., -0., 1.));
#4355 = AXIS2_PLACEMENT_3D('', #4353, #4354, $);
#4356 = PLANE('', #4355);
#4357 = CARTESIAN_POINT('', (42.75, 84.5, 6.3999999999999995));
#4358 = DIRECTION('', (0., -0., 1.));
#4359 = AXIS2_PLACEMENT_3D('', #4357, #4358, $);
#4360 = PLANE('', #4359);
#4361 = ORIENTED_EDGE('', *, *, #3129, .T.);
#4362 = ORIENTED_EDGE('', *, *, #3148, .F.);
#4363 = ORIENTED_EDGE('', *, *, #3144, .T.);
#4364 = ORIENTED_EDGE('', *, *, #3143, .F.);
#4365 = ORIENTED_EDGE('', *, *, #3139, .F.);
#4366 = ORIENTED_EDGE('', *, *, #3138, .F.);
#4367 = ORIENTED_EDGE('', *, *, #3134, .F.);
#4368 = ORIENTED_EDGE('', *, *, #3133, .F.);
#4369 = ORIENTED_EDGE('', *, *, #3302, .T.);
#4370 = ORIENTED_EDGE('', *, *, #3303, .T.);
#4371 = ORIENTED_EDGE('', *, *, #3304, .T.);
#4372 = ORIENTED_EDGE('', *, *, #3301, .T.);
#4373 = ORIENTED_EDGE('', *, *, #3318, .T.);
#4374 = ORIENTED_EDGE('', *, *, #3317, .F.);
#4375 = ORIENTED_EDGE('', *, *, #3314, .F.);
#4376 = ORIENTED_EDGE('', *, *, #3313, .T.);
#4377 = ORIENTED_EDGE('', *, *, #3324, .T.);
#4378 = ORIENTED_EDGE('', *, *, #3325, .T.);
#4379 = ORIENTED_EDGE('', *, *, #3326, .T.);
#4380 = ORIENTED_EDGE('', *, *, #3323, .T.);
#4381 = ORIENTED_EDGE('', *, *, #3340, .T.);
#4382 = ORIENTED_EDGE('', *, *, #3339, .F.);
#4383 = ORIENTED_EDGE('', *, *, #3336, .F.);
#4384 = ORIENTED_EDGE('', *, *, #3335, .T.);
#4385 = ORIENTED_EDGE('', *, *, #3346, .T.);
#4386 = ORIENTED_EDGE('', *, *, #3347, .T.);
#4387 = ORIENTED_EDGE('', *, *, #3348, .T.);
#4388 = ORIENTED_EDGE('', *, *, #3345, .T.);
#4389 = ORIENTED_EDGE('', *, *, #3364, .T.);
#4390 = ORIENTED_EDGE('', *, *, #3365, .T.);
#4391 = ORIENTED_EDGE('', *, *, #3366, .T.);
#4392 = ORIENTED_EDGE('', *, *, #3363, .T.);
#4393 = ORIENTED_EDGE('', *, *, #3382, .T.);
#4394 = ORIENTED_EDGE('', *, *, #3383, .T.);
#4395 = ORIENTED_EDGE('', *, *, #3384, .T.);
#4396 = ORIENTED_EDGE('', *, *, #3381, .T.);
#4397 = ORIENTED_EDGE('', *, *, #3400, .T.);
#4398 = ORIENTED_EDGE('', *, *, #3401, .T.);
#4399 = ORIENTED_EDGE('', *, *, #3402, .T.);
#4400 = ORIENTED_EDGE('', *, *, #3399, .T.);
#4401 = ORIENTED_EDGE('', *, *, #3418, .T.);
#4402 = ORIENTED_EDGE('', *, *, #3419, .T.);
#4403 = ORIENTED_EDGE('', *, *, #3420, .T.);
#4404 = ORIENTED_EDGE('', *, *, #3417, .T.);
#4405 = EDGE_LOOP('', (#4361, #4362, #4363, #4364, #4365, #4366, #4367, #4368));
#4406 = FACE_BOUND('', #4405, .T.);
#4407 = EDGE_LOOP('', (#4369, #4370, #4371, #4372));
#4408 = FACE_BOUND('', #4407, .T.);
#4409 = EDGE_LOOP('', (#4373, #4374, #4375, #4376));
#4410 = FACE_BOUND('', #4409, .T.);
#4411 = EDGE_LOOP('', (#4377, #4378, #4379, #4380));
#4412 = FACE_BOUND('', #4411, .T.);
#4413 = EDGE_LOOP('', (#4381, #4382, #4383, #4384));
#4414 = FACE_BOUND('', #4413, .T.);
#4415 = EDGE_LOOP('', (#4385, #4386, #4387, #4388));
#4416 = FACE_BOUND('', #4415, .T.);
#4417 = EDGE_LOOP('', (#4389, #4390, #4391, #4392));
#4418 = FACE_BOUND('', #4417, .T.);
#4419 = EDGE_LOOP('', (#4393, #4394, #4395, #4396));
#4420 = FACE_BOUND('', #4419, .T.);
#4421 = EDGE_LOOP('', (#4397, #4398, #4399, #4400));
#4422 = FACE_BOUND('', #4421, .T.);
#4423 = EDGE_LOOP('', (#4401, #4402, #4403, #4404));
#4424 = FACE_BOUND('', #4423, .T.);
#4425 = ADVANCED_FACE('', (#4406, #4408, #4410, #4412, #4414, #4416, #4418, #4420, #4422, #4424), #3698, .F.);
#4426 = ORIENTED_EDGE('', *, *, #3130, .T.);
#4427 = ORIENTED_EDGE('', *, *, #3132, .T.);
#4428 = ORIENTED_EDGE('', *, *, #3129, .F.);
#4429 = ORIENTED_EDGE('', *, *, #3131, .F.);
#4430 = EDGE_LOOP('', (#4426, #4427, #4428, #4429));
#4431 = FACE_BOUND('', #4430, .T.);
#4432 = ADVANCED_FACE('', (#4431), #3703, .T.);
#4433 = ORIENTED_EDGE('', *, *, #3131, .T.);
#4434 = ORIENTED_EDGE('', *, *, #3133, .T.);
#4435 = ORIENTED_EDGE('', *, *, #3136, .T.);
#4436 = ORIENTED_EDGE('', *, *, #3149, .T.);
#4437 = ORIENTED_EDGE('', *, *, #3193, .T.);
#4438 = ORIENTED_EDGE('', *, *, #3210, .T.);
#4439 = EDGE_LOOP('', (#4433, #4434, #4435, #4436, #4437, #4438));
#4440 = FACE_BOUND('', #4439, .T.);
#4441 = ADVANCED_FACE('', (#4440), #3707, .T.);
#4442 = ORIENTED_EDGE('', *, *, #3134, .T.);
#4443 = ORIENTED_EDGE('', *, *, #3137, .T.);
#4444 = ORIENTED_EDGE('', *, *, #3135, .F.);
#4445 = ORIENTED_EDGE('', *, *, #3136, .F.);
#4446 = EDGE_LOOP('', (#4442, #4443, #4444, #4445));
#4447 = FACE_BOUND('', #4446, .T.);
#4448 = ADVANCED_FACE('', (#4447), #3712, .T.);
#4449 = ORIENTED_EDGE('', *, *, #3137, .F.);
#4450 = ORIENTED_EDGE('', *, *, #3138, .T.);
#4451 = ORIENTED_EDGE('', *, *, #3141, .T.);
#4452 = ORIENTED_EDGE('', *, *, #3151, .T.);
#4453 = ORIENTED_EDGE('', *, *, #3194, .T.);
#4454 = ORIENTED_EDGE('', *, *, #3150, .F.);
#4455 = EDGE_LOOP('', (#4449, #4450, #4451, #4452, #4453, #4454));
#4456 = FACE_BOUND('', #4455, .T.);
#4457 = ADVANCED_FACE('', (#4456), #3716, .T.);
#4458 = ORIENTED_EDGE('', *, *, #3139, .T.);
#4459 = ORIENTED_EDGE('', *, *, #3142, .T.);
#4460 = ORIENTED_EDGE('', *, *, #3140, .F.);
#4461 = ORIENTED_EDGE('', *, *, #3141, .F.);
#4462 = EDGE_LOOP('', (#4458, #4459, #4460, #4461));
#4463 = FACE_BOUND('', #4462, .T.);
#4464 = ADVANCED_FACE('', (#4463), #3721, .T.);
#4465 = ORIENTED_EDGE('', *, *, #3142, .F.);
#4466 = ORIENTED_EDGE('', *, *, #3143, .T.);
#4467 = ORIENTED_EDGE('', *, *, #3146, .T.);
#4468 = ORIENTED_EDGE('', *, *, #3153, .T.);
#4469 = ORIENTED_EDGE('', *, *, #3195, .T.);
#4470 = ORIENTED_EDGE('', *, *, #3152, .F.);
#4471 = EDGE_LOOP('', (#4465, #4466, #4467, #4468, #4469, #4470));
#4472 = FACE_BOUND('', #4471, .T.);
#4473 = ADVANCED_FACE('', (#4472), #3725, .T.);
#4474 = ORIENTED_EDGE('', *, *, #3144, .F.);
#4475 = ORIENTED_EDGE('', *, *, #3147, .T.);
#4476 = ORIENTED_EDGE('', *, *, #3145, .T.);
#4477 = ORIENTED_EDGE('', *, *, #3146, .F.);
#4478 = EDGE_LOOP('', (#4474, #4475, #4476, #4477));
#4479 = FACE_BOUND('', #4478, .T.);
#4480 = ADVANCED_FACE('', (#4479), #3730, .T.);
#4481 = ORIENTED_EDGE('', *, *, #3147, .F.);
#4482 = ORIENTED_EDGE('', *, *, #3148, .T.);
#4483 = ORIENTED_EDGE('', *, *, #3132, .F.);
#4484 = ORIENTED_EDGE('', *, *, #3211, .F.);
#4485 = ORIENTED_EDGE('', *, *, #3196, .T.);
#4486 = ORIENTED_EDGE('', *, *, #3154, .F.);
#4487 = EDGE_LOOP('', (#4481, #4482, #4483, #4484, #4485, #4486));
#4488 = FACE_BOUND('', #4487, .T.);
#4489 = ADVANCED_FACE('', (#4488), #3734, .T.);
#4490 = ORIENTED_EDGE('', *, *, #3135, .T.);
#4491 = ORIENTED_EDGE('', *, *, #3150, .T.);
#4492 = ORIENTED_EDGE('', *, *, #3206, .F.);
#4493 = ORIENTED_EDGE('', *, *, #3149, .F.);
#4494 = EDGE_LOOP('', (#4490, #4491, #4492, #4493));
#4495 = FACE_BOUND('', #4494, .T.);
#4496 = ADVANCED_FACE('', (#4495), #3739, .T.);
#4497 = ORIENTED_EDGE('', *, *, #3140, .T.);
#4498 = ORIENTED_EDGE('', *, *, #3152, .T.);
#4499 = ORIENTED_EDGE('', *, *, #3207, .F.);
#4500 = ORIENTED_EDGE('', *, *, #3151, .F.);
#4501 = EDGE_LOOP('', (#4497, #4498, #4499, #4500));
#4502 = FACE_BOUND('', #4501, .T.);
#4503 = ADVANCED_FACE('', (#4502), #3744, .T.);
#4504 = ORIENTED_EDGE('', *, *, #3145, .F.);
#4505 = ORIENTED_EDGE('', *, *, #3154, .T.);
#4506 = ORIENTED_EDGE('', *, *, #3208, .T.);
#4507 = ORIENTED_EDGE('', *, *, #3153, .F.);
#4508 = EDGE_LOOP('', (#4504, #4505, #4506, #4507));
#4509 = FACE_BOUND('', #4508, .T.);
#4510 = ADVANCED_FACE('', (#4509), #3749, .T.);
#4511 = ORIENTED_EDGE('', *, *, #3161, .T.);
#4512 = ORIENTED_EDGE('', *, *, #3175, .T.);
#4513 = ORIENTED_EDGE('', *, *, #3169, .F.);
#4514 = ORIENTED_EDGE('', *, *, #3176, .F.);
#4515 = EDGE_LOOP('', (#4511, #4512, #4513, #4514));
#4516 = FACE_BOUND('', #4515, .T.);
#4517 = ADVANCED_FACE('', (#4516), #3758, .F.);
#4518 = ORIENTED_EDGE('', *, *, #3160, .F.);
#4519 = ORIENTED_EDGE('', *, *, #3174, .T.);
#4520 = ORIENTED_EDGE('', *, *, #3168, .T.);
#4521 = ORIENTED_EDGE('', *, *, #3175, .F.);
#4522 = EDGE_LOOP('', (#4518, #4519, #4520, #4521));
#4523 = FACE_BOUND('', #4522, .T.);
#4524 = ADVANCED_FACE('', (#4523), #3762, .F.);
#4525 = ORIENTED_EDGE('', *, *, #3159, .F.);
#4526 = ORIENTED_EDGE('', *, *, #3173, .T.);
#4527 = ORIENTED_EDGE('', *, *, #3167, .T.);
#4528 = ORIENTED_EDGE('', *, *, #3174, .F.);
#4529 = EDGE_LOOP('', (#4525, #4526, #4527, #4528));
#4530 = FACE_BOUND('', #4529, .T.);
#4531 = ADVANCED_FACE('', (#4530), #3767, .F.);
#4532 = ORIENTED_EDGE('', *, *, #3158, .F.);
#4533 = ORIENTED_EDGE('', *, *, #3172, .T.);
#4534 = ORIENTED_EDGE('', *, *, #3166, .T.);
#4535 = ORIENTED_EDGE('', *, *, #3173, .F.);
#4536 = EDGE_LOOP('', (#4532, #4533, #4534, #4535));
#4537 = FACE_BOUND('', #4536, .T.);
#4538 = ADVANCED_FACE('', (#4537), #3771, .F.);
#4539 = ORIENTED_EDGE('', *, *, #3157, .F.);
#4540 = ORIENTED_EDGE('', *, *, #3171, .T.);
#4541 = ORIENTED_EDGE('', *, *, #3165, .T.);
#4542 = ORIENTED_EDGE('', *, *, #3172, .F.);
#4543 = EDGE_LOOP('', (#4539, #4540, #4541, #4542));
#4544 = FACE_BOUND('', #4543, .T.);
#4545 = ADVANCED_FACE('', (#4544), #3776, .F.);
#4546 = ORIENTED_EDGE('', *, *, #3163, .F.);
#4547 = ORIENTED_EDGE('', *, *, #3177, .T.);
#4548 = ORIENTED_EDGE('', *, *, #3155, .T.);
#4549 = ORIENTED_EDGE('', *, *, #3178, .F.);
#4550 = EDGE_LOOP('', (#4546, #4547, #4548, #4549));
#4551 = FACE_BOUND('', #4550, .T.);
#4552 = ADVANCED_FACE('', (#4551), #3781, .F.);
#4553 = ORIENTED_EDGE('', *, *, #3156, .F.);
#4554 = ORIENTED_EDGE('', *, *, #3177, .F.);
#4555 = ORIENTED_EDGE('', *, *, #3164, .T.);
#4556 = ORIENTED_EDGE('', *, *, #3171, .F.);
#4557 = EDGE_LOOP('', (#4553, #4554, #4555, #4556));
#4558 = FACE_BOUND('', #4557, .T.);
#4559 = ADVANCED_FACE('', (#4558), #3785, .F.);
#4560 = ORIENTED_EDGE('', *, *, #3162, .T.);
#4561 = ORIENTED_EDGE('', *, *, #3268, .F.);
#4562 = ORIENTED_EDGE('', *, *, #3261, .F.);
#4563 = ORIENTED_EDGE('', *, *, #3269, .F.);
#4564 = ORIENTED_EDGE('', *, *, #3272, .T.);
#4565 = ORIENTED_EDGE('', *, *, #3351, .F.);
#4566 = ORIENTED_EDGE('', *, *, #3350, .F.);
#4567 = ORIENTED_EDGE('', *, *, #3349, .F.);
#4568 = ORIENTED_EDGE('', *, *, #3358, .T.);
#4569 = ORIENTED_EDGE('', *, *, #3369, .F.);
#4570 = ORIENTED_EDGE('', *, *, #3368, .F.);
#4571 = ORIENTED_EDGE('', *, *, #3367, .F.);
#4572 = ORIENTED_EDGE('', *, *, #3376, .T.);
#4573 = ORIENTED_EDGE('', *, *, #3387, .F.);
#4574 = ORIENTED_EDGE('', *, *, #3386, .F.);
#4575 = ORIENTED_EDGE('', *, *, #3385, .F.);
#4576 = ORIENTED_EDGE('', *, *, #3394, .T.);
#4577 = ORIENTED_EDGE('', *, *, #3405, .F.);
#4578 = ORIENTED_EDGE('', *, *, #3404, .F.);
#4579 = ORIENTED_EDGE('', *, *, #3403, .F.);
#4580 = ORIENTED_EDGE('', *, *, #3412, .T.);
#4581 = ORIENTED_EDGE('', *, *, #3423, .F.);
#4582 = ORIENTED_EDGE('', *, *, #3422, .F.);
#4583 = ORIENTED_EDGE('', *, *, #3421, .F.);
#4584 = ORIENTED_EDGE('', *, *, #3430, .T.);
#4585 = ORIENTED_EDGE('', *, *, #3278, .F.);
#4586 = ORIENTED_EDGE('', *, *, #3273, .F.);
#4587 = ORIENTED_EDGE('', *, *, #3279, .F.);
#4588 = ORIENTED_EDGE('', *, *, #3284, .T.);
#4589 = ORIENTED_EDGE('', *, *, #3155, .F.);
#4590 = ORIENTED_EDGE('', *, *, #3156, .T.);
#4591 = ORIENTED_EDGE('', *, *, #3157, .T.);
#4592 = ORIENTED_EDGE('', *, *, #3158, .T.);
#4593 = ORIENTED_EDGE('', *, *, #3159, .T.);
#4594 = ORIENTED_EDGE('', *, *, #3160, .T.);
#4595 = ORIENTED_EDGE('', *, *, #3161, .F.);
#4596 = ORIENTED_EDGE('', *, *, #3213, .F.);
#4597 = ORIENTED_EDGE('', *, *, #3223, .F.);
#4598 = ORIENTED_EDGE('', *, *, #3220, .F.);
#4599 = ORIENTED_EDGE('', *, *, #3217, .F.);
#4600 = ORIENTED_EDGE('', *, *, #3237, .F.);
#4601 = ORIENTED_EDGE('', *, *, #3247, .F.);
#4602 = ORIENTED_EDGE('', *, *, #3244, .F.);
#4603 = ORIENTED_EDGE('', *, *, #3241, .F.);
#4604 = ORIENTED_EDGE('', *, *, #3249, .F.);
#4605 = ORIENTED_EDGE('', *, *, #3259, .F.);
#4606 = ORIENTED_EDGE('', *, *, #3256, .F.);
#4607 = ORIENTED_EDGE('', *, *, #3253, .F.);
#4608 = ORIENTED_EDGE('', *, *, #3287, .F.);
#4609 = ORIENTED_EDGE('', *, *, #3288, .T.);
#4610 = ORIENTED_EDGE('', *, *, #3289, .T.);
#4611 = ORIENTED_EDGE('', *, *, #3290, .F.);
#4612 = ORIENTED_EDGE('', *, *, #3295, .F.);
#4613 = ORIENTED_EDGE('', *, *, #3296, .T.);
#4614 = ORIENTED_EDGE('', *, *, #3297, .T.);
#4615 = ORIENTED_EDGE('', *, *, #3298, .F.);
#4616 = ORIENTED_EDGE('', *, *, #3337, .F.);
#4617 = ORIENTED_EDGE('', *, *, #3338, .T.);
#4618 = ORIENTED_EDGE('', *, *, #3341, .T.);
#4619 = ORIENTED_EDGE('', *, *, #3342, .F.);
#4620 = EDGE_LOOP('', (#4560, #4561, #4562, #4563, #4564, #4565, #4566, #4567, #4568, #4569, #4570, #4571, #4572, #4573, #4574, #4575, #4576, #4577, #4578, #4579, #4580, #4581, #4582, #4583, #4584, #4585, #4586, #4587, #4588, #4589, #4590, #4591, #4592, #4593, #4594, #4595));
#4621 = FACE_BOUND('', #4620, .T.);
#4622 = EDGE_LOOP('', (#4596, #4597, #4598, #4599));
#4623 = FACE_BOUND('', #4622, .T.);
#4624 = EDGE_LOOP('', (#4600, #4601, #4602, #4603));
#4625 = FACE_BOUND('', #4624, .T.);
#4626 = EDGE_LOOP('', (#4604, #4605, #4606, #4607));
#4627 = FACE_BOUND('', #4626, .T.);
#4628 = EDGE_LOOP('', (#4608, #4609, #4610, #4611));
#4629 = FACE_BOUND('', #4628, .T.);
#4630 = EDGE_LOOP('', (#4612, #4613, #4614, #4615));
#4631 = FACE_BOUND('', #4630, .T.);
#4632 = EDGE_LOOP('', (#4616, #4617, #4618, #4619));
#4633 = FACE_BOUND('', #4632, .T.);
#4634 = ADVANCED_FACE('', (#4621, #4623, #4625, #4627, #4629, #4631, #4633), #3789, .T.);
#4635 = ORIENTED_EDGE('', *, *, #3212, .F.);
#4636 = ORIENTED_EDGE('', *, *, #3197, .F.);
#4637 = ORIENTED_EDGE('', *, *, #3192, .F.);
#4638 = ORIENTED_EDGE('', *, *, #3186, .T.);
#4639 = EDGE_LOOP('', (#4635, #4636, #4637, #4638));
#4640 = FACE_BOUND('', #4639, .T.);
#4641 = ADVANCED_FACE('', (#4640), #3793, .T.);
#4642 = ORIENTED_EDGE('', *, *, #3192, .T.);
#4643 = ORIENTED_EDGE('', *, *, #3198, .T.);
#4644 = ORIENTED_EDGE('', *, *, #3191, .F.);
#4645 = ORIENTED_EDGE('', *, *, #3185, .F.);
#4646 = EDGE_LOOP('', (#4642, #4643, #4644, #4645));
#4647 = FACE_BOUND('', #4646, .T.);
#4648 = ADVANCED_FACE('', (#4647), #3798, .T.);
#4649 = ORIENTED_EDGE('', *, *, #3191, .T.);
#4650 = ORIENTED_EDGE('', *, *, #3199, .F.);
#4651 = ORIENTED_EDGE('', *, *, #3190, .F.);
#4652 = ORIENTED_EDGE('', *, *, #3184, .T.);
#4653 = EDGE_LOOP('', (#4649, #4650, #4651, #4652));
#4654 = FACE_BOUND('', #4653, .T.);
#4655 = ADVANCED_FACE('', (#4654), #3802, .T.);
#4656 = ORIENTED_EDGE('', *, *, #3190, .T.);
#4657 = ORIENTED_EDGE('', *, *, #3200, .F.);
#4658 = ORIENTED_EDGE('', *, *, #3189, .F.);
#4659 = ORIENTED_EDGE('', *, *, #3183, .T.);
#4660 = EDGE_LOOP('', (#4656, #4657, #4658, #4659));
#4661 = FACE_BOUND('', #4660, .T.);
#4662 = ADVANCED_FACE('', (#4661), #3807, .T.);
#4663 = ORIENTED_EDGE('', *, *, #3189, .T.);
#4664 = ORIENTED_EDGE('', *, *, #3201, .F.);
#4665 = ORIENTED_EDGE('', *, *, #3188, .F.);
#4666 = ORIENTED_EDGE('', *, *, #3182, .T.);
#4667 = EDGE_LOOP('', (#4663, #4664, #4665, #4666));
#4668 = FACE_BOUND('', #4667, .T.);
#4669 = ADVANCED_FACE('', (#4668), #3811, .T.);
#4670 = ORIENTED_EDGE('', *, *, #3188, .T.);
#4671 = ORIENTED_EDGE('', *, *, #3202, .F.);
#4672 = ORIENTED_EDGE('', *, *, #3187, .F.);
#4673 = ORIENTED_EDGE('', *, *, #3181, .T.);
#4674 = EDGE_LOOP('', (#4670, #4671, #4672, #4673));
#4675 = FACE_BOUND('', #4674, .T.);
#4676 = ADVANCED_FACE('', (#4675), #3816, .T.);
#4677 = ORIENTED_EDGE('', *, *, #3187, .T.);
#4678 = ORIENTED_EDGE('', *, *, #3204, .F.);
#4679 = ORIENTED_EDGE('', *, *, #3209, .T.);
#4680 = ORIENTED_EDGE('', *, *, #3180, .T.);
#4681 = EDGE_LOOP('', (#4677, #4678, #4679, #4680));
#4682 = FACE_BOUND('', #4681, .T.);
#4683 = ADVANCED_FACE('', (#4682), #3820, .T.);
#4684 = ORIENTED_EDGE('', *, *, #3193, .F.);
#4685 = ORIENTED_EDGE('', *, *, #3206, .T.);
#4686 = ORIENTED_EDGE('', *, *, #3194, .F.);
#4687 = ORIENTED_EDGE('', *, *, #3207, .T.);
#4688 = ORIENTED_EDGE('', *, *, #3195, .F.);
#4689 = ORIENTED_EDGE('', *, *, #3208, .F.);
#4690 = ORIENTED_EDGE('', *, *, #3196, .F.);
#4691 = ORIENTED_EDGE('', *, *, #3205, .F.);
#4692 = ORIENTED_EDGE('', *, *, #3179, .T.);
#4693 = ORIENTED_EDGE('', *, *, #3186, .F.);
#4694 = ORIENTED_EDGE('', *, *, #3185, .T.);
#4695 = ORIENTED_EDGE('', *, *, #3184, .F.);
#4696 = ORIENTED_EDGE('', *, *, #3183, .F.);
#4697 = ORIENTED_EDGE('', *, *, #3182, .F.);
#4698 = ORIENTED_EDGE('', *, *, #3181, .F.);
#4699 = ORIENTED_EDGE('', *, *, #3180, .F.);
#4700 = EDGE_LOOP('', (#4684, #4685, #4686, #4687, #4688, #4689, #4690, #4691));
#4701 = FACE_BOUND('', #4700, .T.);
#4702 = EDGE_LOOP('', (#4692, #4693, #4694, #4695, #4696, #4697, #4698, #4699));
#4703 = FACE_BOUND('', #4702, .T.);
#4704 = ADVANCED_FACE('', (#4701, #4703), #3824, .T.);
#4705 = ORIENTED_EDGE('', *, *, #3211, .T.);
#4706 = ORIENTED_EDGE('', *, *, #3130, .F.);
#4707 = ORIENTED_EDGE('', *, *, #3210, .F.);
#4708 = ORIENTED_EDGE('', *, *, #3205, .T.);
#4709 = EDGE_LOOP('', (#4705, #4706, #4707, #4708));
#4710 = FACE_BOUND('', #4709, .T.);
#4711 = ADVANCED_FACE('', (#4710), #3829, .T.);
#4712 = ORIENTED_EDGE('', *, *, #3212, .T.);
#4713 = ORIENTED_EDGE('', *, *, #3179, .F.);
#4714 = ORIENTED_EDGE('', *, *, #3209, .F.);
#4715 = ORIENTED_EDGE('', *, *, #3203, .T.);
#4716 = EDGE_LOOP('', (#4712, #4713, #4714, #4715));
#4717 = FACE_BOUND('', #4716, .T.);
#4718 = ADVANCED_FACE('', (#4717), #3834, .T.);
#4719 = ORIENTED_EDGE('', *, *, #3213, .T.);
#4720 = ORIENTED_EDGE('', *, *, #3214, .T.);
#4721 = ORIENTED_EDGE('', *, *, #3513, .F.);
#4722 = ORIENTED_EDGE('', *, *, #3503, .F.);
#4723 = ORIENTED_EDGE('', *, *, #3505, .T.);
#4724 = ORIENTED_EDGE('', *, *, #3504, .F.);
#4725 = ORIENTED_EDGE('', *, *, #3501, .F.);
#4726 = ORIENTED_EDGE('', *, *, #3491, .F.);
#4727 = ORIENTED_EDGE('', *, *, #3493, .T.);
#4728 = ORIENTED_EDGE('', *, *, #3492, .F.);
#4729 = ORIENTED_EDGE('', *, *, #3215, .F.);
#4730 = ORIENTED_EDGE('', *, *, #3216, .F.);
#4731 = EDGE_LOOP('', (#4719, #4720, #4721, #4722, #4723, #4724, #4725, #4726, #4727, #4728, #4729, #4730));
#4732 = FACE_BOUND('', #4731, .T.);
#4733 = ADVANCED_FACE('', (#4732), #3838, .T.);
#4734 = ORIENTED_EDGE('', *, *, #3217, .T.);
#4735 = ORIENTED_EDGE('', *, *, #3218, .T.);
#4736 = ORIENTED_EDGE('', *, *, #3219, .F.);
#4737 = ORIENTED_EDGE('', *, *, #3214, .F.);
#4738 = EDGE_LOOP('', (#4734, #4735, #4736, #4737));
#4739 = FACE_BOUND('', #4738, .T.);
#4740 = ADVANCED_FACE('', (#4739), #3842, .T.);
#4741 = ORIENTED_EDGE('', *, *, #3220, .T.);
#4742 = ORIENTED_EDGE('', *, *, #3221, .T.);
#4743 = ORIENTED_EDGE('', *, *, #3477, .F.);
#4744 = ORIENTED_EDGE('', *, *, #3468, .F.);
#4745 = ORIENTED_EDGE('', *, *, #3469, .T.);
#4746 = ORIENTED_EDGE('', *, *, #3467, .F.);
#4747 = ORIENTED_EDGE('', *, *, #3489, .F.);
#4748 = ORIENTED_EDGE('', *, *, #3480, .F.);
#4749 = ORIENTED_EDGE('', *, *, #3481, .T.);
#4750 = ORIENTED_EDGE('', *, *, #3479, .F.);
#4751 = ORIENTED_EDGE('', *, *, #3222, .F.);
#4752 = ORIENTED_EDGE('', *, *, #3218, .F.);
#4753 = EDGE_LOOP('', (#4741, #4742, #4743, #4744, #4745, #4746, #4747, #4748, #4749, #4750, #4751, #4752));
#4754 = FACE_BOUND('', #4753, .T.);
#4755 = ADVANCED_FACE('', (#4754), #3846, .T.);
#4756 = ORIENTED_EDGE('', *, *, #3223, .T.);
#4757 = ORIENTED_EDGE('', *, *, #3216, .T.);
#4758 = ORIENTED_EDGE('', *, *, #3224, .F.);
#4759 = ORIENTED_EDGE('', *, *, #3221, .F.);
#4760 = EDGE_LOOP('', (#4756, #4757, #4758, #4759));
#4761 = FACE_BOUND('', #4760, .T.);
#4762 = ADVANCED_FACE('', (#4761), #3850, .T.);
#4763 = ORIENTED_EDGE('', *, *, #3215, .T.);
#4764 = ORIENTED_EDGE('', *, *, #3495, .F.);
#4765 = ORIENTED_EDGE('', *, *, #3233, .F.);
#4766 = ORIENTED_EDGE('', *, *, #3236, .F.);
#4767 = ORIENTED_EDGE('', *, *, #3476, .F.);
#4768 = ORIENTED_EDGE('', *, *, #3471, .F.);
#4769 = ORIENTED_EDGE('', *, *, #3477, .T.);
#4770 = ORIENTED_EDGE('', *, *, #3224, .T.);
#4771 = EDGE_LOOP('', (#4763, #4764, #4765, #4766, #4767, #4768, #4769, #4770));
#4772 = FACE_BOUND('', #4771, .T.);
#4773 = ADVANCED_FACE('', (#4772), #3854, .T.);
#4774 = ORIENTED_EDGE('', *, *, #3558, .T.);
#4775 = ORIENTED_EDGE('', *, *, #3498, .F.);
#4776 = ORIENTED_EDGE('', *, *, #3496, .T.);
#4777 = ORIENTED_EDGE('', *, *, #3500, .T.);
#4778 = ORIENTED_EDGE('', *, *, #3507, .T.);
#4779 = ORIENTED_EDGE('', *, *, #3585, .F.);
#4780 = ORIENTED_EDGE('', *, *, #3577, .T.);
#4781 = ORIENTED_EDGE('', *, *, #3568, .F.);
#4782 = EDGE_LOOP('', (#4774, #4775, #4776, #4777, #4778, #4779, #4780, #4781));
#4783 = FACE_BOUND('', #4782, .T.);
#4784 = ADVANCED_FACE('', (#4783), #3858, .F.);
#4785 = ORIENTED_EDGE('', *, *, #3226, .T.);
#4786 = ORIENTED_EDGE('', *, *, #3234, .T.);
#4787 = ORIENTED_EDGE('', *, *, #3229, .F.);
#4788 = ORIENTED_EDGE('', *, *, #3228, .F.);
#4789 = EDGE_LOOP('', (#4785, #4786, #4787, #4788));
#4790 = FACE_BOUND('', #4789, .T.);
#4791 = ADVANCED_FACE('', (#4790), #3862, .F.);
#4792 = ORIENTED_EDGE('', *, *, #3541, .T.);
#4793 = ORIENTED_EDGE('', *, *, #3486, .F.);
#4794 = ORIENTED_EDGE('', *, *, #3485, .T.);
#4795 = ORIENTED_EDGE('', *, *, #3488, .T.);
#4796 = ORIENTED_EDGE('', *, *, #3472, .T.);
#4797 = ORIENTED_EDGE('', *, *, #3532, .F.);
#4798 = ORIENTED_EDGE('', *, *, #3522, .T.);
#4799 = ORIENTED_EDGE('', *, *, #3549, .F.);
#4800 = EDGE_LOOP('', (#4792, #4793, #4794, #4795, #4796, #4797, #4798, #4799));
#4801 = FACE_BOUND('', #4800, .T.);
#4802 = ADVANCED_FACE('', (#4801), #3866, .F.);
#4803 = ORIENTED_EDGE('', *, *, #3231, .T.);
#4804 = ORIENTED_EDGE('', *, *, #3236, .T.);
#4805 = ORIENTED_EDGE('', *, *, #3227, .F.);
#4806 = ORIENTED_EDGE('', *, *, #3232, .F.);
#4807 = EDGE_LOOP('', (#4803, #4804, #4805, #4806));
#4808 = FACE_BOUND('', #4807, .T.);
#4809 = ADVANCED_FACE('', (#4808), #3870, .F.);
#4810 = ORIENTED_EDGE('', *, *, #3225, .T.);
#4811 = ORIENTED_EDGE('', *, *, #3561, .F.);
#4812 = ORIENTED_EDGE('', *, *, #3554, .F.);
#4813 = ORIENTED_EDGE('', *, *, #3560, .F.);
#4814 = ORIENTED_EDGE('', *, *, #3568, .T.);
#4815 = ORIENTED_EDGE('', *, *, #3579, .F.);
#4816 = ORIENTED_EDGE('', *, *, #3572, .F.);
#4817 = ORIENTED_EDGE('', *, *, #3578, .F.);
#4818 = ORIENTED_EDGE('', *, *, #3586, .T.);
#4819 = ORIENTED_EDGE('', *, *, #3228, .T.);
#4820 = ORIENTED_EDGE('', *, *, #3230, .T.);
#4821 = ORIENTED_EDGE('', *, *, #3542, .F.);
#4822 = ORIENTED_EDGE('', *, *, #3533, .F.);
#4823 = ORIENTED_EDGE('', *, *, #3543, .F.);
#4824 = ORIENTED_EDGE('', *, *, #3549, .T.);
#4825 = ORIENTED_EDGE('', *, *, #3524, .F.);
#4826 = ORIENTED_EDGE('', *, *, #3515, .F.);
#4827 = ORIENTED_EDGE('', *, *, #3525, .F.);
#4828 = ORIENTED_EDGE('', *, *, #3531, .T.);
#4829 = ORIENTED_EDGE('', *, *, #3232, .T.);
#4830 = ORIENTED_EDGE('', *, *, #3305, .F.);
#4831 = ORIENTED_EDGE('', *, *, #3308, .F.);
#4832 = ORIENTED_EDGE('', *, *, #3307, .F.);
#4833 = ORIENTED_EDGE('', *, *, #3306, .F.);
#4834 = EDGE_LOOP('', (#4810, #4811, #4812, #4813, #4814, #4815, #4816, #4817, #4818, #4819, #4820, #4821, #4822, #4823, #4824, #4825, #4826, #4827, #4828, #4829));
#4835 = FACE_BOUND('', #4834, .T.);
#4836 = EDGE_LOOP('', (#4830, #4831, #4832, #4833));
#4837 = FACE_BOUND('', #4836, .T.);
#4838 = ADVANCED_FACE('', (#4835, #4837), #3874, .T.);
#4839 = ORIENTED_EDGE('', *, *, #3237, .T.);
#4840 = ORIENTED_EDGE('', *, *, #3238, .T.);
#4841 = ORIENTED_EDGE('', *, *, #3694, .F.);
#4842 = ORIENTED_EDGE('', *, *, #3685, .F.);
#4843 = ORIENTED_EDGE('', *, *, #3687, .T.);
#4844 = ORIENTED_EDGE('', *, *, #3686, .F.);
#4845 = ORIENTED_EDGE('', *, *, #3239, .F.);
#4846 = ORIENTED_EDGE('', *, *, #3240, .F.);
#4847 = EDGE_LOOP('', (#4839, #4840, #4841, #4842, #4843, #4844, #4845, #4846));
#4848 = FACE_BOUND('', #4847, .T.);
#4849 = ADVANCED_FACE('', (#4848), #3878, .T.);
#4850 = ORIENTED_EDGE('', *, *, #3241, .T.);
#4851 = ORIENTED_EDGE('', *, *, #3242, .T.);
#4852 = ORIENTED_EDGE('', *, *, #3243, .F.);
#4853 = ORIENTED_EDGE('', *, *, #3238, .F.);
#4854 = EDGE_LOOP('', (#4850, #4851, #4852, #4853));
#4855 = FACE_BOUND('', #4854, .T.);
#4856 = ADVANCED_FACE('', (#4855), #3882, .T.);
#4857 = ORIENTED_EDGE('', *, *, #3244, .T.);
#4858 = ORIENTED_EDGE('', *, *, #3245, .T.);
#4859 = ORIENTED_EDGE('', *, *, #3675, .F.);
#4860 = ORIENTED_EDGE('', *, *, #3668, .F.);
#4861 = ORIENTED_EDGE('', *, *, #3669, .T.);
#4862 = ORIENTED_EDGE('', *, *, #3667, .F.);
#4863 = ORIENTED_EDGE('', *, *, #3246, .F.);
#4864 = ORIENTED_EDGE('', *, *, #3242, .F.);
#4865 = EDGE_LOOP('', (#4857, #4858, #4859, #4860, #4861, #4862, #4863, #4864));
#4866 = FACE_BOUND('', #4865, .T.);
#4867 = ADVANCED_FACE('', (#4866), #3886, .T.);
#4868 = ORIENTED_EDGE('', *, *, #3247, .T.);
#4869 = ORIENTED_EDGE('', *, *, #3240, .T.);
#4870 = ORIENTED_EDGE('', *, *, #3248, .F.);
#4871 = ORIENTED_EDGE('', *, *, #3245, .F.);
#4872 = EDGE_LOOP('', (#4868, #4869, #4870, #4871));
#4873 = FACE_BOUND('', #4872, .T.);
#4874 = ADVANCED_FACE('', (#4873), #3890, .T.);
#4875 = ORIENTED_EDGE('', *, *, #3239, .T.);
#4876 = ORIENTED_EDGE('', *, *, #3690, .F.);
#4877 = ORIENTED_EDGE('', *, *, #3689, .F.);
#4878 = ORIENTED_EDGE('', *, *, #3688, .F.);
#4879 = ORIENTED_EDGE('', *, *, #3694, .T.);
#4880 = ORIENTED_EDGE('', *, *, #3243, .T.);
#4881 = ORIENTED_EDGE('', *, *, #3246, .T.);
#4882 = ORIENTED_EDGE('', *, *, #3671, .F.);
#4883 = ORIENTED_EDGE('', *, *, #3670, .F.);
#4884 = ORIENTED_EDGE('', *, *, #3672, .F.);
#4885 = ORIENTED_EDGE('', *, *, #3675, .T.);
#4886 = ORIENTED_EDGE('', *, *, #3248, .T.);
#4887 = ORIENTED_EDGE('', *, *, #3315, .F.);
#4888 = ORIENTED_EDGE('', *, *, #3316, .T.);
#4889 = ORIENTED_EDGE('', *, *, #3319, .T.);
#4890 = ORIENTED_EDGE('', *, *, #3320, .F.);
#4891 = EDGE_LOOP('', (#4875, #4876, #4877, #4878, #4879, #4880, #4881, #4882, #4883, #4884, #4885, #4886));
#4892 = FACE_BOUND('', #4891, .T.);
#4893 = EDGE_LOOP('', (#4887, #4888, #4889, #4890));
#4894 = FACE_BOUND('', #4893, .T.);
#4895 = ADVANCED_FACE('', (#4892, #4894), #3894, .T.);
#4896 = ORIENTED_EDGE('', *, *, #3249, .T.);
#4897 = ORIENTED_EDGE('', *, *, #3250, .T.);
#4898 = ORIENTED_EDGE('', *, *, #3251, .F.);
#4899 = ORIENTED_EDGE('', *, *, #3252, .F.);
#4900 = EDGE_LOOP('', (#4896, #4897, #4898, #4899));
#4901 = FACE_BOUND('', #4900, .T.);
#4902 = ADVANCED_FACE('', (#4901), #3898, .T.);
#4903 = ORIENTED_EDGE('', *, *, #3253, .T.);
#4904 = ORIENTED_EDGE('', *, *, #3254, .T.);
#4905 = ORIENTED_EDGE('', *, *, #3255, .F.);
#4906 = ORIENTED_EDGE('', *, *, #3250, .F.);
#4907 = EDGE_LOOP('', (#4903, #4904, #4905, #4906));
#4908 = FACE_BOUND('', #4907, .T.);
#4909 = ADVANCED_FACE('', (#4908), #3902, .T.);
#4910 = ORIENTED_EDGE('', *, *, #3256, .T.);
#4911 = ORIENTED_EDGE('', *, *, #3257, .T.);
#4912 = ORIENTED_EDGE('', *, *, #3258, .F.);
#4913 = ORIENTED_EDGE('', *, *, #3254, .F.);
#4914 = EDGE_LOOP('', (#4910, #4911, #4912, #4913));
#4915 = FACE_BOUND('', #4914, .T.);
#4916 = ADVANCED_FACE('', (#4915), #3906, .T.);
#4917 = ORIENTED_EDGE('', *, *, #3259, .T.);
#4918 = ORIENTED_EDGE('', *, *, #3252, .T.);
#4919 = ORIENTED_EDGE('', *, *, #3260, .F.);
#4920 = ORIENTED_EDGE('', *, *, #3257, .F.);
#4921 = EDGE_LOOP('', (#4917, #4918, #4919, #4920));
#4922 = FACE_BOUND('', #4921, .T.);
#4923 = ADVANCED_FACE('', (#4922), #3910, .T.);
#4924 = ORIENTED_EDGE('', *, *, #3251, .T.);
#4925 = ORIENTED_EDGE('', *, *, #3255, .T.);
#4926 = ORIENTED_EDGE('', *, *, #3258, .T.);
#4927 = ORIENTED_EDGE('', *, *, #3260, .T.);
#4928 = ORIENTED_EDGE('', *, *, #3327, .F.);
#4929 = ORIENTED_EDGE('', *, *, #3330, .F.);
#4930 = ORIENTED_EDGE('', *, *, #3329, .F.);
#4931 = ORIENTED_EDGE('', *, *, #3328, .F.);
#4932 = EDGE_LOOP('', (#4924, #4925, #4926, #4927));
#4933 = FACE_BOUND('', #4932, .T.);
#4934 = EDGE_LOOP('', (#4928, #4929, #4930, #4931));
#4935 = FACE_BOUND('', #4934, .T.);
#4936 = ADVANCED_FACE('', (#4933, #4935), #3914, .T.);
#4937 = ORIENTED_EDGE('', *, *, #3265, .T.);
#4938 = ORIENTED_EDGE('', *, *, #3263, .F.);
#4939 = ORIENTED_EDGE('', *, *, #3262, .F.);
#4940 = ORIENTED_EDGE('', *, *, #3261, .T.);
#4941 = EDGE_LOOP('', (#4937, #4938, #4939, #4940));
#4942 = FACE_BOUND('', #4941, .T.);
#4943 = ADVANCED_FACE('', (#4942), #3919, .T.);
#4944 = ORIENTED_EDGE('', *, *, #3265, .F.);
#4945 = ORIENTED_EDGE('', *, *, #3268, .T.);
#4946 = ORIENTED_EDGE('', *, *, #3267, .F.);
#4947 = ORIENTED_EDGE('', *, *, #3264, .F.);
#4948 = EDGE_LOOP('', (#4944, #4945, #4946, #4947));
#4949 = FACE_BOUND('', #4948, .T.);
#4950 = ADVANCED_FACE('', (#4949), #3919, .T.);
#4951 = ORIENTED_EDGE('', *, *, #3269, .T.);
#4952 = ORIENTED_EDGE('', *, *, #3262, .T.);
#4953 = ORIENTED_EDGE('', *, *, #3271, .F.);
#4954 = ORIENTED_EDGE('', *, *, #3266, .T.);
#4955 = EDGE_LOOP('', (#4951, #4952, #4953, #4954));
#4956 = FACE_BOUND('', #4955, .T.);
#4957 = ADVANCED_FACE('', (#4956), #3919, .T.);
#4958 = ORIENTED_EDGE('', *, *, #3267, .T.);
#4959 = ORIENTED_EDGE('', *, *, #3162, .F.);
#4960 = ORIENTED_EDGE('', *, *, #3176, .T.);
#4961 = ORIENTED_EDGE('', *, *, #3170, .T.);
#4962 = EDGE_LOOP('', (#4958, #4959, #4960, #4961));
#4963 = FACE_BOUND('', #4962, .T.);
#4964 = ADVANCED_FACE('', (#4963), #3753, .F.);
#4965 = ORIENTED_EDGE('', *, *, #3277, .T.);
#4966 = ORIENTED_EDGE('', *, *, #3275, .F.);
#4967 = ORIENTED_EDGE('', *, *, #3274, .F.);
#4968 = ORIENTED_EDGE('', *, *, #3273, .T.);
#4969 = EDGE_LOOP('', (#4965, #4966, #4967, #4968));
#4970 = FACE_BOUND('', #4969, .T.);
#4971 = ADVANCED_FACE('', (#4970), #3924, .T.);
#4972 = ORIENTED_EDGE('', *, *, #3197, .T.);
#4973 = ORIENTED_EDGE('', *, *, #3203, .F.);
#4974 = ORIENTED_EDGE('', *, *, #3204, .T.);
#4975 = ORIENTED_EDGE('', *, *, #3202, .T.);
#4976 = ORIENTED_EDGE('', *, *, #3201, .T.);
#4977 = ORIENTED_EDGE('', *, *, #3200, .T.);
#4978 = ORIENTED_EDGE('', *, *, #3199, .T.);
#4979 = ORIENTED_EDGE('', *, *, #3198, .F.);
#4980 = ORIENTED_EDGE('', *, *, #3283, .T.);
#4981 = ORIENTED_EDGE('', *, *, #3275, .T.);
#4982 = ORIENTED_EDGE('', *, *, #3276, .T.);
#4983 = ORIENTED_EDGE('', *, *, #3429, .F.);
#4984 = ORIENTED_EDGE('', *, *, #3424, .F.);
#4985 = ORIENTED_EDGE('', *, *, #3426, .F.);
#4986 = ORIENTED_EDGE('', *, *, #3425, .F.);
#4987 = ORIENTED_EDGE('', *, *, #3411, .F.);
#4988 = ORIENTED_EDGE('', *, *, #3406, .F.);
#4989 = ORIENTED_EDGE('', *, *, #3408, .F.);
#4990 = ORIENTED_EDGE('', *, *, #3407, .F.);
#4991 = ORIENTED_EDGE('', *, *, #3393, .F.);
#4992 = ORIENTED_EDGE('', *, *, #3388, .F.);
#4993 = ORIENTED_EDGE('', *, *, #3390, .F.);
#4994 = ORIENTED_EDGE('', *, *, #3389, .F.);
#4995 = ORIENTED_EDGE('', *, *, #3375, .F.);
#4996 = ORIENTED_EDGE('', *, *, #3370, .F.);
#4997 = ORIENTED_EDGE('', *, *, #3372, .F.);
#4998 = ORIENTED_EDGE('', *, *, #3371, .F.);
#4999 = ORIENTED_EDGE('', *, *, #3357, .F.);
#5000 = ORIENTED_EDGE('', *, *, #3352, .F.);
#5001 = ORIENTED_EDGE('', *, *, #3354, .F.);
#5002 = ORIENTED_EDGE('', *, *, #3353, .F.);
#5003 = ORIENTED_EDGE('', *, *, #3270, .F.);
#5004 = ORIENTED_EDGE('', *, *, #3271, .T.);
#5005 = ORIENTED_EDGE('', *, *, #3263, .T.);
#5006 = ORIENTED_EDGE('', *, *, #3264, .T.);
#5007 = ORIENTED_EDGE('', *, *, #3170, .F.);
#5008 = ORIENTED_EDGE('', *, *, #3169, .T.);
#5009 = ORIENTED_EDGE('', *, *, #3168, .F.);
#5010 = ORIENTED_EDGE('', *, *, #3167, .F.);
#5011 = ORIENTED_EDGE('', *, *, #3166, .F.);
#5012 = ORIENTED_EDGE('', *, *, #3165, .F.);
#5013 = ORIENTED_EDGE('', *, *, #3164, .F.);
#5014 = ORIENTED_EDGE('', *, *, #3163, .T.);
#5015 = ORIENTED_EDGE('', *, *, #3282, .F.);
#5016 = ORIENTED_EDGE('', *, *, #3439, .F.);
#5017 = ORIENTED_EDGE('', *, *, #3440, .T.);
#5018 = ORIENTED_EDGE('', *, *, #3441, .T.);
#5019 = ORIENTED_EDGE('', *, *, #3442, .F.);
#5020 = ORIENTED_EDGE('', *, *, #3447, .F.);
#5021 = ORIENTED_EDGE('', *, *, #3448, .T.);
#5022 = ORIENTED_EDGE('', *, *, #3449, .T.);
#5023 = ORIENTED_EDGE('', *, *, #3450, .F.);
#5024 = EDGE_LOOP('', (#4972, #4973, #4974, #4975, #4976, #4977, #4978, #4979));
#5025 = FACE_BOUND('', #5024, .T.);
#5026 = EDGE_LOOP('', (#4980, #4981, #4982, #4983, #4984, #4985, #4986, #4987, #4988, #4989, #4990, #4991, #4992, #4993, #4994, #4995, #4996, #4997, #4998, #4999, #5000, #5001, #5002, #5003, #5004, #5005, #5006, #5007, #5008, #5009, #5010, #5011, #5012, #5013, #5014, #5015));
#5027 = FACE_BOUND('', #5026, .T.);
#5028 = EDGE_LOOP('', (#5016, #5017, #5018, #5019));
#5029 = FACE_BOUND('', #5028, .T.);
#5030 = EDGE_LOOP('', (#5020, #5021, #5022, #5023));
#5031 = FACE_BOUND('', #5030, .T.);
#5032 = ADVANCED_FACE('', (#5025, #5027, #5029, #5031), #3928, .T.);
#5033 = ORIENTED_EDGE('', *, *, #3284, .F.);
#5034 = ORIENTED_EDGE('', *, *, #3280, .F.);
#5035 = ORIENTED_EDGE('', *, *, #3282, .T.);
#5036 = ORIENTED_EDGE('', *, *, #3178, .T.);
#5037 = EDGE_LOOP('', (#5033, #5034, #5035, #5036));
#5038 = FACE_BOUND('', #5037, .T.);
#5039 = ADVANCED_FACE('', (#5038), #3753, .F.);
#5040 = ORIENTED_EDGE('', *, *, #3281, .T.);
#5041 = ORIENTED_EDGE('', *, *, #3430, .F.);
#5042 = ORIENTED_EDGE('', *, *, #3427, .T.);
#5043 = ORIENTED_EDGE('', *, *, #3429, .T.);
#5044 = EDGE_LOOP('', (#5040, #5041, #5042, #5043));
#5045 = FACE_BOUND('', #5044, .T.);
#5046 = ADVANCED_FACE('', (#5045), #3753, .F.);
#5047 = ORIENTED_EDGE('', *, *, #3277, .F.);
#5048 = ORIENTED_EDGE('', *, *, #3278, .T.);
#5049 = ORIENTED_EDGE('', *, *, #3281, .F.);
#5050 = ORIENTED_EDGE('', *, *, #3276, .F.);
#5051 = EDGE_LOOP('', (#5047, #5048, #5049, #5050));
#5052 = FACE_BOUND('', #5051, .T.);
#5053 = ADVANCED_FACE('', (#5052), #3924, .T.);
#5054 = ORIENTED_EDGE('', *, *, #3279, .T.);
#5055 = ORIENTED_EDGE('', *, *, #3274, .T.);
#5056 = ORIENTED_EDGE('', *, *, #3283, .F.);
#5057 = ORIENTED_EDGE('', *, *, #3280, .T.);
#5058 = EDGE_LOOP('', (#5054, #5055, #5056, #5057));
#5059 = FACE_BOUND('', #5058, .T.);
#5060 = ADVANCED_FACE('', (#5059), #3924, .T.);
#5061 = ORIENTED_EDGE('', *, *, #3285, .T.);
#5062 = ORIENTED_EDGE('', *, *, #3286, .T.);
#5063 = ORIENTED_EDGE('', *, *, #3455, .F.);
#5064 = ORIENTED_EDGE('', *, *, #3456, .T.);
#5065 = ORIENTED_EDGE('', *, *, #3457, .T.);
#5066 = ORIENTED_EDGE('', *, *, #3458, .F.);
#5067 = EDGE_LOOP('', (#5061, #5062));
#5068 = FACE_BOUND('', #5067, .T.);
#5069 = EDGE_LOOP('', (#5063, #5064, #5065, #5066));
#5070 = FACE_BOUND('', #5069, .T.);
#5071 = ADVANCED_FACE('', (#5068, #5070), #3937, .T.);
#5072 = ORIENTED_EDGE('', *, *, #3291, .F.);
#5073 = ORIENTED_EDGE('', *, *, #3289, .F.);
#5074 = ORIENTED_EDGE('', *, *, #3288, .F.);
#5075 = ORIENTED_EDGE('', *, *, #3292, .T.);
#5076 = ORIENTED_EDGE('', *, *, #3286, .F.);
#5077 = EDGE_LOOP('', (#5072, #5073, #5074, #5075, #5076));
#5078 = FACE_BOUND('', #5077, .T.);
#5079 = ADVANCED_FACE('', (#5078), #3933, .T.);
#5080 = ORIENTED_EDGE('', *, *, #3291, .T.);
#5081 = ORIENTED_EDGE('', *, *, #3285, .F.);
#5082 = ORIENTED_EDGE('', *, *, #3292, .F.);
#5083 = ORIENTED_EDGE('', *, *, #3287, .T.);
#5084 = ORIENTED_EDGE('', *, *, #3290, .T.);
#5085 = EDGE_LOOP('', (#5080, #5081, #5082, #5083, #5084));
#5086 = FACE_BOUND('', #5085, .T.);
#5087 = ADVANCED_FACE('', (#5086), #3933, .T.);
#5088 = ORIENTED_EDGE('', *, *, #3293, .T.);
#5089 = ORIENTED_EDGE('', *, *, #3294, .T.);
#5090 = ORIENTED_EDGE('', *, *, #3463, .F.);
#5091 = ORIENTED_EDGE('', *, *, #3464, .T.);
#5092 = ORIENTED_EDGE('', *, *, #3465, .T.);
#5093 = ORIENTED_EDGE('', *, *, #3466, .F.);
#5094 = EDGE_LOOP('', (#5088, #5089));
#5095 = FACE_BOUND('', #5094, .T.);
#5096 = EDGE_LOOP('', (#5090, #5091, #5092, #5093));
#5097 = FACE_BOUND('', #5096, .T.);
#5098 = ADVANCED_FACE('', (#5095, #5097), #3946, .T.);
#5099 = ORIENTED_EDGE('', *, *, #3300, .F.);
#5100 = ORIENTED_EDGE('', *, *, #3297, .F.);
#5101 = ORIENTED_EDGE('', *, *, #3296, .F.);
#5102 = ORIENTED_EDGE('', *, *, #3299, .T.);
#5103 = ORIENTED_EDGE('', *, *, #3294, .F.);
#5104 = EDGE_LOOP('', (#5099, #5100, #5101, #5102, #5103));
#5105 = FACE_BOUND('', #5104, .T.);
#5106 = ADVANCED_FACE('', (#5105), #3942, .T.);
#5107 = ORIENTED_EDGE('', *, *, #3300, .T.);
#5108 = ORIENTED_EDGE('', *, *, #3293, .F.);
#5109 = ORIENTED_EDGE('', *, *, #3299, .F.);
#5110 = ORIENTED_EDGE('', *, *, #3295, .T.);
#5111 = ORIENTED_EDGE('', *, *, #3298, .T.);
#5112 = EDGE_LOOP('', (#5107, #5108, #5109, #5110, #5111));
#5113 = FACE_BOUND('', #5112, .T.);
#5114 = ADVANCED_FACE('', (#5113), #3942, .T.);
#5115 = ORIENTED_EDGE('', *, *, #3304, .F.);
#5116 = ORIENTED_EDGE('', *, *, #3309, .T.);
#5117 = ORIENTED_EDGE('', *, *, #3308, .T.);
#5118 = ORIENTED_EDGE('', *, *, #3312, .F.);
#5119 = EDGE_LOOP('', (#5115, #5116, #5117, #5118));
#5120 = FACE_BOUND('', #5119, .T.);
#5121 = ADVANCED_FACE('', (#5120), #3962, .F.);
#5122 = ORIENTED_EDGE('', *, *, #3303, .F.);
#5123 = ORIENTED_EDGE('', *, *, #3310, .T.);
#5124 = ORIENTED_EDGE('', *, *, #3307, .T.);
#5125 = ORIENTED_EDGE('', *, *, #3309, .F.);
#5126 = EDGE_LOOP('', (#5122, #5123, #5124, #5125));
#5127 = FACE_BOUND('', #5126, .T.);
#5128 = ADVANCED_FACE('', (#5127), #3958, .F.);
#5129 = ORIENTED_EDGE('', *, *, #3302, .F.);
#5130 = ORIENTED_EDGE('', *, *, #3311, .T.);
#5131 = ORIENTED_EDGE('', *, *, #3306, .T.);
#5132 = ORIENTED_EDGE('', *, *, #3310, .F.);
#5133 = EDGE_LOOP('', (#5129, #5130, #5131, #5132));
#5134 = FACE_BOUND('', #5133, .T.);
#5135 = ADVANCED_FACE('', (#5134), #3954, .F.);
#5136 = ORIENTED_EDGE('', *, *, #3301, .F.);
#5137 = ORIENTED_EDGE('', *, *, #3312, .T.);
#5138 = ORIENTED_EDGE('', *, *, #3305, .T.);
#5139 = ORIENTED_EDGE('', *, *, #3311, .F.);
#5140 = EDGE_LOOP('', (#5136, #5137, #5138, #5139));
#5141 = FACE_BOUND('', #5140, .T.);
#5142 = ADVANCED_FACE('', (#5141), #3950, .F.);
#5143 = ORIENTED_EDGE('', *, *, #3318, .F.);
#5144 = ORIENTED_EDGE('', *, *, #3313, .F.);
#5145 = ORIENTED_EDGE('', *, *, #3322, .T.);
#5146 = ORIENTED_EDGE('', *, *, #3315, .T.);
#5147 = ORIENTED_EDGE('', *, *, #3320, .T.);
#5148 = ORIENTED_EDGE('', *, *, #3321, .F.);
#5149 = EDGE_LOOP('', (#5143, #5144, #5145, #5146, #5147, #5148));
#5150 = FACE_BOUND('', #5149, .T.);
#5151 = ADVANCED_FACE('', (#5150), #3967, .F.);
#5152 = ORIENTED_EDGE('', *, *, #3319, .F.);
#5153 = ORIENTED_EDGE('', *, *, #3316, .F.);
#5154 = ORIENTED_EDGE('', *, *, #3322, .F.);
#5155 = ORIENTED_EDGE('', *, *, #3314, .T.);
#5156 = ORIENTED_EDGE('', *, *, #3317, .T.);
#5157 = ORIENTED_EDGE('', *, *, #3321, .T.);
#5158 = EDGE_LOOP('', (#5152, #5153, #5154, #5155, #5156, #5157));
#5159 = FACE_BOUND('', #5158, .T.);
#5160 = ADVANCED_FACE('', (#5159), #3967, .F.);
#5161 = ORIENTED_EDGE('', *, *, #3326, .F.);
#5162 = ORIENTED_EDGE('', *, *, #3331, .T.);
#5163 = ORIENTED_EDGE('', *, *, #3330, .T.);
#5164 = ORIENTED_EDGE('', *, *, #3334, .F.);
#5165 = EDGE_LOOP('', (#5161, #5162, #5163, #5164));
#5166 = FACE_BOUND('', #5165, .T.);
#5167 = ADVANCED_FACE('', (#5166), #3983, .F.);
#5168 = ORIENTED_EDGE('', *, *, #3325, .F.);
#5169 = ORIENTED_EDGE('', *, *, #3332, .T.);
#5170 = ORIENTED_EDGE('', *, *, #3329, .T.);
#5171 = ORIENTED_EDGE('', *, *, #3331, .F.);
#5172 = EDGE_LOOP('', (#5168, #5169, #5170, #5171));
#5173 = FACE_BOUND('', #5172, .T.);
#5174 = ADVANCED_FACE('', (#5173), #3979, .F.);
#5175 = ORIENTED_EDGE('', *, *, #3324, .F.);
#5176 = ORIENTED_EDGE('', *, *, #3333, .T.);
#5177 = ORIENTED_EDGE('', *, *, #3328, .T.);
#5178 = ORIENTED_EDGE('', *, *, #3332, .F.);
#5179 = EDGE_LOOP('', (#5175, #5176, #5177, #5178));
#5180 = FACE_BOUND('', #5179, .T.);
#5181 = ADVANCED_FACE('', (#5180), #3975, .F.);
#5182 = ORIENTED_EDGE('', *, *, #3323, .F.);
#5183 = ORIENTED_EDGE('', *, *, #3334, .T.);
#5184 = ORIENTED_EDGE('', *, *, #3327, .T.);
#5185 = ORIENTED_EDGE('', *, *, #3333, .F.);
#5186 = EDGE_LOOP('', (#5182, #5183, #5184, #5185));
#5187 = FACE_BOUND('', #5186, .T.);
#5188 = ADVANCED_FACE('', (#5187), #3971, .F.);
#5189 = ORIENTED_EDGE('', *, *, #3340, .F.);
#5190 = ORIENTED_EDGE('', *, *, #3335, .F.);
#5191 = ORIENTED_EDGE('', *, *, #3344, .T.);
#5192 = ORIENTED_EDGE('', *, *, #3337, .T.);
#5193 = ORIENTED_EDGE('', *, *, #3342, .T.);
#5194 = ORIENTED_EDGE('', *, *, #3343, .F.);
#5195 = EDGE_LOOP('', (#5189, #5190, #5191, #5192, #5193, #5194));
#5196 = FACE_BOUND('', #5195, .T.);
#5197 = ADVANCED_FACE('', (#5196), #3988, .F.);
#5198 = ORIENTED_EDGE('', *, *, #3341, .F.);
#5199 = ORIENTED_EDGE('', *, *, #3338, .F.);
#5200 = ORIENTED_EDGE('', *, *, #3344, .F.);
#5201 = ORIENTED_EDGE('', *, *, #3336, .T.);
#5202 = ORIENTED_EDGE('', *, *, #3339, .T.);
#5203 = ORIENTED_EDGE('', *, *, #3343, .T.);
#5204 = EDGE_LOOP('', (#5198, #5199, #5200, #5201, #5202, #5203));
#5205 = FACE_BOUND('', #5204, .T.);
#5206 = ADVANCED_FACE('', (#5205), #3988, .F.);
#5207 = ORIENTED_EDGE('', *, *, #3345, .F.);
#5208 = ORIENTED_EDGE('', *, *, #3362, .T.);
#5209 = ORIENTED_EDGE('', *, *, #3352, .T.);
#5210 = ORIENTED_EDGE('', *, *, #3355, .F.);
#5211 = ORIENTED_EDGE('', *, *, #3349, .T.);
#5212 = ORIENTED_EDGE('', *, *, #3361, .F.);
#5213 = EDGE_LOOP('', (#5207, #5208, #5209, #5210, #5211, #5212));
#5214 = FACE_BOUND('', #5213, .T.);
#5215 = ADVANCED_FACE('', (#5214), #3992, .F.);
#5216 = ORIENTED_EDGE('', *, *, #3347, .F.);
#5217 = ORIENTED_EDGE('', *, *, #3360, .T.);
#5218 = ORIENTED_EDGE('', *, *, #3351, .T.);
#5219 = ORIENTED_EDGE('', *, *, #3356, .F.);
#5220 = ORIENTED_EDGE('', *, *, #3353, .T.);
#5221 = ORIENTED_EDGE('', *, *, #3359, .F.);
#5222 = EDGE_LOOP('', (#5216, #5217, #5218, #5219, #5220, #5221));
#5223 = FACE_BOUND('', #5222, .T.);
#5224 = ADVANCED_FACE('', (#5223), #4000, .F.);
#5225 = ORIENTED_EDGE('', *, *, #3356, .T.);
#5226 = ORIENTED_EDGE('', *, *, #3272, .F.);
#5227 = ORIENTED_EDGE('', *, *, #3266, .F.);
#5228 = ORIENTED_EDGE('', *, *, #3270, .T.);
#5229 = EDGE_LOOP('', (#5225, #5226, #5227, #5228));
#5230 = FACE_BOUND('', #5229, .T.);
#5231 = ADVANCED_FACE('', (#5230), #3753, .F.);
#5232 = ORIENTED_EDGE('', *, *, #3348, .F.);
#5233 = ORIENTED_EDGE('', *, *, #3359, .T.);
#5234 = ORIENTED_EDGE('', *, *, #3354, .T.);
#5235 = ORIENTED_EDGE('', *, *, #3362, .F.);
#5236 = EDGE_LOOP('', (#5232, #5233, #5234, #5235));
#5237 = FACE_BOUND('', #5236, .T.);
#5238 = ADVANCED_FACE('', (#5237), #4004, .F.);
#5239 = ORIENTED_EDGE('', *, *, #3346, .F.);
#5240 = ORIENTED_EDGE('', *, *, #3361, .T.);
#5241 = ORIENTED_EDGE('', *, *, #3350, .T.);
#5242 = ORIENTED_EDGE('', *, *, #3360, .F.);
#5243 = EDGE_LOOP('', (#5239, #5240, #5241, #5242));
#5244 = FACE_BOUND('', #5243, .T.);
#5245 = ADVANCED_FACE('', (#5244), #3996, .F.);
#5246 = ORIENTED_EDGE('', *, *, #3363, .F.);
#5247 = ORIENTED_EDGE('', *, *, #3380, .T.);
#5248 = ORIENTED_EDGE('', *, *, #3370, .T.);
#5249 = ORIENTED_EDGE('', *, *, #3373, .F.);
#5250 = ORIENTED_EDGE('', *, *, #3367, .T.);
#5251 = ORIENTED_EDGE('', *, *, #3379, .F.);
#5252 = EDGE_LOOP('', (#5246, #5247, #5248, #5249, #5250, #5251));
#5253 = FACE_BOUND('', #5252, .T.);
#5254 = ADVANCED_FACE('', (#5253), #4008, .F.);
#5255 = ORIENTED_EDGE('', *, *, #3365, .F.);
#5256 = ORIENTED_EDGE('', *, *, #3378, .T.);
#5257 = ORIENTED_EDGE('', *, *, #3369, .T.);
#5258 = ORIENTED_EDGE('', *, *, #3374, .F.);
#5259 = ORIENTED_EDGE('', *, *, #3371, .T.);
#5260 = ORIENTED_EDGE('', *, *, #3377, .F.);
#5261 = EDGE_LOOP('', (#5255, #5256, #5257, #5258, #5259, #5260));
#5262 = FACE_BOUND('', #5261, .T.);
#5263 = ADVANCED_FACE('', (#5262), #4016, .F.);
#5264 = ORIENTED_EDGE('', *, *, #3366, .F.);
#5265 = ORIENTED_EDGE('', *, *, #3377, .T.);
#5266 = ORIENTED_EDGE('', *, *, #3372, .T.);
#5267 = ORIENTED_EDGE('', *, *, #3380, .F.);
#5268 = EDGE_LOOP('', (#5264, #5265, #5266, #5267));
#5269 = FACE_BOUND('', #5268, .T.);
#5270 = ADVANCED_FACE('', (#5269), #4020, .F.);
#5271 = ORIENTED_EDGE('', *, *, #3364, .F.);
#5272 = ORIENTED_EDGE('', *, *, #3379, .T.);
#5273 = ORIENTED_EDGE('', *, *, #3368, .T.);
#5274 = ORIENTED_EDGE('', *, *, #3378, .F.);
#5275 = EDGE_LOOP('', (#5271, #5272, #5273, #5274));
#5276 = FACE_BOUND('', #5275, .T.);
#5277 = ADVANCED_FACE('', (#5276), #4012, .F.);
#5278 = ORIENTED_EDGE('', *, *, #3374, .T.);
#5279 = ORIENTED_EDGE('', *, *, #3358, .F.);
#5280 = ORIENTED_EDGE('', *, *, #3355, .T.);
#5281 = ORIENTED_EDGE('', *, *, #3357, .T.);
#5282 = EDGE_LOOP('', (#5278, #5279, #5280, #5281));
#5283 = FACE_BOUND('', #5282, .T.);
#5284 = ADVANCED_FACE('', (#5283), #3753, .F.);
#5285 = ORIENTED_EDGE('', *, *, #3381, .F.);
#5286 = ORIENTED_EDGE('', *, *, #3398, .T.);
#5287 = ORIENTED_EDGE('', *, *, #3388, .T.);
#5288 = ORIENTED_EDGE('', *, *, #3391, .F.);
#5289 = ORIENTED_EDGE('', *, *, #3385, .T.);
#5290 = ORIENTED_EDGE('', *, *, #3397, .F.);
#5291 = EDGE_LOOP('', (#5285, #5286, #5287, #5288, #5289, #5290));
#5292 = FACE_BOUND('', #5291, .T.);
#5293 = ADVANCED_FACE('', (#5292), #4024, .F.);
#5294 = ORIENTED_EDGE('', *, *, #3383, .F.);
#5295 = ORIENTED_EDGE('', *, *, #3396, .T.);
#5296 = ORIENTED_EDGE('', *, *, #3387, .T.);
#5297 = ORIENTED_EDGE('', *, *, #3392, .F.);
#5298 = ORIENTED_EDGE('', *, *, #3389, .T.);
#5299 = ORIENTED_EDGE('', *, *, #3395, .F.);
#5300 = EDGE_LOOP('', (#5294, #5295, #5296, #5297, #5298, #5299));
#5301 = FACE_BOUND('', #5300, .T.);
#5302 = ADVANCED_FACE('', (#5301), #4032, .F.);
#5303 = ORIENTED_EDGE('', *, *, #3392, .T.);
#5304 = ORIENTED_EDGE('', *, *, #3376, .F.);
#5305 = ORIENTED_EDGE('', *, *, #3373, .T.);
#5306 = ORIENTED_EDGE('', *, *, #3375, .T.);
#5307 = EDGE_LOOP('', (#5303, #5304, #5305, #5306));
#5308 = FACE_BOUND('', #5307, .T.);
#5309 = ADVANCED_FACE('', (#5308), #3753, .F.);
#5310 = ORIENTED_EDGE('', *, *, #3382, .F.);
#5311 = ORIENTED_EDGE('', *, *, #3397, .T.);
#5312 = ORIENTED_EDGE('', *, *, #3386, .T.);
#5313 = ORIENTED_EDGE('', *, *, #3396, .F.);
#5314 = EDGE_LOOP('', (#5310, #5311, #5312, #5313));
#5315 = FACE_BOUND('', #5314, .T.);
#5316 = ADVANCED_FACE('', (#5315), #4028, .F.);
#5317 = ORIENTED_EDGE('', *, *, #3384, .F.);
#5318 = ORIENTED_EDGE('', *, *, #3395, .T.);
#5319 = ORIENTED_EDGE('', *, *, #3390, .T.);
#5320 = ORIENTED_EDGE('', *, *, #3398, .F.);
#5321 = EDGE_LOOP('', (#5317, #5318, #5319, #5320));
#5322 = FACE_BOUND('', #5321, .T.);
#5323 = ADVANCED_FACE('', (#5322), #4036, .F.);
#5324 = ORIENTED_EDGE('', *, *, #3399, .F.);
#5325 = ORIENTED_EDGE('', *, *, #3416, .T.);
#5326 = ORIENTED_EDGE('', *, *, #3406, .T.);
#5327 = ORIENTED_EDGE('', *, *, #3409, .F.);
#5328 = ORIENTED_EDGE('', *, *, #3403, .T.);
#5329 = ORIENTED_EDGE('', *, *, #3415, .F.);
#5330 = EDGE_LOOP('', (#5324, #5325, #5326, #5327, #5328, #5329));
#5331 = FACE_BOUND('', #5330, .T.);
#5332 = ADVANCED_FACE('', (#5331), #4040, .F.);
#5333 = ORIENTED_EDGE('', *, *, #3401, .F.);
#5334 = ORIENTED_EDGE('', *, *, #3414, .T.);
#5335 = ORIENTED_EDGE('', *, *, #3405, .T.);
#5336 = ORIENTED_EDGE('', *, *, #3410, .F.);
#5337 = ORIENTED_EDGE('', *, *, #3407, .T.);
#5338 = ORIENTED_EDGE('', *, *, #3413, .F.);
#5339 = EDGE_LOOP('', (#5333, #5334, #5335, #5336, #5337, #5338));
#5340 = FACE_BOUND('', #5339, .T.);
#5341 = ADVANCED_FACE('', (#5340), #4048, .F.);
#5342 = ORIENTED_EDGE('', *, *, #3410, .T.);
#5343 = ORIENTED_EDGE('', *, *, #3394, .F.);
#5344 = ORIENTED_EDGE('', *, *, #3391, .T.);
#5345 = ORIENTED_EDGE('', *, *, #3393, .T.);
#5346 = EDGE_LOOP('', (#5342, #5343, #5344, #5345));
#5347 = FACE_BOUND('', #5346, .T.);
#5348 = ADVANCED_FACE('', (#5347), #3753, .F.);
#5349 = ORIENTED_EDGE('', *, *, #3402, .F.);
#5350 = ORIENTED_EDGE('', *, *, #3413, .T.);
#5351 = ORIENTED_EDGE('', *, *, #3408, .T.);
#5352 = ORIENTED_EDGE('', *, *, #3416, .F.);
#5353 = EDGE_LOOP('', (#5349, #5350, #5351, #5352));
#5354 = FACE_BOUND('', #5353, .T.);
#5355 = ADVANCED_FACE('', (#5354), #4052, .F.);
#5356 = ORIENTED_EDGE('', *, *, #3400, .F.);
#5357 = ORIENTED_EDGE('', *, *, #3415, .T.);
#5358 = ORIENTED_EDGE('', *, *, #3404, .T.);
#5359 = ORIENTED_EDGE('', *, *, #3414, .F.);
#5360 = EDGE_LOOP('', (#5356, #5357, #5358, #5359));
#5361 = FACE_BOUND('', #5360, .T.);
#5362 = ADVANCED_FACE('', (#5361), #4044, .F.);
#5363 = ORIENTED_EDGE('', *, *, #3417, .F.);
#5364 = ORIENTED_EDGE('', *, *, #3434, .T.);
#5365 = ORIENTED_EDGE('', *, *, #3424, .T.);
#5366 = ORIENTED_EDGE('', *, *, #3427, .F.);
#5367 = ORIENTED_EDGE('', *, *, #3421, .T.);
#5368 = ORIENTED_EDGE('', *, *, #3433, .F.);
#5369 = EDGE_LOOP('', (#5363, #5364, #5365, #5366, #5367, #5368));
#5370 = FACE_BOUND('', #5369, .T.);
#5371 = ADVANCED_FACE('', (#5370), #4056, .F.);
#5372 = ORIENTED_EDGE('', *, *, #3419, .F.);
#5373 = ORIENTED_EDGE('', *, *, #3432, .T.);
#5374 = ORIENTED_EDGE('', *, *, #3423, .T.);
#5375 = ORIENTED_EDGE('', *, *, #3428, .F.);
#5376 = ORIENTED_EDGE('', *, *, #3425, .T.);
#5377 = ORIENTED_EDGE('', *, *, #3431, .F.);
#5378 = EDGE_LOOP('', (#5372, #5373, #5374, #5375, #5376, #5377));
#5379 = FACE_BOUND('', #5378, .T.);
#5380 = ADVANCED_FACE('', (#5379), #4064, .F.);
#5381 = ORIENTED_EDGE('', *, *, #3428, .T.);
#5382 = ORIENTED_EDGE('', *, *, #3412, .F.);
#5383 = ORIENTED_EDGE('', *, *, #3409, .T.);
#5384 = ORIENTED_EDGE('', *, *, #3411, .T.);
#5385 = EDGE_LOOP('', (#5381, #5382, #5383, #5384));
#5386 = FACE_BOUND('', #5385, .T.);
#5387 = ADVANCED_FACE('', (#5386), #3753, .F.);
#5388 = ORIENTED_EDGE('', *, *, #3420, .F.);
#5389 = ORIENTED_EDGE('', *, *, #3431, .T.);
#5390 = ORIENTED_EDGE('', *, *, #3426, .T.);
#5391 = ORIENTED_EDGE('', *, *, #3434, .F.);
#5392 = EDGE_LOOP('', (#5388, #5389, #5390, #5391));
#5393 = FACE_BOUND('', #5392, .T.);
#5394 = ADVANCED_FACE('', (#5393), #4068, .F.);
#5395 = ORIENTED_EDGE('', *, *, #3418, .F.);
#5396 = ORIENTED_EDGE('', *, *, #3433, .T.);
#5397 = ORIENTED_EDGE('', *, *, #3422, .T.);
#5398 = ORIENTED_EDGE('', *, *, #3432, .F.);
#5399 = EDGE_LOOP('', (#5395, #5396, #5397, #5398));
#5400 = FACE_BOUND('', #5399, .T.);
#5401 = ADVANCED_FACE('', (#5400), #4060, .F.);
#5402 = ORIENTED_EDGE('', *, *, #3435, .F.);
#5403 = ORIENTED_EDGE('', *, *, #3436, .T.);
#5404 = ORIENTED_EDGE('', *, *, #3439, .T.);
#5405 = ORIENTED_EDGE('', *, *, #3442, .T.);
#5406 = ORIENTED_EDGE('', *, *, #3438, .F.);
#5407 = EDGE_LOOP('', (#5402, #5403, #5404, #5405, #5406));
#5408 = FACE_BOUND('', #5407, .T.);
#5409 = ADVANCED_FACE('', (#5408), #4073, .F.);
#5410 = ORIENTED_EDGE('', *, *, #3435, .T.);
#5411 = ORIENTED_EDGE('', *, *, #3437, .T.);
#5412 = EDGE_LOOP('', (#5410, #5411));
#5413 = FACE_BOUND('', #5412, .T.);
#5414 = ADVANCED_FACE('', (#5413), #4077, .T.);
#5415 = ORIENTED_EDGE('', *, *, #3441, .F.);
#5416 = ORIENTED_EDGE('', *, *, #3440, .F.);
#5417 = ORIENTED_EDGE('', *, *, #3436, .F.);
#5418 = ORIENTED_EDGE('', *, *, #3437, .F.);
#5419 = ORIENTED_EDGE('', *, *, #3438, .T.);
#5420 = EDGE_LOOP('', (#5415, #5416, #5417, #5418, #5419));
#5421 = FACE_BOUND('', #5420, .T.);
#5422 = ADVANCED_FACE('', (#5421), #4073, .F.);
#5423 = ORIENTED_EDGE('', *, *, #3443, .F.);
#5424 = ORIENTED_EDGE('', *, *, #3444, .T.);
#5425 = ORIENTED_EDGE('', *, *, #3447, .T.);
#5426 = ORIENTED_EDGE('', *, *, #3450, .T.);
#5427 = ORIENTED_EDGE('', *, *, #3446, .F.);
#5428 = EDGE_LOOP('', (#5423, #5424, #5425, #5426, #5427));
#5429 = FACE_BOUND('', #5428, .T.);
#5430 = ADVANCED_FACE('', (#5429), #4082, .F.);
#5431 = ORIENTED_EDGE('', *, *, #3443, .T.);
#5432 = ORIENTED_EDGE('', *, *, #3445, .T.);
#5433 = EDGE_LOOP('', (#5431, #5432));
#5434 = FACE_BOUND('', #5433, .T.);
#5435 = ADVANCED_FACE('', (#5434), #4086, .T.);
#5436 = ORIENTED_EDGE('', *, *, #3449, .F.);
#5437 = ORIENTED_EDGE('', *, *, #3448, .F.);
#5438 = ORIENTED_EDGE('', *, *, #3444, .F.);
#5439 = ORIENTED_EDGE('', *, *, #3445, .F.);
#5440 = ORIENTED_EDGE('', *, *, #3446, .T.);
#5441 = EDGE_LOOP('', (#5436, #5437, #5438, #5439, #5440));
#5442 = FACE_BOUND('', #5441, .T.);
#5443 = ADVANCED_FACE('', (#5442), #4082, .F.);
#5444 = ORIENTED_EDGE('', *, *, #3451, .F.);
#5445 = ORIENTED_EDGE('', *, *, #3452, .T.);
#5446 = ORIENTED_EDGE('', *, *, #3455, .T.);
#5447 = ORIENTED_EDGE('', *, *, #3458, .T.);
#5448 = ORIENTED_EDGE('', *, *, #3454, .F.);
#5449 = EDGE_LOOP('', (#5444, #5445, #5446, #5447, #5448));
#5450 = FACE_BOUND('', #5449, .T.);
#5451 = ADVANCED_FACE('', (#5450), #4091, .F.);
#5452 = ORIENTED_EDGE('', *, *, #3451, .T.);
#5453 = ORIENTED_EDGE('', *, *, #3453, .T.);
#5454 = EDGE_LOOP('', (#5452, #5453));
#5455 = FACE_BOUND('', #5454, .T.);
#5456 = ADVANCED_FACE('', (#5455), #4095, .T.);
#5457 = ORIENTED_EDGE('', *, *, #3457, .F.);
#5458 = ORIENTED_EDGE('', *, *, #3456, .F.);
#5459 = ORIENTED_EDGE('', *, *, #3452, .F.);
#5460 = ORIENTED_EDGE('', *, *, #3453, .F.);
#5461 = ORIENTED_EDGE('', *, *, #3454, .T.);
#5462 = EDGE_LOOP('', (#5457, #5458, #5459, #5460, #5461));
#5463 = FACE_BOUND('', #5462, .T.);
#5464 = ADVANCED_FACE('', (#5463), #4091, .F.);
#5465 = ORIENTED_EDGE('', *, *, #3459, .F.);
#5466 = ORIENTED_EDGE('', *, *, #3460, .T.);
#5467 = ORIENTED_EDGE('', *, *, #3463, .T.);
#5468 = ORIENTED_EDGE('', *, *, #3466, .T.);
#5469 = ORIENTED_EDGE('', *, *, #3462, .F.);
#5470 = EDGE_LOOP('', (#5465, #5466, #5467, #5468, #5469));
#5471 = FACE_BOUND('', #5470, .T.);
#5472 = ADVANCED_FACE('', (#5471), #4100, .F.);
#5473 = ORIENTED_EDGE('', *, *, #3459, .T.);
#5474 = ORIENTED_EDGE('', *, *, #3461, .T.);
#5475 = EDGE_LOOP('', (#5473, #5474));
#5476 = FACE_BOUND('', #5475, .T.);
#5477 = ADVANCED_FACE('', (#5476), #4104, .T.);
#5478 = ORIENTED_EDGE('', *, *, #3465, .F.);
#5479 = ORIENTED_EDGE('', *, *, #3464, .F.);
#5480 = ORIENTED_EDGE('', *, *, #3460, .F.);
#5481 = ORIENTED_EDGE('', *, *, #3461, .F.);
#5482 = ORIENTED_EDGE('', *, *, #3462, .T.);
#5483 = EDGE_LOOP('', (#5478, #5479, #5480, #5481, #5482));
#5484 = FACE_BOUND('', #5483, .T.);
#5485 = ADVANCED_FACE('', (#5484), #4100, .F.);
#5486 = ORIENTED_EDGE('', *, *, #3475, .T.);
#5487 = ORIENTED_EDGE('', *, *, #3469, .F.);
#5488 = ORIENTED_EDGE('', *, *, #3478, .T.);
#5489 = ORIENTED_EDGE('', *, *, #3474, .T.);
#5490 = ORIENTED_EDGE('', *, *, #3528, .F.);
#5491 = ORIENTED_EDGE('', *, *, #3527, .F.);
#5492 = ORIENTED_EDGE('', *, *, #3526, .F.);
#5493 = ORIENTED_EDGE('', *, *, #3532, .T.);
#5494 = EDGE_LOOP('', (#5486, #5487, #5488, #5489, #5490, #5491, #5492, #5493));
#5495 = FACE_BOUND('', #5494, .T.);
#5496 = ADVANCED_FACE('', (#5495), #4116, .T.);
#5497 = ORIENTED_EDGE('', *, *, #3468, .T.);
#5498 = ORIENTED_EDGE('', *, *, #3471, .T.);
#5499 = ORIENTED_EDGE('', *, *, #3473, .F.);
#5500 = ORIENTED_EDGE('', *, *, #3478, .F.);
#5501 = EDGE_LOOP('', (#5497, #5498, #5499, #5500));
#5502 = FACE_BOUND('', #5501, .T.);
#5503 = ADVANCED_FACE('', (#5502), #4112, .F.);
#5504 = ORIENTED_EDGE('', *, *, #3472, .F.);
#5505 = ORIENTED_EDGE('', *, *, #3470, .T.);
#5506 = ORIENTED_EDGE('', *, *, #3467, .T.);
#5507 = ORIENTED_EDGE('', *, *, #3475, .F.);
#5508 = EDGE_LOOP('', (#5504, #5505, #5506, #5507));
#5509 = FACE_BOUND('', #5508, .T.);
#5510 = ADVANCED_FACE('', (#5509), #4108, .F.);
#5511 = ORIENTED_EDGE('', *, *, #3489, .T.);
#5512 = ORIENTED_EDGE('', *, *, #3470, .F.);
#5513 = ORIENTED_EDGE('', *, *, #3488, .F.);
#5514 = ORIENTED_EDGE('', *, *, #3483, .F.);
#5515 = EDGE_LOOP('', (#5511, #5512, #5513, #5514));
#5516 = FACE_BOUND('', #5515, .T.);
#5517 = ADVANCED_FACE('', (#5516), #3854, .T.);
#5518 = ORIENTED_EDGE('', *, *, #3487, .T.);
#5519 = ORIENTED_EDGE('', *, *, #3481, .F.);
#5520 = ORIENTED_EDGE('', *, *, #3490, .T.);
#5521 = ORIENTED_EDGE('', *, *, #3486, .T.);
#5522 = ORIENTED_EDGE('', *, *, #3546, .F.);
#5523 = ORIENTED_EDGE('', *, *, #3545, .F.);
#5524 = ORIENTED_EDGE('', *, *, #3544, .F.);
#5525 = ORIENTED_EDGE('', *, *, #3550, .T.);
#5526 = EDGE_LOOP('', (#5518, #5519, #5520, #5521, #5522, #5523, #5524, #5525));
#5527 = FACE_BOUND('', #5526, .T.);
#5528 = ADVANCED_FACE('', (#5527), #4128, .T.);
#5529 = ORIENTED_EDGE('', *, *, #3480, .T.);
#5530 = ORIENTED_EDGE('', *, *, #3483, .T.);
#5531 = ORIENTED_EDGE('', *, *, #3485, .F.);
#5532 = ORIENTED_EDGE('', *, *, #3490, .F.);
#5533 = EDGE_LOOP('', (#5529, #5530, #5531, #5532));
#5534 = FACE_BOUND('', #5533, .T.);
#5535 = ADVANCED_FACE('', (#5534), #4124, .F.);
#5536 = ORIENTED_EDGE('', *, *, #3484, .F.);
#5537 = ORIENTED_EDGE('', *, *, #3482, .T.);
#5538 = ORIENTED_EDGE('', *, *, #3479, .T.);
#5539 = ORIENTED_EDGE('', *, *, #3487, .F.);
#5540 = EDGE_LOOP('', (#5536, #5537, #5538, #5539));
#5541 = FACE_BOUND('', #5540, .T.);
#5542 = ADVANCED_FACE('', (#5541), #4120, .F.);
#5543 = ORIENTED_EDGE('', *, *, #3502, .T.);
#5544 = ORIENTED_EDGE('', *, *, #3498, .T.);
#5545 = ORIENTED_EDGE('', *, *, #3563, .F.);
#5546 = ORIENTED_EDGE('', *, *, #3562, .F.);
#5547 = ORIENTED_EDGE('', *, *, #3564, .F.);
#5548 = ORIENTED_EDGE('', *, *, #3567, .T.);
#5549 = ORIENTED_EDGE('', *, *, #3499, .T.);
#5550 = ORIENTED_EDGE('', *, *, #3493, .F.);
#5551 = EDGE_LOOP('', (#5543, #5544, #5545, #5546, #5547, #5548, #5549, #5550));
#5552 = FACE_BOUND('', #5551, .T.);
#5553 = ADVANCED_FACE('', (#5552), #4140, .T.);
#5554 = ORIENTED_EDGE('', *, *, #3513, .T.);
#5555 = ORIENTED_EDGE('', *, *, #3219, .T.);
#5556 = ORIENTED_EDGE('', *, *, #3222, .T.);
#5557 = ORIENTED_EDGE('', *, *, #3482, .F.);
#5558 = ORIENTED_EDGE('', *, *, #3235, .F.);
#5559 = ORIENTED_EDGE('', *, *, #3234, .F.);
#5560 = ORIENTED_EDGE('', *, *, #3512, .F.);
#5561 = ORIENTED_EDGE('', *, *, #3509, .F.);
#5562 = EDGE_LOOP('', (#5554, #5555, #5556, #5557, #5558, #5559, #5560, #5561));
#5563 = FACE_BOUND('', #5562, .T.);
#5564 = ADVANCED_FACE('', (#5563), #3854, .T.);
#5565 = ORIENTED_EDGE('', *, *, #3497, .F.);
#5566 = ORIENTED_EDGE('', *, *, #3495, .T.);
#5567 = ORIENTED_EDGE('', *, *, #3492, .T.);
#5568 = ORIENTED_EDGE('', *, *, #3499, .F.);
#5569 = EDGE_LOOP('', (#5565, #5566, #5567, #5568));
#5570 = FACE_BOUND('', #5569, .T.);
#5571 = ADVANCED_FACE('', (#5570), #4136, .F.);
#5572 = ORIENTED_EDGE('', *, *, #3491, .T.);
#5573 = ORIENTED_EDGE('', *, *, #3494, .T.);
#5574 = ORIENTED_EDGE('', *, *, #3496, .F.);
#5575 = ORIENTED_EDGE('', *, *, #3502, .F.);
#5576 = EDGE_LOOP('', (#5572, #5573, #5574, #5575));
#5577 = FACE_BOUND('', #5576, .T.);
#5578 = ADVANCED_FACE('', (#5577), #4132, .F.);
#5579 = ORIENTED_EDGE('', *, *, #3501, .T.);
#5580 = ORIENTED_EDGE('', *, *, #3510, .F.);
#5581 = ORIENTED_EDGE('', *, *, #3500, .F.);
#5582 = ORIENTED_EDGE('', *, *, #3494, .F.);
#5583 = EDGE_LOOP('', (#5579, #5580, #5581, #5582));
#5584 = FACE_BOUND('', #5583, .T.);
#5585 = ADVANCED_FACE('', (#5584), #3854, .T.);
#5586 = ORIENTED_EDGE('', *, *, #3514, .T.);
#5587 = ORIENTED_EDGE('', *, *, #3508, .T.);
#5588 = ORIENTED_EDGE('', *, *, #3581, .F.);
#5589 = ORIENTED_EDGE('', *, *, #3580, .F.);
#5590 = ORIENTED_EDGE('', *, *, #3582, .F.);
#5591 = ORIENTED_EDGE('', *, *, #3585, .T.);
#5592 = ORIENTED_EDGE('', *, *, #3511, .T.);
#5593 = ORIENTED_EDGE('', *, *, #3505, .F.);
#5594 = EDGE_LOOP('', (#5586, #5587, #5588, #5589, #5590, #5591, #5592, #5593));
#5595 = FACE_BOUND('', #5594, .T.);
#5596 = ADVANCED_FACE('', (#5595), #4152, .T.);
#5597 = ORIENTED_EDGE('', *, *, #3507, .F.);
#5598 = ORIENTED_EDGE('', *, *, #3510, .T.);
#5599 = ORIENTED_EDGE('', *, *, #3504, .T.);
#5600 = ORIENTED_EDGE('', *, *, #3511, .F.);
#5601 = EDGE_LOOP('', (#5597, #5598, #5599, #5600));
#5602 = FACE_BOUND('', #5601, .T.);
#5603 = ADVANCED_FACE('', (#5602), #4148, .F.);
#5604 = ORIENTED_EDGE('', *, *, #3503, .T.);
#5605 = ORIENTED_EDGE('', *, *, #3509, .T.);
#5606 = ORIENTED_EDGE('', *, *, #3506, .F.);
#5607 = ORIENTED_EDGE('', *, *, #3514, .F.);
#5608 = EDGE_LOOP('', (#5604, #5605, #5606, #5607));
#5609 = FACE_BOUND('', #5608, .T.);
#5610 = ADVANCED_FACE('', (#5609), #4144, .F.);
#5611 = ORIENTED_EDGE('', *, *, #3515, .T.);
#5612 = ORIENTED_EDGE('', *, *, #3516, .T.);
#5613 = ORIENTED_EDGE('', *, *, #3604, .F.);
#5614 = ORIENTED_EDGE('', *, *, #3595, .F.);
#5615 = ORIENTED_EDGE('', *, *, #3597, .T.);
#5616 = ORIENTED_EDGE('', *, *, #3596, .F.);
#5617 = ORIENTED_EDGE('', *, *, #3517, .F.);
#5618 = ORIENTED_EDGE('', *, *, #3518, .F.);
#5619 = EDGE_LOOP('', (#5611, #5612, #5613, #5614, #5615, #5616, #5617, #5618));
#5620 = FACE_BOUND('', #5619, .T.);
#5621 = ADVANCED_FACE('', (#5620), #4156, .T.);
#5622 = ORIENTED_EDGE('', *, *, #3524, .T.);
#5623 = ORIENTED_EDGE('', *, *, #3522, .F.);
#5624 = ORIENTED_EDGE('', *, *, #3526, .T.);
#5625 = ORIENTED_EDGE('', *, *, #3529, .T.);
#5626 = ORIENTED_EDGE('', *, *, #3519, .F.);
#5627 = ORIENTED_EDGE('', *, *, #3516, .F.);
#5628 = EDGE_LOOP('', (#5622, #5623, #5624, #5625, #5626, #5627));
#5629 = FACE_BOUND('', #5628, .T.);
#5630 = ADVANCED_FACE('', (#5629), #4160, .T.);
#5631 = ORIENTED_EDGE('', *, *, #3525, .T.);
#5632 = ORIENTED_EDGE('', *, *, #3518, .T.);
#5633 = ORIENTED_EDGE('', *, *, #3521, .F.);
#5634 = ORIENTED_EDGE('', *, *, #3530, .F.);
#5635 = ORIENTED_EDGE('', *, *, #3528, .T.);
#5636 = ORIENTED_EDGE('', *, *, #3523, .F.);
#5637 = EDGE_LOOP('', (#5631, #5632, #5633, #5634, #5635, #5636));
#5638 = FACE_BOUND('', #5637, .T.);
#5639 = ADVANCED_FACE('', (#5638), #4168, .T.);
#5640 = ORIENTED_EDGE('', *, *, #3517, .T.);
#5641 = ORIENTED_EDGE('', *, *, #3599, .F.);
#5642 = ORIENTED_EDGE('', *, *, #3600, .T.);
#5643 = ORIENTED_EDGE('', *, *, #3521, .T.);
#5644 = EDGE_LOOP('', (#5640, #5641, #5642, #5643));
#5645 = FACE_BOUND('', #5644, .T.);
#5646 = ADVANCED_FACE('', (#5645), #4172, .T.);
#5647 = ORIENTED_EDGE('', *, *, #3601, .T.);
#5648 = ORIENTED_EDGE('', *, *, #3593, .F.);
#5649 = ORIENTED_EDGE('', *, *, #3602, .F.);
#5650 = ORIENTED_EDGE('', *, *, #3520, .F.);
#5651 = ORIENTED_EDGE('', *, *, #3529, .F.);
#5652 = ORIENTED_EDGE('', *, *, #3527, .T.);
#5653 = ORIENTED_EDGE('', *, *, #3530, .T.);
#5654 = ORIENTED_EDGE('', *, *, #3600, .F.);
#5655 = EDGE_LOOP('', (#5647, #5648, #5649, #5650, #5651, #5652, #5653, #5654));
#5656 = FACE_BOUND('', #5655, .T.);
#5657 = ADVANCED_FACE('', (#5656), #4164, .T.);
#5658 = ORIENTED_EDGE('', *, *, #3523, .T.);
#5659 = ORIENTED_EDGE('', *, *, #3474, .F.);
#5660 = ORIENTED_EDGE('', *, *, #3473, .T.);
#5661 = ORIENTED_EDGE('', *, *, #3476, .T.);
#5662 = ORIENTED_EDGE('', *, *, #3231, .F.);
#5663 = ORIENTED_EDGE('', *, *, #3531, .F.);
#5664 = EDGE_LOOP('', (#5658, #5659, #5660, #5661, #5662, #5663));
#5665 = FACE_BOUND('', #5664, .T.);
#5666 = ADVANCED_FACE('', (#5665), #3866, .F.);
#5667 = ORIENTED_EDGE('', *, *, #3533, .T.);
#5668 = ORIENTED_EDGE('', *, *, #3534, .T.);
#5669 = ORIENTED_EDGE('', *, *, #3622, .F.);
#5670 = ORIENTED_EDGE('', *, *, #3613, .F.);
#5671 = ORIENTED_EDGE('', *, *, #3615, .T.);
#5672 = ORIENTED_EDGE('', *, *, #3614, .F.);
#5673 = ORIENTED_EDGE('', *, *, #3535, .F.);
#5674 = ORIENTED_EDGE('', *, *, #3536, .F.);
#5675 = EDGE_LOOP('', (#5667, #5668, #5669, #5670, #5671, #5672, #5673, #5674));
#5676 = FACE_BOUND('', #5675, .T.);
#5677 = ADVANCED_FACE('', (#5676), #4176, .T.);
#5678 = ORIENTED_EDGE('', *, *, #3542, .T.);
#5679 = ORIENTED_EDGE('', *, *, #3540, .F.);
#5680 = ORIENTED_EDGE('', *, *, #3544, .T.);
#5681 = ORIENTED_EDGE('', *, *, #3547, .T.);
#5682 = ORIENTED_EDGE('', *, *, #3537, .F.);
#5683 = ORIENTED_EDGE('', *, *, #3534, .F.);
#5684 = EDGE_LOOP('', (#5678, #5679, #5680, #5681, #5682, #5683));
#5685 = FACE_BOUND('', #5684, .T.);
#5686 = ADVANCED_FACE('', (#5685), #4180, .T.);
#5687 = ORIENTED_EDGE('', *, *, #3543, .T.);
#5688 = ORIENTED_EDGE('', *, *, #3536, .T.);
#5689 = ORIENTED_EDGE('', *, *, #3539, .F.);
#5690 = ORIENTED_EDGE('', *, *, #3548, .F.);
#5691 = ORIENTED_EDGE('', *, *, #3546, .T.);
#5692 = ORIENTED_EDGE('', *, *, #3541, .F.);
#5693 = EDGE_LOOP('', (#5687, #5688, #5689, #5690, #5691, #5692));
#5694 = FACE_BOUND('', #5693, .T.);
#5695 = ADVANCED_FACE('', (#5694), #4188, .T.);
#5696 = ORIENTED_EDGE('', *, *, #3535, .T.);
#5697 = ORIENTED_EDGE('', *, *, #3617, .F.);
#5698 = ORIENTED_EDGE('', *, *, #3618, .T.);
#5699 = ORIENTED_EDGE('', *, *, #3539, .T.);
#5700 = EDGE_LOOP('', (#5696, #5697, #5698, #5699));
#5701 = FACE_BOUND('', #5700, .T.);
#5702 = ADVANCED_FACE('', (#5701), #4192, .T.);
#5703 = ORIENTED_EDGE('', *, *, #3619, .T.);
#5704 = ORIENTED_EDGE('', *, *, #3611, .F.);
#5705 = ORIENTED_EDGE('', *, *, #3620, .F.);
#5706 = ORIENTED_EDGE('', *, *, #3538, .F.);
#5707 = ORIENTED_EDGE('', *, *, #3547, .F.);
#5708 = ORIENTED_EDGE('', *, *, #3545, .T.);
#5709 = ORIENTED_EDGE('', *, *, #3548, .T.);
#5710 = ORIENTED_EDGE('', *, *, #3618, .F.);
#5711 = EDGE_LOOP('', (#5703, #5704, #5705, #5706, #5707, #5708, #5709, #5710));
#5712 = FACE_BOUND('', #5711, .T.);
#5713 = ADVANCED_FACE('', (#5712), #4184, .T.);
#5714 = ORIENTED_EDGE('', *, *, #3229, .T.);
#5715 = ORIENTED_EDGE('', *, *, #3235, .T.);
#5716 = ORIENTED_EDGE('', *, *, #3484, .T.);
#5717 = ORIENTED_EDGE('', *, *, #3550, .F.);
#5718 = ORIENTED_EDGE('', *, *, #3540, .T.);
#5719 = ORIENTED_EDGE('', *, *, #3230, .F.);
#5720 = EDGE_LOOP('', (#5714, #5715, #5716, #5717, #5718, #5719));
#5721 = FACE_BOUND('', #5720, .T.);
#5722 = ADVANCED_FACE('', (#5721), #3866, .F.);
#5723 = ORIENTED_EDGE('', *, *, #3560, .T.);
#5724 = ORIENTED_EDGE('', *, *, #3552, .T.);
#5725 = ORIENTED_EDGE('', *, *, #3553, .F.);
#5726 = ORIENTED_EDGE('', *, *, #3565, .F.);
#5727 = ORIENTED_EDGE('', *, *, #3563, .T.);
#5728 = ORIENTED_EDGE('', *, *, #3558, .F.);
#5729 = EDGE_LOOP('', (#5723, #5724, #5725, #5726, #5727, #5728));
#5730 = FACE_BOUND('', #5729, .T.);
#5731 = ADVANCED_FACE('', (#5730), #4196, .T.);
#5732 = ORIENTED_EDGE('', *, *, #3554, .T.);
#5733 = ORIENTED_EDGE('', *, *, #3555, .T.);
#5734 = ORIENTED_EDGE('', *, *, #3639, .F.);
#5735 = ORIENTED_EDGE('', *, *, #3632, .F.);
#5736 = ORIENTED_EDGE('', *, *, #3633, .T.);
#5737 = ORIENTED_EDGE('', *, *, #3631, .F.);
#5738 = ORIENTED_EDGE('', *, *, #3556, .F.);
#5739 = ORIENTED_EDGE('', *, *, #3552, .F.);
#5740 = EDGE_LOOP('', (#5732, #5733, #5734, #5735, #5736, #5737, #5738, #5739));
#5741 = FACE_BOUND('', #5740, .T.);
#5742 = ADVANCED_FACE('', (#5741), #4200, .T.);
#5743 = ORIENTED_EDGE('', *, *, #3561, .T.);
#5744 = ORIENTED_EDGE('', *, *, #3559, .F.);
#5745 = ORIENTED_EDGE('', *, *, #3564, .T.);
#5746 = ORIENTED_EDGE('', *, *, #3566, .T.);
#5747 = ORIENTED_EDGE('', *, *, #3557, .F.);
#5748 = ORIENTED_EDGE('', *, *, #3555, .F.);
#5749 = EDGE_LOOP('', (#5743, #5744, #5745, #5746, #5747, #5748));
#5750 = FACE_BOUND('', #5749, .T.);
#5751 = ADVANCED_FACE('', (#5750), #4204, .T.);
#5752 = ORIENTED_EDGE('', *, *, #3551, .T.);
#5753 = ORIENTED_EDGE('', *, *, #3635, .F.);
#5754 = ORIENTED_EDGE('', *, *, #3639, .T.);
#5755 = ORIENTED_EDGE('', *, *, #3557, .T.);
#5756 = EDGE_LOOP('', (#5752, #5753, #5754, #5755));
#5757 = FACE_BOUND('', #5756, .T.);
#5758 = ADVANCED_FACE('', (#5757), #4208, .T.);
#5759 = ORIENTED_EDGE('', *, *, #3227, .T.);
#5760 = ORIENTED_EDGE('', *, *, #3233, .T.);
#5761 = ORIENTED_EDGE('', *, *, #3497, .T.);
#5762 = ORIENTED_EDGE('', *, *, #3567, .F.);
#5763 = ORIENTED_EDGE('', *, *, #3559, .T.);
#5764 = ORIENTED_EDGE('', *, *, #3225, .F.);
#5765 = EDGE_LOOP('', (#5759, #5760, #5761, #5762, #5763, #5764));
#5766 = FACE_BOUND('', #5765, .T.);
#5767 = ADVANCED_FACE('', (#5766), #3858, .F.);
#5768 = ORIENTED_EDGE('', *, *, #3578, .T.);
#5769 = ORIENTED_EDGE('', *, *, #3570, .T.);
#5770 = ORIENTED_EDGE('', *, *, #3571, .F.);
#5771 = ORIENTED_EDGE('', *, *, #3583, .F.);
#5772 = ORIENTED_EDGE('', *, *, #3581, .T.);
#5773 = ORIENTED_EDGE('', *, *, #3576, .F.);
#5774 = EDGE_LOOP('', (#5768, #5769, #5770, #5771, #5772, #5773));
#5775 = FACE_BOUND('', #5774, .T.);
#5776 = ADVANCED_FACE('', (#5775), #4212, .T.);
#5777 = ORIENTED_EDGE('', *, *, #3572, .T.);
#5778 = ORIENTED_EDGE('', *, *, #3573, .T.);
#5779 = ORIENTED_EDGE('', *, *, #3657, .F.);
#5780 = ORIENTED_EDGE('', *, *, #3650, .F.);
#5781 = ORIENTED_EDGE('', *, *, #3651, .T.);
#5782 = ORIENTED_EDGE('', *, *, #3649, .F.);
#5783 = ORIENTED_EDGE('', *, *, #3574, .F.);
#5784 = ORIENTED_EDGE('', *, *, #3570, .F.);
#5785 = EDGE_LOOP('', (#5777, #5778, #5779, #5780, #5781, #5782, #5783, #5784));
#5786 = FACE_BOUND('', #5785, .T.);
#5787 = ADVANCED_FACE('', (#5786), #4216, .T.);
#5788 = ORIENTED_EDGE('', *, *, #3579, .T.);
#5789 = ORIENTED_EDGE('', *, *, #3577, .F.);
#5790 = ORIENTED_EDGE('', *, *, #3582, .T.);
#5791 = ORIENTED_EDGE('', *, *, #3584, .T.);
#5792 = ORIENTED_EDGE('', *, *, #3575, .F.);
#5793 = ORIENTED_EDGE('', *, *, #3573, .F.);
#5794 = EDGE_LOOP('', (#5788, #5789, #5790, #5791, #5792, #5793));
#5795 = FACE_BOUND('', #5794, .T.);
#5796 = ADVANCED_FACE('', (#5795), #4220, .T.);
#5797 = ORIENTED_EDGE('', *, *, #3569, .T.);
#5798 = ORIENTED_EDGE('', *, *, #3653, .F.);
#5799 = ORIENTED_EDGE('', *, *, #3657, .T.);
#5800 = ORIENTED_EDGE('', *, *, #3575, .T.);
#5801 = EDGE_LOOP('', (#5797, #5798, #5799, #5800));
#5802 = FACE_BOUND('', #5801, .T.);
#5803 = ADVANCED_FACE('', (#5802), #4224, .T.);
#5804 = ORIENTED_EDGE('', *, *, #3576, .T.);
#5805 = ORIENTED_EDGE('', *, *, #3508, .F.);
#5806 = ORIENTED_EDGE('', *, *, #3506, .T.);
#5807 = ORIENTED_EDGE('', *, *, #3512, .T.);
#5808 = ORIENTED_EDGE('', *, *, #3226, .F.);
#5809 = ORIENTED_EDGE('', *, *, #3586, .F.);
#5810 = EDGE_LOOP('', (#5804, #5805, #5806, #5807, #5808, #5809));
#5811 = FACE_BOUND('', #5810, .T.);
#5812 = ADVANCED_FACE('', (#5811), #3858, .F.);
#5813 = ORIENTED_EDGE('', *, *, #3587, .T.);
#5814 = ORIENTED_EDGE('', *, *, #3588, .T.);
#5815 = ORIENTED_EDGE('', *, *, #3589, .F.);
#5816 = ORIENTED_EDGE('', *, *, #3590, .F.);
#5817 = EDGE_LOOP('', (#5813, #5814, #5815, #5816));
#5818 = FACE_BOUND('', #5817, .T.);
#5819 = ADVANCED_FACE('', (#5818), #4228, .T.);
#5820 = ORIENTED_EDGE('', *, *, #3591, .T.);
#5821 = ORIENTED_EDGE('', *, *, #3595, .T.);
#5822 = ORIENTED_EDGE('', *, *, #3598, .T.);
#5823 = ORIENTED_EDGE('', *, *, #3602, .T.);
#5824 = ORIENTED_EDGE('', *, *, #3592, .F.);
#5825 = ORIENTED_EDGE('', *, *, #3588, .F.);
#5826 = EDGE_LOOP('', (#5820, #5821, #5822, #5823, #5824, #5825));
#5827 = FACE_BOUND('', #5826, .T.);
#5828 = ADVANCED_FACE('', (#5827), #4232, .T.);
#5829 = ORIENTED_EDGE('', *, *, #3603, .T.);
#5830 = ORIENTED_EDGE('', *, *, #3590, .T.);
#5831 = ORIENTED_EDGE('', *, *, #3594, .F.);
#5832 = ORIENTED_EDGE('', *, *, #3601, .F.);
#5833 = ORIENTED_EDGE('', *, *, #3599, .T.);
#5834 = ORIENTED_EDGE('', *, *, #3596, .T.);
#5835 = EDGE_LOOP('', (#5829, #5830, #5831, #5832, #5833, #5834));
#5836 = FACE_BOUND('', #5835, .T.);
#5837 = ADVANCED_FACE('', (#5836), #4236, .T.);
#5838 = ORIENTED_EDGE('', *, *, #3603, .F.);
#5839 = ORIENTED_EDGE('', *, *, #3597, .F.);
#5840 = ORIENTED_EDGE('', *, *, #3591, .F.);
#5841 = ORIENTED_EDGE('', *, *, #3587, .F.);
#5842 = EDGE_LOOP('', (#5838, #5839, #5840, #5841));
#5843 = FACE_BOUND('', #5842, .T.);
#5844 = ADVANCED_FACE('', (#5843), #4240, .F.);
#5845 = ORIENTED_EDGE('', *, *, #3589, .T.);
#5846 = ORIENTED_EDGE('', *, *, #3592, .T.);
#5847 = ORIENTED_EDGE('', *, *, #3593, .T.);
#5848 = ORIENTED_EDGE('', *, *, #3594, .T.);
#5849 = EDGE_LOOP('', (#5845, #5846, #5847, #5848));
#5850 = FACE_BOUND('', #5849, .T.);
#5851 = ADVANCED_FACE('', (#5850), #4244, .T.);
#5852 = ORIENTED_EDGE('', *, *, #3604, .T.);
#5853 = ORIENTED_EDGE('', *, *, #3519, .T.);
#5854 = ORIENTED_EDGE('', *, *, #3520, .T.);
#5855 = ORIENTED_EDGE('', *, *, #3598, .F.);
#5856 = EDGE_LOOP('', (#5852, #5853, #5854, #5855));
#5857 = FACE_BOUND('', #5856, .T.);
#5858 = ADVANCED_FACE('', (#5857), #4172, .T.);
#5859 = ORIENTED_EDGE('', *, *, #3605, .T.);
#5860 = ORIENTED_EDGE('', *, *, #3606, .T.);
#5861 = ORIENTED_EDGE('', *, *, #3607, .F.);
#5862 = ORIENTED_EDGE('', *, *, #3608, .F.);
#5863 = EDGE_LOOP('', (#5859, #5860, #5861, #5862));
#5864 = FACE_BOUND('', #5863, .T.);
#5865 = ADVANCED_FACE('', (#5864), #4248, .T.);
#5866 = ORIENTED_EDGE('', *, *, #3609, .T.);
#5867 = ORIENTED_EDGE('', *, *, #3613, .T.);
#5868 = ORIENTED_EDGE('', *, *, #3616, .T.);
#5869 = ORIENTED_EDGE('', *, *, #3620, .T.);
#5870 = ORIENTED_EDGE('', *, *, #3610, .F.);
#5871 = ORIENTED_EDGE('', *, *, #3606, .F.);
#5872 = EDGE_LOOP('', (#5866, #5867, #5868, #5869, #5870, #5871));
#5873 = FACE_BOUND('', #5872, .T.);
#5874 = ADVANCED_FACE('', (#5873), #4252, .T.);
#5875 = ORIENTED_EDGE('', *, *, #3621, .T.);
#5876 = ORIENTED_EDGE('', *, *, #3608, .T.);
#5877 = ORIENTED_EDGE('', *, *, #3612, .F.);
#5878 = ORIENTED_EDGE('', *, *, #3619, .F.);
#5879 = ORIENTED_EDGE('', *, *, #3617, .T.);
#5880 = ORIENTED_EDGE('', *, *, #3614, .T.);
#5881 = EDGE_LOOP('', (#5875, #5876, #5877, #5878, #5879, #5880));
#5882 = FACE_BOUND('', #5881, .T.);
#5883 = ADVANCED_FACE('', (#5882), #4256, .T.);
#5884 = ORIENTED_EDGE('', *, *, #3621, .F.);
#5885 = ORIENTED_EDGE('', *, *, #3615, .F.);
#5886 = ORIENTED_EDGE('', *, *, #3609, .F.);
#5887 = ORIENTED_EDGE('', *, *, #3605, .F.);
#5888 = EDGE_LOOP('', (#5884, #5885, #5886, #5887));
#5889 = FACE_BOUND('', #5888, .T.);
#5890 = ADVANCED_FACE('', (#5889), #4260, .F.);
#5891 = ORIENTED_EDGE('', *, *, #3607, .T.);
#5892 = ORIENTED_EDGE('', *, *, #3610, .T.);
#5893 = ORIENTED_EDGE('', *, *, #3611, .T.);
#5894 = ORIENTED_EDGE('', *, *, #3612, .T.);
#5895 = EDGE_LOOP('', (#5891, #5892, #5893, #5894));
#5896 = FACE_BOUND('', #5895, .T.);
#5897 = ADVANCED_FACE('', (#5896), #4264, .T.);
#5898 = ORIENTED_EDGE('', *, *, #3622, .T.);
#5899 = ORIENTED_EDGE('', *, *, #3537, .T.);
#5900 = ORIENTED_EDGE('', *, *, #3538, .T.);
#5901 = ORIENTED_EDGE('', *, *, #3616, .F.);
#5902 = EDGE_LOOP('', (#5898, #5899, #5900, #5901));
#5903 = FACE_BOUND('', #5902, .T.);
#5904 = ADVANCED_FACE('', (#5903), #4192, .T.);
#5905 = ORIENTED_EDGE('', *, *, #3640, .T.);
#5906 = ORIENTED_EDGE('', *, *, #3624, .T.);
#5907 = ORIENTED_EDGE('', *, *, #3625, .F.);
#5908 = ORIENTED_EDGE('', *, *, #3637, .F.);
#5909 = ORIENTED_EDGE('', *, *, #3634, .T.);
#5910 = ORIENTED_EDGE('', *, *, #3631, .T.);
#5911 = EDGE_LOOP('', (#5905, #5906, #5907, #5908, #5909, #5910));
#5912 = FACE_BOUND('', #5911, .T.);
#5913 = ADVANCED_FACE('', (#5912), #4272, .T.);
#5914 = ORIENTED_EDGE('', *, *, #3626, .T.);
#5915 = ORIENTED_EDGE('', *, *, #3627, .T.);
#5916 = ORIENTED_EDGE('', *, *, #3628, .F.);
#5917 = ORIENTED_EDGE('', *, *, #3624, .F.);
#5918 = EDGE_LOOP('', (#5914, #5915, #5916, #5917));
#5919 = FACE_BOUND('', #5918, .T.);
#5920 = ADVANCED_FACE('', (#5919), #4276, .T.);
#5921 = ORIENTED_EDGE('', *, *, #3629, .T.);
#5922 = ORIENTED_EDGE('', *, *, #3632, .T.);
#5923 = ORIENTED_EDGE('', *, *, #3635, .T.);
#5924 = ORIENTED_EDGE('', *, *, #3638, .T.);
#5925 = ORIENTED_EDGE('', *, *, #3630, .F.);
#5926 = ORIENTED_EDGE('', *, *, #3627, .F.);
#5927 = EDGE_LOOP('', (#5921, #5922, #5923, #5924, #5925, #5926));
#5928 = FACE_BOUND('', #5927, .T.);
#5929 = ADVANCED_FACE('', (#5928), #4280, .T.);
#5930 = ORIENTED_EDGE('', *, *, #3623, .T.);
#5931 = ORIENTED_EDGE('', *, *, #3625, .T.);
#5932 = ORIENTED_EDGE('', *, *, #3628, .T.);
#5933 = ORIENTED_EDGE('', *, *, #3630, .T.);
#5934 = EDGE_LOOP('', (#5930, #5931, #5932, #5933));
#5935 = FACE_BOUND('', #5934, .T.);
#5936 = ADVANCED_FACE('', (#5935), #4288, .T.);
#5937 = ORIENTED_EDGE('', *, *, #3637, .T.);
#5938 = ORIENTED_EDGE('', *, *, #3623, .F.);
#5939 = ORIENTED_EDGE('', *, *, #3638, .F.);
#5940 = ORIENTED_EDGE('', *, *, #3551, .F.);
#5941 = ORIENTED_EDGE('', *, *, #3566, .F.);
#5942 = ORIENTED_EDGE('', *, *, #3562, .T.);
#5943 = ORIENTED_EDGE('', *, *, #3565, .T.);
#5944 = ORIENTED_EDGE('', *, *, #3636, .F.);
#5945 = EDGE_LOOP('', (#5937, #5938, #5939, #5940, #5941, #5942, #5943, #5944));
#5946 = FACE_BOUND('', #5945, .T.);
#5947 = ADVANCED_FACE('', (#5946), #4268, .T.);
#5948 = ORIENTED_EDGE('', *, *, #3636, .T.);
#5949 = ORIENTED_EDGE('', *, *, #3553, .T.);
#5950 = ORIENTED_EDGE('', *, *, #3556, .T.);
#5951 = ORIENTED_EDGE('', *, *, #3634, .F.);
#5952 = EDGE_LOOP('', (#5948, #5949, #5950, #5951));
#5953 = FACE_BOUND('', #5952, .T.);
#5954 = ADVANCED_FACE('', (#5953), #4208, .T.);
#5955 = ORIENTED_EDGE('', *, *, #3633, .F.);
#5956 = ORIENTED_EDGE('', *, *, #3629, .F.);
#5957 = ORIENTED_EDGE('', *, *, #3626, .F.);
#5958 = ORIENTED_EDGE('', *, *, #3640, .F.);
#5959 = EDGE_LOOP('', (#5955, #5956, #5957, #5958));
#5960 = FACE_BOUND('', #5959, .T.);
#5961 = ADVANCED_FACE('', (#5960), #4284, .F.);
#5962 = ORIENTED_EDGE('', *, *, #3658, .T.);
#5963 = ORIENTED_EDGE('', *, *, #3642, .T.);
#5964 = ORIENTED_EDGE('', *, *, #3643, .F.);
#5965 = ORIENTED_EDGE('', *, *, #3655, .F.);
#5966 = ORIENTED_EDGE('', *, *, #3652, .T.);
#5967 = ORIENTED_EDGE('', *, *, #3649, .T.);
#5968 = EDGE_LOOP('', (#5962, #5963, #5964, #5965, #5966, #5967));
#5969 = FACE_BOUND('', #5968, .T.);
#5970 = ADVANCED_FACE('', (#5969), #4296, .T.);
#5971 = ORIENTED_EDGE('', *, *, #3644, .T.);
#5972 = ORIENTED_EDGE('', *, *, #3645, .T.);
#5973 = ORIENTED_EDGE('', *, *, #3646, .F.);
#5974 = ORIENTED_EDGE('', *, *, #3642, .F.);
#5975 = EDGE_LOOP('', (#5971, #5972, #5973, #5974));
#5976 = FACE_BOUND('', #5975, .T.);
#5977 = ADVANCED_FACE('', (#5976), #4300, .T.);
#5978 = ORIENTED_EDGE('', *, *, #3647, .T.);
#5979 = ORIENTED_EDGE('', *, *, #3650, .T.);
#5980 = ORIENTED_EDGE('', *, *, #3653, .T.);
#5981 = ORIENTED_EDGE('', *, *, #3656, .T.);
#5982 = ORIENTED_EDGE('', *, *, #3648, .F.);
#5983 = ORIENTED_EDGE('', *, *, #3645, .F.);
#5984 = EDGE_LOOP('', (#5978, #5979, #5980, #5981, #5982, #5983));
#5985 = FACE_BOUND('', #5984, .T.);
#5986 = ADVANCED_FACE('', (#5985), #4304, .T.);
#5987 = ORIENTED_EDGE('', *, *, #3641, .T.);
#5988 = ORIENTED_EDGE('', *, *, #3643, .T.);
#5989 = ORIENTED_EDGE('', *, *, #3646, .T.);
#5990 = ORIENTED_EDGE('', *, *, #3648, .T.);
#5991 = EDGE_LOOP('', (#5987, #5988, #5989, #5990));
#5992 = FACE_BOUND('', #5991, .T.);
#5993 = ADVANCED_FACE('', (#5992), #4312, .T.);
#5994 = ORIENTED_EDGE('', *, *, #3655, .T.);
#5995 = ORIENTED_EDGE('', *, *, #3641, .F.);
#5996 = ORIENTED_EDGE('', *, *, #3656, .F.);
#5997 = ORIENTED_EDGE('', *, *, #3569, .F.);
#5998 = ORIENTED_EDGE('', *, *, #3584, .F.);
#5999 = ORIENTED_EDGE('', *, *, #3580, .T.);
#6000 = ORIENTED_EDGE('', *, *, #3583, .T.);
#6001 = ORIENTED_EDGE('', *, *, #3654, .F.);
#6002 = EDGE_LOOP('', (#5994, #5995, #5996, #5997, #5998, #5999, #6000, #6001));
#6003 = FACE_BOUND('', #6002, .T.);
#6004 = ADVANCED_FACE('', (#6003), #4292, .T.);
#6005 = ORIENTED_EDGE('', *, *, #3654, .T.);
#6006 = ORIENTED_EDGE('', *, *, #3571, .T.);
#6007 = ORIENTED_EDGE('', *, *, #3574, .T.);
#6008 = ORIENTED_EDGE('', *, *, #3652, .F.);
#6009 = EDGE_LOOP('', (#6005, #6006, #6007, #6008));
#6010 = FACE_BOUND('', #6009, .T.);
#6011 = ADVANCED_FACE('', (#6010), #4224, .T.);
#6012 = ORIENTED_EDGE('', *, *, #3651, .F.);
#6013 = ORIENTED_EDGE('', *, *, #3647, .F.);
#6014 = ORIENTED_EDGE('', *, *, #3644, .F.);
#6015 = ORIENTED_EDGE('', *, *, #3658, .F.);
#6016 = EDGE_LOOP('', (#6012, #6013, #6014, #6015));
#6017 = FACE_BOUND('', #6016, .T.);
#6018 = ADVANCED_FACE('', (#6017), #4308, .F.);
#6019 = ORIENTED_EDGE('', *, *, #3676, .T.);
#6020 = ORIENTED_EDGE('', *, *, #3660, .T.);
#6021 = ORIENTED_EDGE('', *, *, #3661, .F.);
#6022 = ORIENTED_EDGE('', *, *, #3673, .F.);
#6023 = ORIENTED_EDGE('', *, *, #3671, .T.);
#6024 = ORIENTED_EDGE('', *, *, #3667, .T.);
#6025 = EDGE_LOOP('', (#6019, #6020, #6021, #6022, #6023, #6024));
#6026 = FACE_BOUND('', #6025, .T.);
#6027 = ADVANCED_FACE('', (#6026), #4320, .T.);
#6028 = ORIENTED_EDGE('', *, *, #3662, .T.);
#6029 = ORIENTED_EDGE('', *, *, #3663, .T.);
#6030 = ORIENTED_EDGE('', *, *, #3664, .F.);
#6031 = ORIENTED_EDGE('', *, *, #3660, .F.);
#6032 = EDGE_LOOP('', (#6028, #6029, #6030, #6031));
#6033 = FACE_BOUND('', #6032, .T.);
#6034 = ADVANCED_FACE('', (#6033), #4324, .T.);
#6035 = ORIENTED_EDGE('', *, *, #3665, .T.);
#6036 = ORIENTED_EDGE('', *, *, #3668, .T.);
#6037 = ORIENTED_EDGE('', *, *, #3672, .T.);
#6038 = ORIENTED_EDGE('', *, *, #3674, .T.);
#6039 = ORIENTED_EDGE('', *, *, #3666, .F.);
#6040 = ORIENTED_EDGE('', *, *, #3663, .F.);
#6041 = EDGE_LOOP('', (#6035, #6036, #6037, #6038, #6039, #6040));
#6042 = FACE_BOUND('', #6041, .T.);
#6043 = ADVANCED_FACE('', (#6042), #4328, .T.);
#6044 = ORIENTED_EDGE('', *, *, #3659, .T.);
#6045 = ORIENTED_EDGE('', *, *, #3661, .T.);
#6046 = ORIENTED_EDGE('', *, *, #3664, .T.);
#6047 = ORIENTED_EDGE('', *, *, #3666, .T.);
#6048 = EDGE_LOOP('', (#6044, #6045, #6046, #6047));
#6049 = FACE_BOUND('', #6048, .T.);
#6050 = ADVANCED_FACE('', (#6049), #4336, .T.);
#6051 = ORIENTED_EDGE('', *, *, #3673, .T.);
#6052 = ORIENTED_EDGE('', *, *, #3659, .F.);
#6053 = ORIENTED_EDGE('', *, *, #3674, .F.);
#6054 = ORIENTED_EDGE('', *, *, #3670, .T.);
#6055 = EDGE_LOOP('', (#6051, #6052, #6053, #6054));
#6056 = FACE_BOUND('', #6055, .T.);
#6057 = ADVANCED_FACE('', (#6056), #4316, .T.);
#6058 = ORIENTED_EDGE('', *, *, #3669, .F.);
#6059 = ORIENTED_EDGE('', *, *, #3665, .F.);
#6060 = ORIENTED_EDGE('', *, *, #3662, .F.);
#6061 = ORIENTED_EDGE('', *, *, #3676, .F.);
#6062 = EDGE_LOOP('', (#6058, #6059, #6060, #6061));
#6063 = FACE_BOUND('', #6062, .T.);
#6064 = ADVANCED_FACE('', (#6063), #4332, .F.);
#6065 = ORIENTED_EDGE('', *, *, #3677, .T.);
#6066 = ORIENTED_EDGE('', *, *, #3678, .T.);
#6067 = ORIENTED_EDGE('', *, *, #3679, .F.);
#6068 = ORIENTED_EDGE('', *, *, #3680, .F.);
#6069 = EDGE_LOOP('', (#6065, #6066, #6067, #6068));
#6070 = FACE_BOUND('', #6069, .T.);
#6071 = ADVANCED_FACE('', (#6070), #4340, .T.);
#6072 = ORIENTED_EDGE('', *, *, #3681, .T.);
#6073 = ORIENTED_EDGE('', *, *, #3685, .T.);
#6074 = ORIENTED_EDGE('', *, *, #3688, .T.);
#6075 = ORIENTED_EDGE('', *, *, #3692, .T.);
#6076 = ORIENTED_EDGE('', *, *, #3682, .F.);
#6077 = ORIENTED_EDGE('', *, *, #3678, .F.);
#6078 = EDGE_LOOP('', (#6072, #6073, #6074, #6075, #6076, #6077));
#6079 = FACE_BOUND('', #6078, .T.);
#6080 = ADVANCED_FACE('', (#6079), #4344, .T.);
#6081 = ORIENTED_EDGE('', *, *, #3693, .T.);
#6082 = ORIENTED_EDGE('', *, *, #3680, .T.);
#6083 = ORIENTED_EDGE('', *, *, #3684, .F.);
#6084 = ORIENTED_EDGE('', *, *, #3691, .F.);
#6085 = ORIENTED_EDGE('', *, *, #3690, .T.);
#6086 = ORIENTED_EDGE('', *, *, #3686, .T.);
#6087 = EDGE_LOOP('', (#6081, #6082, #6083, #6084, #6085, #6086));
#6088 = FACE_BOUND('', #6087, .T.);
#6089 = ADVANCED_FACE('', (#6088), #4352, .T.);
#6090 = ORIENTED_EDGE('', *, *, #3693, .F.);
#6091 = ORIENTED_EDGE('', *, *, #3687, .F.);
#6092 = ORIENTED_EDGE('', *, *, #3681, .F.);
#6093 = ORIENTED_EDGE('', *, *, #3677, .F.);
#6094 = EDGE_LOOP('', (#6090, #6091, #6092, #6093));
#6095 = FACE_BOUND('', #6094, .T.);
#6096 = ADVANCED_FACE('', (#6095), #4356, .F.);
#6097 = ORIENTED_EDGE('', *, *, #3679, .T.);
#6098 = ORIENTED_EDGE('', *, *, #3682, .T.);
#6099 = ORIENTED_EDGE('', *, *, #3683, .T.);
#6100 = ORIENTED_EDGE('', *, *, #3684, .T.);
#6101 = EDGE_LOOP('', (#6097, #6098, #6099, #6100));
#6102 = FACE_BOUND('', #6101, .T.);
#6103 = ADVANCED_FACE('', (#6102), #4360, .T.);
#6104 = ORIENTED_EDGE('', *, *, #3691, .T.);
#6105 = ORIENTED_EDGE('', *, *, #3683, .F.);
#6106 = ORIENTED_EDGE('', *, *, #3692, .F.);
#6107 = ORIENTED_EDGE('', *, *, #3689, .T.);
#6108 = EDGE_LOOP('', (#6104, #6105, #6106, #6107));
#6109 = FACE_BOUND('', #6108, .T.);
#6110 = ADVANCED_FACE('', (#6109), #4348, .T.);
#6111 = CLOSED_SHELL('', (#4425, #4432, #4441, #4448, #4457, #4464, #4473, #4480, #4489, #4496, #4503, #4510, #4517, #4524, #4531, #4538, #4545, #4552, #4559, #4634, #4641, #4648, #4655, #4662, #4669, #4676, #4683, #4704, #4711, #4718, #4733, #4740, #4755, #4762, #4773, #4784, #4791, #4802, #4809, #4838, #4849, #4856, #4867, #4874, #4895, #4902, #4909, #4916, #4923, #4936, #4943, #4950, #4957, #4964, #4971, #5032, #5039, #5046, #5053, #5060, #5071, #5079, #5087, #5098, #5106, #5114, #5121, #5128, #5135, #5142, #5151, #5160, #5167, #5174, #5181, #5188, #5197, #5206, #5215, #5224, #5231, #5238, #5245, #5254, #5263, #5270, #5277, #5284, #5293, #5302, #5309, #5316, #5323, #5332, #5341, #5348, #5355, #5362, #5371, #5380, #5387, #5394, #5401, #5409, #5414, #5422, #5430, #5435, #5443, #5451, #5456, #5464, #5472, #5477, #5485, #5496, #5503, #5510, #5517, #5528, #5535, #5542, #5553, #5564, #5571, #5578, #5585, #5596, #5603, #5610, #5621, #5630, #5639, #5646, #5657, #5666, #5677, #5686, #5695, #5702, #5713, #5722, #5731, #5742, #5751, #5758, #5767, #5776, #5787, #5796, #5803, #5812, #5819, #5828, #5837, #5844, #5851, #5858, #5865, #5874, #5883, #5890, #5897, #5904, #5913, #5920, #5929, #5936, #5947, #5954, #5961, #5970, #5977, #5986, #5993, #6004, #6011, #6018, #6027, #6034, #6043, #6050, #6057, #6064, #6071, #6080, #6089, #6096, #6103, #6110));
#6112 = MANIFOLD_SOLID_BREP('', #6111);
#6113 = APPLICATION_CONTEXT('configuration controlled 3D design of mechanical parts and assemblies');
#6114 = PRODUCT_DEFINITION_CONTEXT('part definition', #6113, 'design');
#6115 = PRODUCT_CONTEXT('', #6113, 'mechanical');
#6116 = PRODUCT('UNIDENTIFIED_PRODUCT', '', $, (#6115));
#6117 = PRODUCT_DEFINITION_FORMATION('', $, #6116);
#6118 = PRODUCT_DEFINITION('design', $, #6117, #6114);
#6119 = PRODUCT_DEFINITION_SHAPE('', '', #6118);
#6120 = ADVANCED_BREP_SHAPE_REPRESENTATION('', (#6112), #4);
#6121 = SHAPE_DEFINITION_REPRESENTATION(#6119, #6120);
#6122 = COLOUR_RGB('', 0.8999999761581421, 0.8999999761581421, 0.8999999761581421);
#6123 = FILL_AREA_STYLE_COLOUR('', #6122);
#6124 = FILL_AREA_STYLE('', (#6123));
#6125 = SURFACE_STYLE_FILL_AREA(#6124);
#6126 = SURFACE_SIDE_STYLE('', (#6125));
#6127 = SURFACE_STYLE_USAGE(.BOTH., #6126);
#6128 = PRESENTATION_STYLE_ASSIGNMENT((#6127));
#6129 = STYLED_ITEM('', (#6128), #6112);
#6130 = MECHANICAL_DESIGN_GEOMETRIC_PRESENTATION_REPRESENTATION('', (#6129), #4);
ENDSEC;
END-ISO-10303-21;
